3783.1951870101 0.2907223
3783.5219344319 0.3967713
3783.6860761675 0.2792305
3783.9487528899 0.0181508
3784.2564545000 0.0276274
3784.4234616203 0.3476869
3784.6121979313 0.6944335
3784.8288166901 0.0155939
3785.1026414688 0.0199331
3785.3239273800 0.0986093
3785.5782720131 0.0784645
3785.7822508625 0.0209086
3785.9209235798 0.0287527
3786.1510080565 0.0133539
3786.3179625859 0.0515009
3786.4678140056 0.0364407
3786.7903944246 0.3866860
3787.0285609210 0.5700912
3787.2479568351 0.5982826
3787.4068039413 0.2818225
3787.5254311866 0.1279282
3787.7563827915 0.6726899
3788.2468828864 0.4298479
3788.9662505695 0.7534608
3789.5187058437 0.0871124
3789.7759189103 0.4894172
3789.9355701686 0.0843481
3790.2594701993 0.4943640
3790.5053075041 0.3942345
3790.8945513013 0.3595228
3791.1758281484 0.7181916
3791.5653845389 0.3255865
3791.8440958715 0.6001287
3792.1864927598 0.1210868
3792.4567272629 0.1433738
3792.5836320824 0.3768569
3792.8220532963 0.3131766
3793.2312591239 0.4959556
3793.4194706723 0.3789821
3793.7616125588 0.3111286
3793.9054492261 0.3037575
3794.2095098160 0.0167091
3794.4251131983 0.5142037
3794.5636257239 0.3624317
3794.6783403903 0.5705873
3794.9519680200 0.4156184
3795.4233114896 0.5618356
3795.6852760024 0.1074023
3795.8601191733 0.2069285
3796.0883282818 0.7650939
3796.6107538405 0.2803935
3796.8461027144 0.0394424
3796.9734486731 0.0345764
3797.0934692296 0.0517504
3797.2544830412 0.0423911
3797.4704435517 0.0892140
3797.5722407764 0.0565632
3797.9626683736 0.2997077
3798.2158789486 0.1250717
3798.6004238901 0.5012646
3798.8097829086 0.1150962
3799.0301071350 0.2156600
3799.3436986528 0.0482808
3799.5989593530 0.6665444
3799.9712892467 0.0517514
3800.6362850281 0.6992329
3800.8640429584 0.1851433
3801.3892928709 0.0355111
3801.6398637574 0.0784974
3801.9353274638 0.0543169
3802.2045985382 0.0771463
3802.4382356984 0.1111150
3802.6151245501 0.0951069
3802.7625886199 0.5100022
3802.8940595160 0.3305877
3803.0653884243 0.4572629
3803.3606204240 0.3954426
3803.5794659545 0.0221162
3803.8199331412 0.0295173
3804.1656808733 0.0809414
3804.3356707957 0.1304278
3804.5600475546 0.1096520
3805.0928654486 0.4535785
3805.3701979838 0.0498824
3805.6953746870 0.1981142
3805.8750218799 0.3185796
3806.4283916381 0.6773238
3806.8391125647 0.0336985
3807.3001544140 0.4668750
3807.4972467408 0.0745443
3807.7958251303 0.7658188
3808.2315832953 0.7528786
3808.6227769253 0.6600832
3809.0126726193 0.1301616
3809.1979338755 0.2166160
3809.3644839112 0.2856004
3809.6000564076 0.0961417
3809.8146161858 0.6035163
3810.1259215371 0.3047847
3810.6620266992 0.5487135
3811.1308474836 0.0247672
3811.3700750730 0.0269134
3811.8389926352 0.4948278
3812.1228152817 0.2760099
3812.3793785868 0.1630969
3812.9712886669 0.4587831
3813.3278350602 0.0751271
3813.5611384346 0.0282500
3814.0547473103 0.7826048
3814.4743778870 0.4882950
3814.7198002724 0.4370410
3814.9844412516 0.5282944
3815.1999691106 0.1315449
3815.6372728532 0.7615812
3815.8635921973 0.3972240
3816.5102238425 0.0537472
3816.9333498358 0.6051301
3817.4246586672 0.4980838
3817.8275894059 0.1355918
3818.0034543135 0.2657317
3818.5360650014 0.0221747
3818.7229612866 0.5766657
3818.9276634790 0.0733062
3819.3225050506 0.1903436
3819.4273709507 0.2369770
3819.5578857160 0.0862109
3819.7027533912 0.1767196
3820.1428890854 0.0914807
3820.3354236582 0.1153776
3820.5898647387 0.3870708
3820.7587997394 0.1763439
3821.5211127225 0.5781469
3822.2678452312 0.6383842
3822.5692793382 0.0216062
3822.9251795910 0.4797918
3823.3738541457 0.1117270
3823.7276025215 0.0288253
3823.9367106171 0.2099991
3824.3025441253 0.0516719
3824.5981201448 0.5893910
3824.9736726509 0.3757786
3825.1654574662 0.4858832
3825.4039988241 0.5660995
3825.5383975251 0.5504974
3826.0077247670 0.2802557
3826.4928019242 0.2933497
3826.9776616968 0.6148402
3827.4963432123 0.1616089
3827.7112004485 0.1978562
3827.9307265387 0.3356186
3828.1726886409 0.0528844
3828.3901111351 0.1363735
3828.6692526223 0.3553298
3828.9189291312 0.6054481
3829.2476783243 0.3520638
3829.6129711474 0.3280683
3830.4515362255 0.6735727
3831.1556421563 0.1268418
3831.4394889927 0.0396429
3831.5747045925 0.0663252
3831.7155335116 0.0727057
3831.8496855752 0.3515350
3831.9511813697 0.4098827
3832.1226823026 0.1940599
3832.3017152138 0.0141294
3832.7885613351 0.4942991
3833.4020887813 0.7068821
3833.9738263063 0.3713457
3834.1596504256 0.1314223
3834.4013913123 0.4952902
3834.9521792552 0.2269573
3835.3234214015 0.6088691
3835.8162902502 0.0383454
3836.4645863806 0.0847422
3837.1779808198 0.4102735
3837.4248811336 0.4750904
3837.6057230426 0.2222309
3837.8576587765 0.2962638
3838.0054393500 0.1708135
3838.2286947176 0.3648161
3838.5258008674 0.0501247
3838.7381267542 0.0989192
3839.3929893469 0.7037375
3840.0678849619 0.0776853
3840.3480998939 0.5252548
3840.5252337129 0.0650577
3840.7129763707 0.3085242
3840.8730821624 0.3033650
3841.5368932029 0.6552322
3841.8404803857 0.1209446
3842.1467549480 0.6143110
3842.3581237219 0.3156981
3842.5434219467 0.1172190
3842.8241498976 0.1379895
3843.1402695924 0.4828507
3843.2995652865 0.0451905
3843.7259683016 0.0496654
3844.1139599892 0.5696313
3844.3526189532 0.6126691
3844.5683005423 0.0215593
3844.8037265864 0.3129743
3845.0808404023 0.3487112
3845.3354575983 0.2891781
3845.5421462503 0.0675991
3845.6597238079 0.0860074
3845.9818858512 0.1217508
3846.1097165258 0.0759367
3846.2754842168 0.6317747
3846.5620319393 0.6932881
3846.7879820927 0.2970803
3847.0796568598 0.4054351
3847.3798439014 0.2064682
3847.5047697419 0.4439482
3847.7374083465 0.2726528
3847.8958563258 0.5880997
3848.0307078383 0.3196480
3848.4238498284 0.0666421
3848.9425828045 0.1878443
3849.3834002874 0.3811625
3849.6409680493 0.1142315
3849.9349354392 0.0821651
3850.0887253597 0.3406636
3850.4553179705 0.2920459
3850.6354887634 0.2784404
3851.0697923278 0.7310556
3851.5977021215 0.0290018
3851.9169863511 0.6965322
3852.3775177121 0.1617944
3852.6296491659 0.0793922
3852.8363375695 0.0561690
3853.3082823327 0.2093625
3853.5030660207 0.2726539
3853.6699787990 0.6146537
3854.1302048669 0.0717508
3854.2766207341 0.1002928
3854.4337206508 0.1417838
3854.5615497133 0.3396973
3854.7922803643 0.1627076
3855.1547126862 0.0570260
3855.3171991352 0.3128061
3855.4572664023 0.4437155
3855.6668748100 0.1480675
3855.9515686511 0.0692320
3856.4177569681 0.4116582
3856.6956689166 0.3213533
3856.9418283051 0.4613885
3857.1132065696 0.2429173
3857.4770258288 0.7469913
3857.7452118293 0.2035836
3858.0136833545 0.0216589
3858.2373809519 0.0645637
3858.4204893498 0.0163067
3858.7362156105 0.3280373
3858.9732920299 0.1122896
3859.3984749293 0.7569072
3859.7954795888 0.1211921
3859.9688854346 0.3352019
3860.3135963202 0.6025670
3860.5565868012 0.1360278
3861.0175620183 0.6065813
3861.5399979383 0.1174692
3861.7149682735 0.1663934
3862.2611944363 0.4082255
3862.4356344545 0.4684355
3862.6792761288 0.2685160
3863.0783365232 0.0946678
3863.6802447104 0.2565654
3863.9252658260 0.0749955
3864.1607652444 0.1821842
3864.4972874804 0.2240059
3864.8297824592 0.5720610
3865.0644437712 0.0879156
3865.1971613862 0.1197114
3865.3993627422 0.2796755
3865.5958676762 0.1088139
3865.9707374147 0.2724629
3866.2419367767 0.1222808
3866.6295154842 0.7786400
3867.0749059372 0.2075800
3867.5374444441 0.1751139
3867.9260196547 0.1950131
3868.0641771684 0.0430229
3868.3173814117 0.6240450
3868.5211003274 0.0950413
3868.7197868839 0.1888237
3868.8608194465 0.0656042
3869.0210453943 0.4190397
3869.3372215277 0.1940084
3869.5053199249 0.1697642
3869.6480255738 0.0817773
3869.8440997220 0.1575077
3870.2588838605 0.0417842
3870.4830040988 0.1396623
3870.6837547954 0.6821089
3871.0094585124 0.1757370
3871.2534261075 0.2714244
3871.4468659725 0.0723546
3871.5932139615 0.2411540
3871.8930162196 0.1202654
3872.1175644620 0.0271066
3872.3309476290 0.1147534
3872.4736134406 0.3658739
3872.8514966330 0.5208798
3873.1804675257 0.2786672
3873.6106295572 0.8017712
3873.8347304062 0.1833067
3874.0221142287 0.3807209
3874.2143776316 0.7273232
3874.6698497344 0.2035821
3874.8632077631 0.6401493
3875.0573959182 0.6293682
3875.6215380700 0.3163822
3875.8754960241 0.2798423
3876.1784647860 0.2253478
3876.3807037687 0.2409641
3876.8808358741 0.3146057
3877.1444357104 0.5685211
3877.4024493831 0.0676344
3877.5441821273 0.0848030
3877.7741844692 0.1689174
3877.9391562232 0.3982596
3878.0742416175 0.2597176
3878.2967304444 0.1789146
3878.4354743716 0.0469599
3878.5724003756 0.0981779
3879.1302689192 0.7817332
3879.4104007037 0.1987306
3879.6840791087 0.6343309
3880.3039120382 0.2100015
3880.6737676231 0.1588807
3881.2951735566 0.1006136
3881.4874402909 0.3262189
3881.8688093166 0.1871530
3882.1199106589 0.1754760
3882.4390595175 0.1532287
3882.7139202466 0.2322743
3882.9795058415 0.6121818
3883.2343682351 0.2403203
3883.4025255153 0.4465131
3883.6222811795 0.2397173
3883.8040820423 0.1850953
3883.9822490693 0.2798590
3884.1116331254 0.0930241
3884.3956729678 0.6965444
3884.7361193070 0.0939887
3885.4651402291 0.5235553
3885.7292198473 0.1930059
3885.9413223427 0.1090065
3886.3032413568 0.4556465
3886.6175054135 0.5421760
3886.8546237639 0.1795581
3887.0242281754 0.1544787
3887.3951934679 0.6364067
3887.9034094696 0.2900507
3888.1596304864 0.7027357
3888.9912563549 0.0400958
3889.1531206636 0.0433597
3889.6260103930 0.6054047
3889.9362622328 0.3038674
3890.2009003453 0.0707499
3890.7737299136 0.2265477
3891.0171964044 0.2666423
3891.2972990362 0.0954191
3891.4997484766 0.2636090
3891.6682165481 0.1904365
3891.9493725756 0.4335317
3892.2966580750 0.2177706
3892.4838487732 0.0431315
3892.6117067002 0.1716931
3892.8899331267 0.1337458
3893.0334636155 0.4579116
3893.4148587408 0.1163937
3893.6923221903 0.2119338
3894.0056720863 0.3799421
3894.4917830261 0.6076653
3895.0258963994 0.4726008
3895.1735441928 0.7600873
3895.5945050589 0.1341203
3895.7648181560 0.0600327
3896.0889491647 0.4390656
3896.3307879713 0.0485998
3896.5563126493 0.2878918
3896.7706773209 0.7742974
3897.2356579172 0.1829775
3897.5803587770 0.1630712
3897.8851086621 0.0714823
3898.0772861270 0.0212073
3898.2796602280 0.0124534
3898.5606604186 0.5202525
3898.7538669425 0.0332129
3899.0024969427 0.5822277
3899.1251276643 0.7455378
3899.4965705946 0.2478831
3900.1393370493 0.4734508
3900.4967293425 0.0785098
3900.8229288614 0.8071770
3901.3250187180 0.0644845
3901.6485382508 0.7425771
3901.9336891997 0.1583014
3902.0664355590 0.1404765
3902.7006015255 0.2881287
3902.9718589473 0.3549459
3903.3654051161 0.3106839
3903.5341855537 0.1302512
3903.7419779844 0.1668137
3904.0601833085 0.7646166
3904.3577533778 0.3163074
3904.9948902190 0.6310127
3905.4377961726 0.0153059
3905.7384891885 0.0810003
3905.8952303426 0.4370913
3906.1185007291 0.0856681
3906.6417026055 0.4310933
3907.0049939727 0.3035953
3907.4107667985 0.3019448
3907.5967271571 0.7748091
3907.8561292700 0.4545702
3908.0690546145 0.1208546
3908.2169353529 0.0740073
3908.3564315369 0.0491043
3908.5809362090 0.4150163
3908.8790645336 0.0863709
3909.0446743420 0.5538006
3909.3805610254 0.1730814
3909.5217366481 0.0368271
3909.6432700433 0.0864375
3909.8658540572 0.4445929
3910.0330656641 0.2216105
3910.3928887266 0.0970543
3910.6138498188 0.0571228
3910.7701737298 0.4523191
3910.9452245704 0.4606951
3911.4397261672 0.3034106
3911.6374731124 0.2655911
3911.9526923869 0.4444318
3912.1059478799 0.3002771
3912.2811936330 0.1450681
3912.5213062186 0.0366456
3912.8113228281 0.1228555
3912.9277438640 0.1913490
3913.0955344756 0.1844301
3913.3973827093 0.1922420
3914.0859755910 0.2337445
3914.3598079665 0.1319935
3914.5766435501 0.7639393
3914.7427153158 0.5387452
3915.1187941267 0.1601376
3915.4128783816 0.4089910
3915.6087961559 0.3180178
3915.8485486435 0.0235976
3916.3255171888 0.1327230
3916.5866242626 0.1339251
3916.7202570371 0.2615710
3916.9191695036 0.3866646
3917.3511768256 0.2911500
3917.5112776486 0.4217480
3917.8439656591 0.5442399
3918.2930424725 0.6764010
3918.7171592624 0.0599785
3918.9738731458 0.0285095
3919.1974891538 0.0171588
3919.4307857250 0.5079606
3919.7534771548 0.5538999
3919.9991199548 0.0269849
3920.6968632944 0.0198595
3920.9252329441 0.0287939
3921.3782425925 0.7617899
3921.7366666901 0.1852418
3921.9466099089 0.3470324
3922.1539674741 0.5011268
3922.5389723617 0.1752785
3922.6594465623 0.2700962
3922.8233534235 0.3125237
3923.1868438753 0.0892027
3923.5273866068 0.0999237
3924.0311000498 0.8243904
3924.4314630558 0.0203435
3924.5949645834 0.0495099
3925.2821345801 0.0637743
3925.6391776078 0.3675547
3926.3148106924 0.3336158
3926.7593211230 0.4286481
3927.0796669785 0.5789774
3927.4345549290 0.0352884
3927.5734266397 0.1273570
3927.7535550752 0.0196973
3928.0302521946 0.0140148
3928.2243394696 0.0266084
3928.5521417522 0.0643513
3929.0445405438 0.6764708
3929.1977441523 0.2457945
3929.4413806059 0.1865963
3929.7546376996 0.2465258
3930.3261849292 0.1628443
3930.4660298065 0.0821249
3930.8354536351 0.0535536
3930.9947380708 0.1666234
3931.4207772708 0.5585800
3932.0045907953 0.0238711
3932.2397841426 0.1196884
3933.1347607757 0.1130856
3936.4216179454 0.0364789
3936.9391146790 0.1449068
3937.0886100292 0.1439284
3937.6541158735 0.0330748
3938.4482677406 0.2150199
3939.1165834492 0.1001470
3939.5207547615 0.2789112
3940.2524032503 0.0358349
3940.6274671755 0.0200591
3941.1530142539 0.1205302
3941.4568368435 0.0446202
3941.7698300352 0.0299221
3941.9989191570 0.5383886
3942.3934054519 0.3686549
3942.6096972474 0.3262622
3942.8498467650 0.2544526
3943.2674404085 0.0683235
3943.5526725043 0.5701842
3943.8654412521 0.0683620
3944.2320779792 0.1919963
3944.4597399328 0.3643560
3944.6886093417 0.0864996
3945.1329876662 0.6112141
3945.8364778101 0.3239086
3946.0095743852 0.3451194
3946.2391646946 0.3644796
3946.4476085791 0.2106392
3946.9695567205 0.1385711
3947.3100310620 0.0134680
3947.7690113232 0.0607686
3948.1147777769 0.4674748
3948.4978330974 0.2150687
3948.6512545239 0.4738929
3948.8809125352 0.4106048
3949.2184836341 0.5501379
3949.3969196059 0.1109753
3949.8941113808 0.4278552
3950.2451625482 0.3093730
3950.5147408649 0.0150108
3950.7258793886 0.0156585
3951.0753369124 0.6306754
3951.4721644633 0.3982552
3951.9068825191 0.0120584
3952.2838930731 0.5503495
3952.5519471461 0.0121258
3952.7375601843 0.0500993
3952.8865446180 0.0428945
3953.0797641709 0.3818398
3953.3129440981 0.0675042
3953.4810783478 0.0611197
3953.7378206922 0.5607589
3954.0644003853 0.4392017
3954.2661246584 0.4323476
3954.6182832855 0.1438780
3954.9782243036 0.2917727
3955.1755018680 0.0219071
3955.6544534446 0.1394947
3955.8328540253 0.1119826
3956.4569167310 0.4667060
3956.7274038566 0.0160257
3956.8673721122 0.0139904
3957.0777298016 0.3875540
3957.4567256972 0.4730441
3957.5791979790 0.5285821
3957.8020089184 0.6405454
3958.1526209607 0.6082956
3958.5873647936 0.0118288
3958.7476621848 0.1552234
3959.0556668831 0.2349899
3959.3319417337 0.5364709
3959.5339254319 0.0964982
3959.8589377793 0.1198411
3960.3048291159 0.0235122
3960.6044746965 0.0291256
3960.9494019424 0.0506594
3961.4025107155 0.2965103
3962.2663883686 0.2843168
3962.6526571355 0.6703922
3963.2705318763 0.2329985
3963.4898939346 0.2885292
3963.8310682482 0.0536067
3963.9770656439 0.2587452
3964.2318868459 0.4499766
3964.5539800422 0.0751970
3964.8099153460 0.3245434
3965.1509067249 0.0164300
3965.3933236321 0.2267650
3965.6444175040 0.2869091
3966.6344110128 0.1783507
3967.0507479079 0.0700412
3967.1923874998 0.3353150
3967.6323960439 0.1684856
3967.7572287603 0.2338067
3967.9485479773 0.0558089
3971.3815446216 0.0828946
3971.5198021450 0.0970101
3972.1244024292 0.0518379
3972.4530833925 0.2934818
3972.8120354171 0.0154582
3972.9466939625 0.0354172
3973.0920051184 0.0547068
3973.2979035376 0.2201198
3973.5652795829 0.1248886
3973.6881412600 0.1068063
3974.0368664584 0.0691613
3974.2766451320 0.0221848
3974.6966523771 0.4572676
3974.8062796108 0.5028632
3975.0195955586 0.1228812
3975.2883435251 0.1621143
3975.5255526500 0.2637400
3975.7579191012 0.1684017
3975.8840942951 0.3295391
3976.1742920420 0.0116988
3976.3320973623 0.1387946
3976.4755629598 0.0572681
3976.9676866354 0.1761290
3977.2094236550 0.1824875
3977.5131839748 0.1700982
3977.7690301581 0.6382565
3977.9863418632 0.3415306
3978.3115406708 0.0294135
3978.8707874942 0.6195278
3979.2847037326 0.0553489
3979.5829100069 0.1720196
3979.7851745267 0.2925509
3979.9792952509 0.0350471
3980.3142263034 0.0246971
3980.6385546089 0.2734317
3980.7632161619 0.2087227
3980.9125661999 0.0406586
3981.1360337467 0.0685649
3981.7549866377 0.0824261
3982.1040598563 0.0447466
3982.2259831156 0.0925234
3982.3568706352 0.0947940
3982.7425001788 0.0395478
3982.8968167554 0.5963467
3983.1202243496 0.3367426
3983.6101258575 0.2826743
3983.7208800021 0.4233462
3984.1264221879 0.1711658
3984.3223687646 0.2058433
3984.4832041548 0.0612300
3984.6675160143 0.1360649
3985.0709307273 0.6666431
3985.2760162812 0.2233984
3985.4611870460 0.2028466
3985.7911522546 0.2105004
3986.0651676262 0.1341422
3986.5066379490 0.4834110
3986.7359676649 0.0226217
3987.3034576828 0.4945507
3987.8858068426 0.5272059
3988.1903721447 0.2610319
3988.5059487825 0.0386227
3988.7363173527 0.3174855
3989.0920808948 0.0585762
3989.4435860059 0.0109505
3989.6451208288 0.1812980
3990.1241667438 0.2932447
3990.5723249251 0.0172089
3990.8952630703 0.6003467
3991.2344543202 0.0730476
3991.5015884150 0.4096890
3991.6963152230 0.0514130
3992.2485465255 0.4170000
3992.5630409794 0.1319010
3992.8162802282 0.2706525
3993.3740532221 0.1968358
3993.5151648816 0.0821943
3993.7622883049 0.0281453
3993.9556250629 0.2753720
3994.2271687842 0.1870973
3994.4263619220 0.0215353
3994.7384880221 0.0605846
3995.0863795729 0.2099188
3995.2456717919 0.4055364
3995.6391215014 0.2179521
3995.8128164123 0.2335342
3996.4408698816 0.6322258
3996.8781901016 0.1880894
3997.1165216845 0.4928049
3997.3987117420 0.1613324
3997.6942654602 0.0489432
3997.9152424320 0.1231703
3998.0978192552 0.3684777
3998.2415888333 0.2488020
3998.5312841831 0.6713499
3999.0370531163 0.5650086
3999.1867848926 0.6175318
3999.7694606945 0.5789320
4000.1034877359 0.3122619
4000.3647138637 0.0836244
4000.8051000260 0.0167796
4001.1532333141 0.0184601
4001.3851093077 0.3025328
4001.5913624292 0.3673579
4001.9415144865 0.0253935
4002.2869274968 0.1968535
4002.5750772308 0.2081431
4002.7981763941 0.4926858
4003.2061127276 0.1487601
4003.6366320410 0.0638120
4003.7945788177 0.1033489
4004.0632655707 0.2876208
4004.4034098796 0.0231861
4004.6524391990 0.0190409
4004.8984765572 0.3728389
4005.1422653384 0.0339366
4005.2979741321 0.0195454
4006.3834938719 0.7254779
4006.8366035757 0.4533297
4007.0866849439 0.0309748
4007.2844665002 0.1808759
4007.4457447810 0.4438055
4007.7603566577 0.4249974
4007.8938990435 0.3640190
4008.1259008204 0.1867760
4008.4080306431 0.4874554
4008.7243532487 0.0112460
4009.0599216828 0.1095969
4009.5473694053 0.0147987
4009.7426450603 0.0362359
4010.0436249105 0.5010490
4010.2784127786 0.2059341
4010.6809062205 0.1455219
4010.8453870016 0.6471227
4011.1032622327 0.0337641
4011.3076381772 0.1033623
4011.5003624378 0.0195366
4011.7179407620 0.2830801
4011.9093335954 0.1615756
4012.0640409844 0.1837970
4012.5439633706 0.2546456
4012.8480060166 0.2152009
4013.1444206902 0.0162508
4013.3836393308 0.1327583
4013.5241444407 0.5264584
4014.3634804677 0.0222768
4014.7680489427 0.3102334
4014.9462041411 0.5148484
4015.4022731839 0.1860233
4015.6595423545 0.6635224
4016.0572629537 0.0679365
4016.2865582260 0.0292870
4016.7406490160 0.3461188
4017.1380717002 0.0112170
4017.5563022525 0.3478380
4017.9355362761 0.0622016
4018.2691669544 0.6409223
4018.6014649252 0.2807361
4018.9091875751 0.0796083
4019.2355643700 0.6289265
4019.4027765542 0.3679507
4019.9666145620 0.0245900
4020.1867192486 0.1385822
4020.4284043349 0.0394898
4020.9719678883 0.0127968
4021.1839750903 0.2360345
4021.3931572444 0.1913395
4022.0341824807 0.3367040
4022.3252705304 0.0106367
4022.4704088094 0.0717547
4022.7527236772 0.2284870
4023.0050042965 0.6413007
4023.3665795189 0.1518313
4023.5770777799 0.0609676
4023.8758188626 0.2008398
4024.1406386308 0.0598987
4024.5182717325 0.3633070
4024.8218992240 0.1986361
4025.2333536566 0.3076017
4025.7082944025 0.3383313
4025.8657159350 0.5571181
4026.2702591141 0.4840205
4026.5619590618 0.1493589
4026.9564358818 0.2597600
4027.2985517976 0.1011205
4027.5715678339 0.1634465
4027.9107666887 0.0116092
4028.1924727975 0.1732023
4028.5234294094 0.0621159
4028.8047238116 0.1740104
4029.0764212360 0.0721543
4029.4815007138 0.4936909
4029.8987511439 0.1602586
4030.5548723518 0.0169094
4030.7797892016 0.5236846
4031.0004502192 0.0194749
4031.3266463328 0.3638064
4031.6322320498 0.5604063
4031.8999991819 0.8941857
4032.2460975497 0.0278908
4032.3803968349 0.1126327
4032.8728489905 0.3096283
4033.1025331298 0.4526234
4033.5981197371 0.3263105
4033.7752452984 0.5741683
4034.2116432455 0.8574706
4034.7513383668 0.1363702
4035.0521849817 0.0194783
4035.2206567825 0.0207105
4035.3664548562 0.1376069
4035.6297291903 0.8422841
4035.9971240139 0.0332276
4036.2547754191 0.0378838
4036.3833524919 0.0574843
4036.8613380884 0.5759109
4037.1169560434 0.0347935
4037.5105421577 0.0659361
4037.9054394758 0.1481685
4038.2597729402 0.1696888
4038.4537105221 0.0330307
4038.8198320896 0.0783709
4039.0684736540 0.0200591
4039.2598782747 0.0481838
4039.7728766140 0.0848954
4039.9285546551 0.2749839
4040.2296366717 0.1381835
4040.4351136030 0.0164260
4040.7041685871 0.0410136
4041.0787582139 0.0890118
4041.2317135845 0.2729917
4041.4164867241 0.0526622
4041.7820259563 0.3911046
4041.9216620551 0.2186155
4042.1899087005 0.0194777
4042.4999129843 0.7714455
4042.7910790132 0.2566694
4043.0583512352 0.0359114
4043.3839809463 0.0164055
4043.7268417034 0.0546699
4043.8862716095 0.0282709
4044.0476233983 0.1124588
4044.4783180532 0.0499106
4045.0553546043 0.5955729
4045.2791715576 0.0520239
4045.7509014459 0.5246522
4046.2604633381 0.2656385
4046.5367105229 0.3598041
4046.7562965521 0.3508093
4046.9672508744 0.5851910
4047.5908098801 0.0945202
4047.8929206706 0.0351248
4048.1467378930 0.0205337
4048.4477258909 0.1589370
4048.8129774144 0.0596898
4049.2090952905 0.0715912
4049.5084333691 0.0164818
4049.8909459790 0.6628895
4050.1408215039 0.0551892
4050.2864011746 0.0449258
4050.4734766970 0.2667603
4050.7065653828 0.0940896
4050.8707386966 0.1012181
4051.1998985372 0.0201012
4051.4681247232 0.1207346
4051.8187808668 0.2638935
4052.1920839539 0.0314303
4052.3189258961 0.0383741
4052.4753984076 0.0635256
4052.8714904562 0.0260221
4053.0609805333 0.4119955
4053.4402247172 0.2613997
4053.6213298920 0.3889142
4053.8375994837 0.3215697
4054.0827531600 0.0990993
4054.4111052061 0.3341660
4054.5796228599 0.0749144
4054.9700553537 0.4272471
4055.3238887862 0.1816945
4055.5835587414 0.1058871
4055.9831137336 0.5561056
4056.1796140780 0.4483197
4056.6912482063 0.6242285
4057.1779420029 0.0866305
4057.3405825425 0.1211376
4057.4938908414 0.1378533
4058.4974377198 0.3140878
4058.6536713849 0.4439282
4059.0790836884 0.1044982
4059.3619812455 0.5016388
4059.7383774997 0.0739573
4059.9053603278 0.4297820
4060.0716440432 0.5105037
4060.3588979615 0.0645269
4060.5264326446 0.0976748
4060.8637922804 0.3423307
4061.1050144793 0.0402026
4061.4120716697 0.1433078
4061.6322390818 0.0584100
4061.9062941204 0.0798192
4062.2401300474 0.3118548
4062.5795214284 0.0490361
4062.8725578340 0.1521245
4063.1024332976 0.2541243
4063.3737518129 0.0228463
4063.5921706803 0.5580936
4063.7831013472 0.0195215
4063.9007376906 0.0186225
4064.0987183421 0.0115478
4064.4310771773 0.4654951
4064.7524607321 0.6276805
4065.1900988704 0.1496182
4065.3565622484 0.0847590
4065.5940951889 0.2762694
4066.2301772850 0.1910889
4066.5312917307 0.3452695
4066.7292323150 0.0195501
4066.8521919433 0.0396184
4067.2785986590 0.1265527
4067.5157063812 0.2918275
4067.7345575374 0.3629871
4067.9415636150 0.0316463
4068.1325406093 0.6089739
4068.4233834413 0.5059147
4068.6402731056 0.0166570
4068.7460590522 0.0542070
4069.1324067523 0.5556825
4069.6947482495 0.0950502
4069.9956918371 0.0299293
4070.2150590317 0.1595467
4070.4223204893 0.0491384
4070.7567680143 0.1370998
4071.1759252738 0.0390201
4071.4237626892 0.2577058
4071.9240029057 0.5063857
4072.2414912765 0.0529534
4072.6861817708 0.3904471
4072.8995195215 0.6468585
4073.4926645720 0.0368283
4073.6581974652 0.3053409
4074.0531731949 0.0284301
4074.2733238502 0.0275791
4074.6318684587 0.0868649
4074.9153356726 0.4620983
4075.2002224985 0.0202332
4075.4805613749 0.0399453
4075.9391302198 0.4607659
4076.2527668207 0.1943751
4076.4612443444 0.0754200
4076.8505343132 0.0441820
4077.0963021259 0.2981950
4077.3726900417 0.2154774
4077.6474728979 0.3462605
4077.7851224688 0.5155938
4077.9629839426 0.5202568
4078.2289456215 0.0644136
4078.4963190903 0.1522890
4078.8770370608 0.8057714
4079.1103236704 0.1737159
4079.5129724216 0.5334743
4079.9710244028 0.0676266
4080.3762252241 0.6086859
4080.5614779152 0.4643662
4080.9931862951 0.4798236
4081.3638286247 0.4265633
4081.5935161760 0.0144472
4082.0304116862 0.2781264
4082.4061303868 0.2206249
4082.8893292677 0.0142558
4083.2630146481 0.3013207
4083.5882925201 0.3016783
4084.0939684573 0.4649852
4084.3738724054 0.0922063
4084.7688453009 0.6050100
4084.9097258135 0.3967457
4085.1540277048 0.0289682
4085.6487337858 0.5086351
4086.1618931782 0.5032646
4086.4490603610 0.5819832
4086.7188964480 0.0283285
4086.8747321567 0.0152552
4087.1358787500 0.1744351
4087.2826521872 0.0922473
4087.4647659946 0.2584616
4087.8640348321 0.2146205
4088.2508289653 0.3709382
4088.4320941517 0.0419482
4088.7502421279 0.0329283
4088.9460974339 0.0402219
4089.4540687688 0.0111456
4089.7135562920 0.2339863
4089.9889635228 0.0255166
4090.1840666034 0.0415689
4090.3739242912 0.2833086
4091.2288320775 0.2551912
4091.4758517798 0.0483757
4091.6937965015 0.1556984
4092.1108567068 0.2570404
4092.7108571528 0.2962938
4093.1897356536 0.0278002
4093.5454985161 0.3356515
4093.8054093667 0.3392723
4094.1976223627 0.0279503
4094.4154994503 0.0122817
4095.1421595635 0.0162141
4095.5777634123 0.1300405
4095.8442931990 0.0280038
4096.0924772832 0.3814840
4096.4415807986 0.0898824
4096.6344111720 0.0592382
4097.1316874009 0.4798218
4097.2659987945 0.1215946
4097.8359470816 0.0796063
4098.2363102012 0.2523593
4098.8043974345 0.0437529
4099.1222546348 0.0725109
4099.3367419816 0.4679041
4099.6963389314 0.3804485
4100.2021271984 0.0366647
4100.9480905415 0.1982520
4101.1564034741 0.0323468
4101.3197145539 0.2361638
4101.5007529856 0.0616630
4101.9026259594 0.4120773
4102.2683931405 0.0612939
4102.4274587698 0.2448058
4102.8725063809 0.4116924
4104.0996773590 0.4660825
4104.4666225634 0.0609853
4104.6151151963 0.0116375
4104.7653391528 0.0659828
4104.9795954765 0.0131924
4105.2880449154 0.4264414
4105.6123825253 0.0532833
4105.9146706621 0.0338878
4106.1049421566 0.0990199
4106.3209778479 0.1797474
4106.5277177754 0.0294431
4107.4203388624 0.2695710
4107.5862871691 0.3128691
4107.8718294642 0.0446354
4108.1013273333 0.0324020
4108.6510715273 0.5888742
4109.2923724599 0.1140671
4109.6897928569 0.2437079
4110.0713352165 0.0879744
4110.2210886948 0.3688308
4110.6140310412 0.1691981
4110.9620429617 0.5710112
4111.2031013327 0.0266621
4111.6933284398 0.3940619
4112.0270583522 0.1308600
4112.1570259704 0.1446621
4112.5180895524 0.1201749
4112.9423623398 0.3759571
4113.2452829556 0.0106150
4113.4818514741 0.2814744
4113.7194503027 0.0189396
4113.8739565490 0.1352362
4114.1117630325 0.4408512
4114.3808168304 0.0675658
4114.6747010522 0.0133982
4114.8206896885 0.0210681
4115.0156549027 0.0267216
4115.2770807041 0.0185165
4115.6097287004 0.5058503
4116.1015774053 0.3040579
4116.3335189859 0.3315107
4116.5362136664 0.0258892
4117.1379750832 0.0836629
4117.6480796445 0.1620374
4117.8786446867 0.0660585
4118.1217160250 0.0978871
4118.4523675341 0.0129734
4118.7458593603 0.0152671
4119.0167401142 0.2226649
4119.3206691654 0.0748033
4119.7123699982 0.6244486
4119.9440626187 0.5520900
4120.5596040175 0.2318700
4120.8291449135 0.0257367
4120.9556702168 0.0364058
4121.0706166672 0.0594661
4121.3730594027 0.4921254
4121.7798733194 0.0394974
4121.9883374678 0.0485760
4122.4855538978 0.6765423
4122.9693427117 0.4976549
4123.3145064521 0.0665604
4123.6820075749 0.4679399
4123.8248767819 0.3131706
4124.3936823317 0.2413024
4124.6716939330 0.1838517
4124.9122056507 0.4935705
4125.2733917826 0.0101086
4125.6534503194 0.0925917
4125.9472354252 0.1202580
4126.0739095414 0.0762408
4126.3823655814 0.0101697
4126.7891474619 0.3592491
4127.0470282232 0.3333786
4127.3511506496 0.4610199
4127.6779594802 0.1693004
4128.0243333674 0.1073597
4128.5259797060 0.0680368
4128.7754177980 0.5370875
4128.9631196855 0.4431579
4129.2625347121 0.4078138
4129.5263047502 0.0266213
4129.9063982359 0.2141694
4130.3426550376 0.3130354
4130.6268084179 0.1751267
4130.8867888452 0.1583541
4131.1978341726 0.2447105
4131.8221937334 0.1866541
4132.0295336498 0.0538797
4132.2780151664 0.0934757
4132.5213866744 0.0405433
4133.2333104040 0.7232921
4133.7005643865 0.2866448
4133.8769864439 0.0981842
4134.0704336826 0.5781442
4134.5250849051 0.0334773
4134.7732801203 0.1474222
4135.0147018910 0.3952300
4135.3571238678 0.0266700
4135.5882502616 0.3511619
4135.8477587529 0.6359782
4136.0717840865 0.0153360
4136.2010408071 0.0575158
4136.4627815043 0.0422529
4136.6097282208 0.0375735
4136.9161729832 0.0527974
4137.1030894540 0.0120077
4137.6919458531 0.3132254
4138.1681509836 0.4902132
4138.4387112551 0.0772229
4138.5798753379 0.1938803
4138.8185049224 0.1572793
4139.1419689588 0.0280733
4139.2797948674 0.0224221
4139.5370072227 0.0712923
4140.0124526493 0.0301551
4140.2537966471 0.0368315
4140.5118950161 0.0130432
4140.7652257560 0.0128302
4141.1007387838 0.4134887
4141.4121820042 0.0343796
4141.5770174632 0.2811517
4141.9151824576 0.0256006
4142.2303476150 0.0545413
4142.8193348963 0.0118752
4143.0348486485 0.3118096
4143.3458858461 0.1579141
4143.4759295386 0.0689493
4143.6300433095 0.0871987
4143.7545746374 0.2389349
4143.9983090771 0.0273867
4144.2396654539 0.0234130
4144.5992990004 0.6662123
4145.0465648055 0.7136382
4145.6768628140 0.0294875
4146.0161383578 0.0147392
4146.1672874340 0.0503639
4146.3705662736 0.1115132
4146.7220456374 0.0609139
4146.9341772380 0.1783816
4147.2324412749 0.3030005
4147.3927894533 0.0538373
4147.6564245043 0.0172761
4147.8495448131 0.0351270
4148.1569094469 0.1512124
4148.5133492946 0.1690318
4148.6566637194 0.0689643
4148.8435625186 0.5948864
4149.4125747069 0.0188890
4149.9508894407 0.0327705
4150.3712291419 0.3141772
4150.5361899424 0.4547618
4150.9353265571 0.1681471
4151.4215805789 0.3814069
4151.6039064324 0.1156957
4152.1388923105 0.1495037
4152.9395579954 0.0916354
4153.1245084085 0.3162376
4153.3347304566 0.5263499
4153.7595876803 0.0146270
4153.9380262172 0.0605155
4154.0822849442 0.0121166
4154.2482955135 0.0380829
4154.5574774552 0.1242823
4154.7919394095 0.0540146
4155.0727982273 0.5675805
4155.2714867141 0.3058634
4155.6750585226 0.5800695
4155.9818564219 0.5823700
4156.3938278741 0.0130820
4156.7063280196 0.0112152
4157.0887562984 0.1147676
4157.2556043301 0.1361380
4157.4705795894 0.4539095
4157.6237197177 0.1846368
4157.8464894809 0.3150692
4157.9758199774 0.6046715
4158.3675563293 0.0741866
4158.9566825328 0.5623891
4159.1777526421 0.0563946
4159.5516532206 0.0765955
4159.9676066254 0.4929122
4160.3555036452 0.4093485
4160.8164797362 0.0363021
4161.0327329750 0.0210915
4161.2635286869 0.0628740
4161.5377234280 0.2506879
4161.7339223096 0.0944109
4161.9479113359 0.0574758
4162.2549597621 0.2483585
4162.3783367909 0.2285459
4162.6939843226 0.4482531
4162.9722035911 0.1394311
4163.2913308962 0.0124834
4163.6374173107 0.0813672
4163.8324154498 0.0779438
4164.1008462737 0.0136710
4164.6618315379 0.0763531
4164.8252760046 0.5344478
4165.1836205363 0.0191950
4165.4606310220 0.1487124
4165.8168309527 0.0590379
4165.9557231524 0.0543993
4166.2873962328 0.0512081
4166.5613563403 0.2659734
4166.7616087105 0.1618570
4167.1827042210 0.0390474
4167.4742485210 0.0339371
4167.8448962144 0.0203816
4168.1416834103 0.0264915
4168.4518730913 0.5346665
4168.7355953722 0.0703465
4168.8923297931 0.0390430
4169.1309853766 0.2684309
4169.7933825913 0.2198706
4170.1207349259 0.2788128
4170.4956833829 0.0188316
4170.7906749024 0.1274930
4170.9388185823 0.1446453
4171.3448314776 0.0530586
4171.6582538520 0.0101180
4171.8007598742 0.0155939
4172.0834350159 0.5161970
4172.2181291397 0.4347468
4172.5902050679 0.0135658
4172.8693280093 0.2917119
4173.0823674804 0.4171810
4173.2957969639 0.5208260
4173.9175900155 0.5627356
4174.1437933602 0.1556705
4174.4946084365 0.3539755
4174.6654743989 0.6150699
4175.1048076117 0.4628825
4175.5708453195 0.0770907
4176.0933176800 0.5754861
4176.3044469939 0.1399013
4176.8173257104 0.6002634
4177.0842450378 0.1126225
4177.7483743571 0.5050536
4178.0438232088 0.0665034
4178.2530622794 0.0946316
4178.5065666304 0.1140840
4178.7506028985 0.6539323
4179.0202774116 0.0691498
4179.2279786099 0.3243461
4179.5972625907 0.0641089
4179.7947794084 0.0227970
4180.0368262865 0.4485070
4180.5561167256 0.3936229
4180.9916309216 0.0521736
4181.1995693145 0.0117619
4181.5793291073 0.1203740
4181.9860903837 0.2110163
4182.3666452768 0.0432488
4182.7342632272 0.2074317
4182.9396432811 0.6406718
4183.1449597485 0.3265513
4183.5643508115 0.4554019
4183.9405849146 0.2968475
4184.1860218377 0.1312922
4184.6256110816 0.2322602
4185.1736885160 0.3756339
4185.4885303076 0.2697941
4186.0762686189 0.5603185
4186.5342421104 0.0471250
4186.7484848037 0.0425631
4186.9570835466 0.0418802
4187.3011459871 0.1545656
4187.5412286402 0.0933969
4187.7972336607 0.2598839
4188.2262162611 0.6671963
4188.7745456527 0.3904637
4188.9872996382 0.6852605
4189.5000659722 0.0103650
4189.9144133972 0.4420035
4190.1591389319 0.1349978
4190.7430583369 0.2422736
4190.9920476114 0.0302398
4191.1672588798 0.0449899
4191.4174185420 0.0839905
4191.5768118508 0.0192952
4191.8884187451 0.1196491
4192.0809923397 0.0220538
4192.6179204819 0.6514332
4192.8602485614 0.4172974
4193.2131483020 0.1117371
4193.7520957476 0.2494237
4194.1020604799 0.0102247
4194.2880977319 0.0257140
4194.4652159239 0.0222616
4194.6131093882 0.0136854
4194.8388310231 0.1004752
4195.0041849390 0.0668979
4195.6724934224 0.0539933
4196.0243785324 0.0981919
4196.5191575371 0.5609791
4196.7994722293 0.3546782
4197.1363330793 0.0164418
4197.3936673225 0.4981268
4197.7206751882 0.2541705
4197.8554397801 0.1196413
4198.2792114875 0.1432719
4198.5444016438 0.0405018
4198.8584164622 0.0253032
4199.2562969480 0.3531187
4199.4788623206 0.7124938
4199.8168862709 0.4931155
4200.2864063279 0.6724232
4201.1613424236 0.2984727
4201.6410264114 0.1432611
4201.9348195086 0.1416470
4202.1113093834 0.4175222
4202.4360825713 0.0226249
4202.9061731849 0.1825464
4203.2232945263 0.7306678
4203.5306498553 0.1403526
4203.9394642509 0.2506980
4204.1261924945 0.0421705
4204.3106221351 0.1236425
4204.7588463451 0.2845072
4205.1596083903 0.6626384
4205.3873490685 0.0632897
4205.6525681429 0.0396067
4205.9312848401 0.2929816
4206.2481212220 0.2799158
4206.5748971531 0.1598254
4206.7255132119 0.3473457
4207.0922096109 0.0170861
4207.3297432918 0.0142173
4207.4805345272 0.0451208
4207.8789021200 0.5837266
4208.3159653497 0.4406082
4208.5907129793 0.1663941
4209.0039977398 0.0754369
4209.5490224481 0.0289867
4209.7925979180 0.4394882
4210.1701979852 0.2460502
4210.5553968676 0.0795319
4210.7786998179 0.0588132
4211.0055346255 0.1567625
4211.5464727773 0.7054250
4212.1496897975 0.2847244
4212.5156627278 0.0452561
4213.0759537539 0.2173146
4213.8256964303 0.2706167
4214.3551049042 0.0161262
4214.8382902463 0.4734498
4215.0690603120 0.0896180
4215.5395066421 0.0169269
4215.6747112929 0.0133412
4216.0252899894 0.0281325
4216.2428056873 0.0497133
4216.7220430381 0.7743706
4217.1599302555 0.1742180
4217.3770975934 0.6108948
4217.7866676589 0.1529489
4218.4164800216 0.2821051
4218.7418149565 0.5485044
4219.2405116123 0.0229198
4219.4111056363 0.1266888
4219.5738998228 0.1295290
4219.9134267055 0.3064764
4220.3929763780 0.1451182
4220.5651629612 0.6840620
4221.2402208118 0.1470879
4221.5332755572 0.4033545
4221.8247088174 0.0296970
4222.3530479640 0.0162561
4222.4851543465 0.0125250
4222.6602655194 0.1310206
4223.4078823075 0.6289384
4223.7877710840 0.0818861
4223.9209661934 0.0409537
4224.2737770819 0.1309987
4224.7309410986 0.2461869
4224.9202660355 0.0904698
4225.3655212873 0.5412468
4225.7012551549 0.4038181
4226.0461503785 0.3095390
4226.4177294987 0.1153416
4226.6482997467 0.5220734
4226.9055401775 0.1834950
4227.1503262085 0.4061006
4227.6322227564 0.3570078
4227.9292026027 0.6959214
4228.6229597305 0.5824082
4228.9361552662 0.1016857
4229.1313361551 0.1641372
4229.4953505554 0.0270749
4229.9098831312 0.0737897
4230.7062683646 0.3286609
4230.9611357080 0.3999659
4231.4329525391 0.0173060
4231.7532991974 0.0813247
4232.2142557188 0.3492908
4232.8284496201 0.1564663
4233.1452871394 0.1376203
4233.4032299537 0.0267820
4233.5835208674 0.0656957
4233.9222011838 0.2394458
4234.1137881442 0.1739562
4234.3638369970 0.5575690
4234.8019261399 0.6662778
4235.1904651017 0.0343545
4235.4180897672 0.0337080
4235.7416124865 0.0494013
4236.3334518992 0.2634997
4236.4794699152 0.3392925
4237.1417338948 0.6815881
4237.4486188978 0.1402825
4238.0017192223 0.1525373
4238.1329768432 0.0302353
4238.3759966955 0.4671273
4238.8669122114 0.0770510
4239.2193650146 0.4474404
4239.5835870695 0.1192553
4240.0063350957 0.5327249
4240.5563907082 0.2326951
4240.9291446565 0.4305309
4241.0502383501 0.3013965
4241.3987390295 0.0484879
4241.5845584930 0.3864827
4241.8956535591 0.1226070
4242.3143656107 0.1573138
4242.7104147209 0.0247636
4243.3577472611 0.1225670
4243.5810574735 0.3803485
4243.7975528962 0.2265224
4243.9244853353 0.2991579
4244.5669633747 0.2683687
4245.0133153822 0.1983258
4245.5620034104 0.0480367
4245.9905325088 0.0218552
4246.2843252577 0.0722556
4246.4752344629 0.5790244
4247.2748468457 0.3671483
4247.6007078300 0.0184116
4248.0321718241 0.7579762
4248.6232211186 0.5042136
4248.9210765188 0.1173200
4249.2583830325 0.0628428
4249.4285862017 0.3869099
4249.6113207429 0.0778912
4249.9186369599 0.2350136
4250.1372804043 0.2321112
4250.6929582738 0.2012606
4250.8307955021 0.2659983
4251.3248884958 0.6774447
4251.6372800489 0.0130543
4251.9927362354 0.8143879
4252.5341784308 0.0742572
4252.9338076232 0.0465440
4253.2658744978 0.0384073
4253.4924472292 0.0643997
4253.6514043779 0.0231842
4253.8318771890 0.1233528
4253.9494883462 0.1177360
4254.1999314893 0.0958806
4254.4047790444 0.1069227
4254.5638687388 0.0241779
4254.7355019385 0.0295681
4254.9387080930 0.1003328
4255.1049862163 0.1782410
4255.5427495027 0.7880926
4256.1712728061 0.2932755
4256.4481502770 0.2193414
4256.7026403067 0.2282467
4256.8282783445 0.1841963
4257.0321596987 0.2936641
4257.3788988753 0.1144244
4257.8012759446 0.0525138
4258.0050443902 0.1191280
4258.3289003765 0.0117178
4258.5477264187 0.0228701
4258.8558400499 0.1894500
4259.3586205174 0.2218442
4259.5192267844 0.4306537
4259.8145934081 0.1811326
4260.1540217390 0.2085678
4260.2991739362 0.0674105
4260.4945395767 0.1347347
4260.9616544777 0.0783768
4261.3215914492 0.3603652
4261.6840920650 0.5961415
4261.9205017512 0.1866351
4262.4212448016 0.2074789
4262.7287595418 0.2215645
4262.9336259512 0.1631950
4263.1500616807 0.3124009
4263.5417524900 0.0715775
4263.9046792821 0.0719951
4264.3367899437 0.2211180
4264.8051436397 0.0841388
4265.1736672749 0.0967207
4265.4157116961 0.3645532
4265.6653540142 0.0989317
4265.9377853608 0.2396236
4266.4621997220 0.2564894
4266.7297518677 0.0201984
4266.8713899266 0.0446949
4267.1206158272 0.2183699
4267.4064310229 0.0214012
4267.9359574615 0.0739291
4268.1658113729 0.4402913
4268.5876790626 0.2312844
4269.0153849774 0.5995979
4269.3062460420 0.2510296
4269.9533216969 0.3137691
4270.2189545231 0.0263301
4270.4859875677 0.1177737
4270.6888351450 0.1307888
4271.0429188869 0.1608749
4271.3714352004 0.1418016
4271.7068295320 0.0422395
4271.9247383987 0.0148071
4272.3654791767 0.5956974
4272.9751844708 0.6093602
4273.4825142416 0.0603879
4273.7406484420 0.1356167
4274.0781573735 0.0849190
4274.5311721524 0.3670478
4274.6791747998 0.2307199
4275.0971168323 0.3576043
4275.3910369702 0.2154766
4275.7991993140 0.1929061
4276.0088706704 0.7837655
4276.5864980153 0.0709188
4276.7625328320 0.0767358
4277.2857032662 0.0534715
4277.4725871650 0.0502317
4277.6358704610 0.0639123
4277.8796681890 0.2498680
4278.1974120530 0.1152072
4278.4363234574 0.0980924
4278.7327750558 0.1553214
4279.4218474013 0.3900347
4280.0537278266 0.1357981
4280.2679987667 0.1077424
4280.6910295891 0.2844926
4280.9208126372 0.3621729
4281.0731366055 0.1700699
4281.2345915741 0.1842081
4281.4210733210 0.1820163
4281.6055237543 0.1089194
4281.9879319217 0.1694018
4282.1671461291 0.1433991
4282.2988984910 0.2880305
4282.5769003058 0.0743722
4282.8001482284 0.0174228
4283.1737297581 0.2736791
4283.6143576525 0.6664695
4283.9778082106 0.1505316
4284.2173864476 0.6872637
4284.6096659951 0.0174068
4285.4241974615 0.3112493
4285.6125243376 0.0648656
4285.8881171439 0.1807363
4286.0386409730 0.1160493
4286.2094776719 0.2450290
4286.6475033592 0.5515189
4287.0189119552 0.2243747
4287.2284420668 0.3487362
4287.3916038592 0.1939676
4287.6815712469 0.4175218
4288.2037231033 0.3292511
4288.6131147176 0.3081593
4289.0914507176 0.4663835
4289.3551817006 0.3109024
4289.6182518201 0.0234355
4289.9383563141 0.3336347
4290.1673030135 0.3317360
4290.2825666861 0.3954997
4290.5754199669 0.6216156
4290.9325317917 0.7585806
4291.1222830577 0.2175727
4291.4279441970 0.6374677
4291.5842064291 0.3301131
4292.1361204507 0.5538344
4292.3289674018 0.4352615
4292.6756251614 0.5225808
4293.3020168474 0.3924858
4293.4959801832 0.2205790
4294.3065147364 0.5269805
4294.7551520922 0.0331418
4295.0107290289 0.0945902
4295.3320272958 0.7862931
4295.9849879161 0.2895901
4296.2471117159 0.3139587
4296.4233233071 0.3855618
4296.9606446457 0.3181673
4297.0916149421 0.1769410
4297.2775988136 0.0621010
4297.4185409422 0.1000567
4297.7988011763 0.4842774
4298.1721636275 0.4101219
4298.4646438621 0.4064249
4298.7350957251 0.2563461
4298.9531566225 0.1307527
4299.2338926203 0.5427440
4299.3981497409 0.1806473
4299.7216110238 0.0420275
4299.8815935108 0.3845521
4300.0183754973 0.2003108
4300.1994960128 0.5254737
4300.4521241013 0.5956578
4300.6875753936 0.0657735
4300.8500577787 0.2235249
4301.0368931177 0.1427447
4301.2600675724 0.6072953
4301.5180627136 0.2263398
4301.7793134013 0.4633216
4302.0188132097 0.2764839
4302.3054246369 0.5755551
4302.7094861495 0.0286968
4303.1337512257 0.5877215
4303.4321517247 0.4515831
4303.7458896974 0.7390174
4303.9579238856 0.2128859
4304.1143996539 0.2600075
4304.3799440442 0.4878691
4304.6349360999 0.1914124
4304.8029110327 0.1834937
4305.1181557538 0.4502475
4305.4673121235 0.2123436
4305.5992336758 0.1859980
4305.7758034097 0.3862544
4306.0565871899 0.1429560
4306.3206047613 0.2657413
4306.6594290359 0.4492554
4306.9241198952 0.3366702
4307.1252213617 0.4796300
4307.3489955911 0.2827839
4307.5649433325 0.0248960
4307.9135291665 0.4869933
4308.0516498108 0.4085163
4308.5190271168 0.2565294
4308.7889205868 0.4182837
4308.9684154429 0.4486964
4309.1211888415 0.6919582
4309.3725846476 0.1461337
4309.7996019421 0.3616512
4310.2606087169 0.2107203
4310.6039730024 0.5601426
4310.8612517676 0.4069478
4311.0815749636 0.1756579
4311.3196859882 0.3539167
4311.6556136297 0.3445992
4311.9083318668 0.2245964
4312.1864975672 0.3019872
4312.3720564013 0.3053632
4312.6895038940 0.2873896
4312.9230450386 0.2580237
4313.3298183464 0.3436786
4313.5063394245 0.2983528
4313.7876332599 0.2382697
4314.0824137530 0.4963821
4314.8418497618 0.2433228
4315.2994866721 0.6566590
4315.5067077069 0.3046144
4315.7213754606 0.0717124
4316.0161151359 0.2755340
4316.2997506908 0.6429108
4316.6592841900 0.0153462
4316.8076917062 0.0147693
4317.1497523202 0.0126437
4317.2765850319 0.0243747
4318.0115242593 0.2421770
4318.1689984515 0.0295139
4318.5345347030 0.0592531
4318.9338212130 0.0269352
4319.2807679960 0.0381557
4319.5746315062 0.0274372
4319.8689119164 0.6380292
4320.1497533620 0.0452863
4320.6624512886 0.0435535
4320.8467834180 0.0397902
4321.3408761721 0.0164221
4321.5816005066 0.0485099
4321.7126362167 0.0525204
4321.9578878226 0.6026022
4322.1686048241 0.3999952
4322.4300033182 0.0137769
4322.6175154558 0.0220551
4322.8692714138 0.0892908
4323.0085347692 0.2268427
4323.2604858391 0.0208736
4323.7211394425 0.0417883
4324.2309911196 0.2541247
4324.4378502886 0.1657915
4324.7265434162 0.2230103
4325.0645658816 0.2359445
4325.3328369376 0.1556609
4325.6224297732 0.1910478
4326.0315245079 0.1096558
4326.2141880333 0.5584728
4326.5722370699 0.1512003
4326.9906742645 0.5775694
4327.5676177511 0.0936301
4327.9731294871 0.2882832
4328.1277113163 0.0621487
4328.3226376699 0.3924049
4328.6631219791 0.0118378
4329.1322301494 0.2622714
4329.8216509151 0.0731337
4330.0961349321 0.0107301
4330.2396936326 0.0274812
4331.2247579279 0.0738875
4331.4597679809 0.2061014
4331.6330159439 0.1058065
4331.9204868304 0.3661268
4332.1726905281 0.1124955
4332.6452590272 0.0402630
4332.8638887619 0.3097868
4333.2274720767 0.0114264
4333.3829971281 0.0138228
4333.7976522018 0.0655773
4334.1247726141 0.0839090
4334.4257683229 0.0393343
4334.5957583513 0.0302440
4334.9792718834 0.1792140
4335.3904426636 0.0583612
4335.8831833682 0.0459805
4336.0137969267 0.0212402
4336.1489958818 0.0433463
4336.4921320622 0.0746960
4336.6589062262 0.0244644
4337.0075818151 0.0101463
4337.1472450156 0.0182571
4337.4823258581 0.0128855
4338.2720341724 0.5737912
4338.4699506728 0.1186567
4338.7815181600 0.4254003
4339.1415696162 0.5657856
4339.4851545498 0.1999589
4339.6610831153 0.0267924
4339.9133518998 0.0937824
4340.3383198209 0.0399893
4340.4855365415 0.0326673
4340.6746411752 0.3962328
4340.9391212645 0.2505803
4341.6993498146 0.5211358
4342.5848159356 0.2859879
4342.9374705119 0.0250593
4343.4053225452 0.0320434
4344.4589685841 0.2888489
4344.7064338105 0.0685052
4344.9212983075 0.2464867
4345.1840309526 0.0916208
4345.5085103984 0.3928508
4345.7293846879 0.5193435
4346.1095251936 0.0877858
4346.2927589274 0.0211962
4346.8049338436 0.0217837
4347.1033458814 0.0437740
4347.3399194545 0.0210435
4347.5126406027 0.1350594
4347.7791773323 0.2712709
4348.0509115902 0.1034107
4348.4590479385 0.1287119
4348.7643834910 0.1008731
4349.0587962992 0.2143614
4349.1857568147 0.1600683
4349.5563539851 0.1383237
4349.8604674976 0.0147433
4350.1652254702 0.1968912
4351.0106602519 0.0286880
4351.4612826189 0.0317213
4351.8085173942 0.0525683
4352.0576167598 0.2204054
4352.2746494853 0.3652612
4352.6090405114 0.0122817
4352.7724097625 0.3260116
4352.9980225272 0.5766031
4353.1354147010 0.4522083
4353.4755563722 0.0895627
4353.7791596763 0.1193865
4353.9632135330 0.5709979
4354.3862964975 0.0557184
4354.6954252674 0.0506664
4355.1756321700 0.0354747
4355.4825902998 0.0495448
4355.8307118254 0.2233554
4356.3126774236 0.3527925
4356.5762135650 0.0950751
4356.9211904347 0.0930618
4357.2145533583 0.1087125
4357.5845784427 0.1403118
4357.8255710414 0.1203332
4358.1287579524 0.0396720
4358.5133928444 0.0283206
4358.7390779145 0.0742905
4359.1071962398 0.0470280
4359.3943508122 0.0951811
4359.7329897183 0.4080369
4359.9473251019 0.1600892
4360.4179890747 0.0211243
4360.5679497423 0.0528774
4360.8408403017 0.2792026
4361.5132016448 0.1409971
4361.6982766373 0.1523337
4362.0169638147 0.1525294
4362.4931625093 0.0554430
4362.8825760076 0.0100171
4363.3177923050 0.0614201
4363.7566919931 0.1451746
4363.9652064385 0.1052991
4364.3298672929 0.1429900
4364.5141114492 0.1638303
4364.6914851769 0.0356003
4364.8247678367 0.0580274
4365.2653641546 0.1081057
4365.4093742591 0.1252180
4365.8829568229 0.0496229
4366.4864345067 0.0100813
4366.7542202801 0.0677239
4367.1265963508 0.2199918
4367.7294912349 0.0911673
4367.8914923579 0.1630756
4368.1370672952 0.0210090
4368.4155458760 0.0188338
4368.8330061801 0.5929264
4369.1348475431 0.3775660
4369.3562606102 0.0667373
4369.5181629985 0.0606215
4369.8612646563 0.0768802
4370.1221649111 0.0244164
4370.6341102567 0.1839401
4371.0028135874 0.4725977
4371.3698796177 0.0306436
4371.5114230469 0.0492731
4371.8818300978 0.0117875
4372.2391488631 0.2417721
4372.5099248512 0.3484689
4373.0241964854 0.0316636
4373.5706276189 0.0403906
4374.0616600364 0.1347182
4374.2154185640 0.0904441
4374.4871531272 0.1245271
4374.7939787110 0.2766238
4375.0423348788 0.0698846
4375.4140980432 0.3077724
4375.6957946412 0.5930200
4376.1678902371 0.4366065
4376.4292194628 0.0881695
4376.8555945007 0.1551454
4377.1698395018 0.7017417
4377.4518014121 0.0206558
4377.6244721125 0.0282435
4377.7838205447 0.0486191
4378.0075900316 0.2236613
4378.4627771701 0.2043058
4379.0193239519 0.1193385
4379.4870845138 0.1833237
4379.7378661861 0.0431156
4380.1430876200 0.1278464
4380.4645252203 0.4868623
4380.7621813581 0.0130410
4381.0023214595 0.1216442
4381.2933188245 0.2185084
4381.7210376063 0.0710379
4381.9550839839 0.2279225
4382.3319242977 0.0638369
4382.5305782851 0.0146504
4382.9306657124 0.0151813
4383.1266668616 0.0400866
4383.3995409667 0.0388994
4383.7534012810 0.1003244
4383.9901755293 0.2709382
4384.2322540249 0.1534702
4384.7889573334 0.5669178
4385.3361137090 0.1147757
4385.5446555134 0.2194708
4385.7698644078 0.0869180
4385.9415884357 0.4268367
4386.2109357955 0.3160645
4386.3547380598 0.0793814
4386.4688193164 0.0790032
4386.6153234125 0.3944786
4386.8867655149 0.0644586
4387.0861255426 0.0455379
4387.2895768780 0.0781892
4387.6903473843 0.0330743
4387.9231652951 0.0234996
4388.0814889753 0.2770386
4388.2910689560 0.1789695
4388.7128026657 0.0425764
4389.1276005295 0.3799043
4389.6431285558 0.4494405
4390.0969558416 0.1512996
4390.4824161907 0.3933020
4390.8630404066 0.0408238
4391.0381061490 0.0359664
4391.2167213064 0.2746998
4391.5332376474 0.0201977
4391.7151279379 0.1880816
4392.2102888558 0.4944243
4393.0029004760 0.2206346
4393.3004640174 0.1171094
4393.5364645228 0.0201157
4393.8182704742 0.1272327
4394.2444725221 0.0582875
4394.5189484436 0.0708987
4394.7558194196 0.1162956
4395.0279232369 0.0275522
4395.2974645896 0.3801854
4396.0801410343 0.1496420
4396.2732668985 0.6634319
4396.4801956389 0.3098944
4396.7299471002 0.1478344
4397.0782826317 0.3683536
4397.3383031889 0.0635232
4397.5449163673 0.0712401
4398.1946867683 0.1288827
4398.3738209185 0.0303356
4398.5017336653 0.0175061
4399.0006325039 0.0108125
4399.2514505192 0.2369468
4399.5279306652 0.1231674
4399.7219513283 0.0667001
4400.0746768312 0.0312783
4400.2944937307 0.0101928
4400.4562790022 0.0333973
4401.0069283690 0.5546555
4401.4174431587 0.0893988
4401.6318716500 0.5509809
4401.8110721806 0.1161671
4402.0890818229 0.1330231
4402.2547844579 0.1314527
4402.5285265565 0.3501399
4402.7772134345 0.4579600
4403.5746322811 0.0187820
4403.7005606183 0.0144253
4404.0692756905 0.0393898
4404.4146935455 0.1550603
4404.6038002584 0.0785971
4405.2093615235 0.0508340
4405.5127717626 0.1444131
4405.9993657857 0.5526022
4406.9613964857 0.0613621
4407.3740458794 0.0530875
4407.8848385127 0.2188215
4408.5086145665 0.0466776
4408.9344554890 0.6121041
4409.1724379441 0.0138086
4409.4423297371 0.2248335
4409.6653327258 0.5486978
4410.3629062099 0.1413199
4410.4777726263 0.0998158
4410.7593198621 0.1962742
4411.2625044789 0.0613165
4411.7606756458 0.1917071
4412.3153561142 0.2651035
4413.1698109960 0.2223962
4413.4893147572 0.0829717
4413.6540847553 0.0113546
4413.9395686527 0.0183035
4414.1153668372 0.0129684
4414.3533258819 0.0175517
4414.6347616034 0.0192183
4414.8365560389 0.1216607
4415.0785843867 0.0555962
4415.3504431555 0.0382542
4415.7806514526 0.0419389
4416.1381662444 0.2920842
4416.3738351178 0.6637697
4416.7965076911 0.5257137
4417.7121535263 0.0513015
4418.0646737551 0.3886848
4418.5287293374 0.1173736
4418.9594376926 0.5442518
4419.2762855326 0.0141164
4419.5790079204 0.3703375
4420.0203087093 0.0408443
4420.1737609798 0.0317643
4420.3284161274 0.0242206
4420.5070786020 0.0410863
4421.0236318149 0.0343060
4421.5273355027 0.1047742
4421.7682304394 0.0225917
4421.9090978344 0.0560916
4422.3744017241 0.0280571
4422.5630092714 0.0286141
4422.8115547055 0.0410485
4422.9980911174 0.0510783
4423.1832608492 0.1966264
4423.8135217768 0.4720645
4424.0745114922 0.0536881
4424.2106307773 0.0359118
4424.3805747473 0.1125084
4425.0851499948 0.2283612
4425.3157614552 0.0647269
4425.5439407847 0.1203240
4425.8253976666 0.0652792
4426.0523625466 0.0185126
4426.3897169919 0.0148022
4426.6837727856 0.6089785
4426.9018894244 0.0216513
4427.2789276605 0.0838002
4427.6594887258 0.0260719
4428.3459238027 0.2739503
4428.5587189006 0.6266487
4429.1447407634 0.0364743
4429.5030451056 0.0121195
4429.7907424775 0.0734667
4430.5015970678 0.0534375
4431.1550013672 0.0842286
4431.2872286610 0.0344364
4431.4377877469 0.2381590
4431.6091088256 0.0342444
4431.8621604980 0.4881782
4432.2804048845 0.0488327
4432.5960315522 0.1163582
4433.0856860637 0.1339320
4433.3867504639 0.1320031
4433.8157367850 0.2209154
4434.4698044893 0.4182435
4435.0293133691 0.3158444
4435.2315878802 0.1057471
4435.6748577002 0.0725688
4436.2099801646 0.6253592
4436.3952404316 0.4218823
4436.9285050880 0.5667754
4437.3857068042 0.0659895
4437.5945964314 0.2188759
4437.8495927434 0.0206253
4438.1905979595 0.3055807
4438.8132457939 0.0780029
4439.0815891360 0.0789395
4439.5909781948 0.1733948
4439.8681311703 0.0178176
4440.4116422965 0.0280572
4440.8821832267 0.0592641
4441.1314848012 0.1906198
4441.7223105345 0.1205049
4442.0705351901 0.1410575
4442.3312659892 0.0921986
4442.5147240963 0.0153046
4442.9706996309 0.2913424
4443.5935600551 0.5721174
4444.0811359133 0.2814225
4444.2450492089 0.0758476
4444.4454967969 0.5253136
4445.0555371552 0.6588588
4445.4690085187 0.0801176
4445.8059012625 0.3450826
4446.7229144411 0.1391839
4446.9385543970 0.0258055
4447.0978955793 0.0155087
4447.4820405143 0.0133018
4447.6412067908 0.0480611
4448.0894645712 0.2704482
4448.3814168096 0.2865636
4448.6164350466 0.0157677
4448.9746836462 0.5665776
4450.2020304856 0.0237662
4450.3955748189 0.2337684
4450.5806721850 0.0380739
4450.9613931033 0.0197018
4451.5679245545 0.2200560
4451.7358283279 0.5095725
4452.0068586444 0.0638561
4452.1454864085 0.2154489
4452.8324064205 0.3968246
4453.2512207175 0.0670140
4453.8624689689 0.0674997
4454.2517167313 0.1536912
4454.5664143158 0.2756341
4454.7757599396 0.0103496
4454.9530539417 0.1437887
4455.6362817388 0.4841667
4456.0319873574 0.6681917
4456.2712888421 0.3351341
4456.5642273614 0.3349396
4457.1368109558 0.6037207
4457.5824536159 0.1905634
4457.8737194359 0.2998445
4458.2912723199 0.1254868
4458.6896443763 0.3551663
4459.0301820916 0.0298032
4459.3344599250 0.2853611
4459.5002511273 0.2562726
4459.7789350217 0.1270985
4460.3613254206 0.6844418
4460.6045333403 0.2514910
4461.0021894421 0.1430637
4461.5398022251 0.2321543
4462.0304612563 0.0313809
4462.3364124452 0.2263732
4462.4495927344 0.2058574
4462.6492349667 0.1322162
4462.9114196536 0.6212952
4463.2516428325 0.4795126
4463.4477974256 0.0571767
4463.7054635018 0.2822098
4463.9711924148 0.0309923
4464.2344069749 0.0506612
4464.3883250894 0.0364229
4464.6573849717 0.1347781
4465.7053509772 0.4392737
4465.9559742284 0.3680138
4466.3867462942 0.0403315
4466.6080761001 0.0521978
4466.8630195618 0.0110157
4467.0624067107 0.1151163
4467.4136355387 0.0135289
4467.8144821543 0.6257689
4468.1872021919 0.2108227
4468.5950771927 0.0405950
4468.8041942595 0.0281689
4469.0911132777 0.0267968
4469.7529481258 0.6460895
4470.4099120910 0.2636697
4470.6345968058 0.4486857
4471.3868577903 0.1647547
4471.7359986844 0.3561030
4472.1077437014 0.3406539
4472.4964978657 0.1521604
4472.9288899014 0.0437581
4473.9910890203 0.2761863
4474.1831790707 0.1934807
4475.0439282552 0.0198257
4475.3234132804 0.0149066
4475.8066949659 0.0182541
4476.0951196503 0.0578407
4476.5595230774 0.0349136
4477.3046961221 0.6789777
4478.3121697750 0.0173262
4478.7275247675 0.0206354
4479.2785594140 0.0530311
4479.5793253887 0.0315302
4479.8865741539 0.0314542
4480.6372576134 0.0643119
4480.8694926803 0.2984765
4481.2239433800 0.1941136
4481.3966513533 0.2551024
4481.8429021524 0.1041003
4482.0814927973 0.0882214
4482.3892168514 0.2411939
4482.5567992333 0.3114183
4482.8688321848 0.1976214
4483.4692797479 0.6780617
4483.9945761557 0.2629979
4485.0376138014 0.0343462
4485.1631391593 0.0531861
4485.4818448349 0.4515679
4486.9375158971 0.3422675
4487.2286895511 0.0536484
4488.1785207095 0.0647958
4488.5126360852 0.0293908
4488.9984936787 0.0376747
4489.3916694989 0.1696216
4489.5852998088 0.2414680
4490.1685552536 0.1661053
4490.4327623264 0.3332847
4490.7270296112 0.0459192
4491.0043740010 0.5130239
4491.3449099150 0.3594730
4491.8106133266 0.0636188
4492.0345439338 0.3074190
4492.6647316688 0.3562083
4492.9184416347 0.0599292
4493.1078966459 0.0224613
4493.5671466483 0.0668961
4493.9421490909 0.1023488
4494.7868181076 0.1437603
4495.3097020450 0.0900880
4495.8304569618 0.5878518
4496.2598565326 0.0151560
4496.6844560376 0.0500450
4496.8331997388 0.0681920
4497.2168874688 0.1911137
4497.4163844035 0.1504827
4497.8149412283 0.0141871
4498.1184071600 0.4509441
4498.9358693825 0.0586448
4499.5453587844 0.0161348
4499.8274807058 0.0109665
4499.9896273661 0.0546047
4500.1558439106 0.1950480
4500.3999518408 0.1373700
4500.7415437676 0.0110242
4501.5659313171 0.1233223
4501.8971578701 0.0272814
4502.5386891060 0.6351534
4503.0493866551 0.0566291
4503.4792402193 0.2156010
4503.6996633323 0.0107159
4503.8570897396 0.0838337
4505.0320672183 0.0280854
4506.0951561527 0.1350484
4507.0428529965 0.0101959
4507.5931437855 0.0231960
4507.8652416611 0.0283610
4508.0170233115 0.0233121
4508.4773027755 0.0200838
4508.6577291967 0.0209787
4509.0739029408 0.0198279
4509.2986681052 0.0129358
4509.5507365563 0.4412815
4509.9550191934 0.0395862
4510.5516030082 0.0311583
4510.7128063972 0.0385138
4511.0002488167 0.1409724
4512.0976558770 0.0260089
4512.4159403591 0.0245940
4512.8358714818 0.0180010
4513.1554498764 0.1283067
4513.5378509041 0.0566440
4514.0037553239 0.3084388
4514.2611751527 0.0482837
4514.6941497317 0.0350440
4514.9824268265 0.0181316
4515.1620750274 0.0132873
4515.4531658855 0.2400059
4515.7143630830 0.1828487
4516.4334881000 0.0414120
4516.6057143627 0.3767124
4517.1284602234 0.0117630
4517.5556928921 0.0308623
4517.9276152009 0.0293577
4518.4123918415 0.0879186
4518.7975235787 0.2653783
4519.2941618223 0.3408633
4519.6041771514 0.2300995
4519.8519917008 0.0297573
4520.8956830627 0.0208964
4521.2554361243 0.1085259
4521.4926331725 0.4176930
4521.7822283337 0.0153335
4522.3966875881 0.0307760
4523.6338508683 0.0381132
4523.9015009786 0.3864433
4524.0683645512 0.3407874
4524.3423142151 0.0573908
4524.6699346488 0.1299502
4525.1890927305 0.0298529
4525.3642099030 0.0101031
4525.4765987247 0.0111343
4525.9555730392 0.0902088
4526.2114073826 0.0989887
4526.4106582776 0.4659402
4527.1379764208 0.0446768
4527.3710554478 0.0522661
4527.7027863209 0.3858147
4528.1980390178 0.3230512
4528.5884103946 0.3429942
4529.0551859947 0.0725073
4529.8915416252 0.4696321
4530.7807720294 0.4458753
4531.1131903589 0.0417321
4532.0005010008 0.3057536
4532.2229905566 0.2036167
4532.4241459395 0.5488414
4532.8978191085 0.2191232
4534.2612690801 0.2207311
4534.5167156202 0.4690180
4535.2397362540 0.6315784
4535.4339522371 0.2132595
4536.0534426759 0.4480100
4536.4118704109 0.0872725
4536.5864541609 0.0257214
4536.8449433671 0.3895162
4536.9793045763 0.2298362
4537.1930244111 0.3205696
4537.3139436311 0.3528271
4537.7651191291 0.0322476
4538.4761862563 0.0144809
4538.6817452374 0.0110880
4538.9457875023 0.0405650
4539.2317432841 0.0150437
4539.6646902422 0.0104888
4539.8638008915 0.0245486
4540.0936607610 0.1351161
4540.3638805688 0.0123517
4540.5145518671 0.0139442
4540.8695007402 0.0530516
4541.0383852885 0.1158371
4541.7725169365 0.2086801
4541.9785461246 0.1969901
4542.3374796722 0.0775037
4542.5854274508 0.0452709
4542.7929379009 0.3180946
4543.2117278069 0.0215077
4543.7012682380 0.1494425
4543.9462192366 0.0760316
4545.0827355204 0.0371432
4545.2918247496 0.1663759
4545.9441137764 0.3737872
4546.2464281369 0.0304279
4546.4123524373 0.2331215
4546.6187160779 0.0604576
4547.2319768808 0.3878337
4547.7488899594 0.0166803
4547.9610004089 0.0261657
4548.2748193805 0.3011121
4548.5029733276 0.1249558
4549.1260259716 0.4250281
4550.0432287363 0.2991952
4550.5494389543 0.0925916
4550.7511899301 0.4650226
4550.9062457331 0.6220481
4551.0893609072 0.2862972
4551.3942064028 0.0392188
4551.5542151344 0.0128344
4552.0454178718 0.2975135
4552.5110018536 0.0729719
4552.9269421941 0.0730433
4553.4243004101 0.0463766
4553.5721473908 0.1039517
4553.7533143324 0.4270913
4554.4454878272 0.0326688
4555.3138213843 0.7685145
4555.7349671646 0.0897634
4556.1028696121 0.0188641
4556.2705010803 0.1770203
4556.7659278631 0.2866141
4557.1701382027 0.3984921
4557.4089311486 0.4302576
4558.2049277087 0.0716598
4558.5578262067 0.0771013
4559.0275552361 0.0118392
4559.3870100872 0.0636173
4559.9264320581 0.3915313
4561.2071357669 0.0619170
4561.3686688978 0.1621679
4561.5535614694 0.0403400
4561.9916252699 0.0203467
4562.1517258129 0.0413046
4562.4741217589 0.0199007
4562.6927323286 0.1040979
4563.0076126899 0.0119641
4563.6433297474 0.1017607
4563.9114206295 0.0260371
4564.5161992261 0.0243606
4564.6984506525 0.0249385
4565.0438445474 0.5827385
4565.4498472845 0.0237025
4565.9755080436 0.0551219
4566.7963380328 0.1302976
4566.9508636561 0.1942231
4567.5038984403 0.0216310
4567.7984788450 0.1489563
4568.1516554605 0.1398347
4569.6084677704 0.1254880
4569.8867103712 0.0339026
4570.0598621275 0.2079500
4570.8927901370 0.0840106
4571.3006976071 0.0125533
4572.3796310873 0.5033879
4572.7171245659 0.0447942
4572.9572680941 0.1205999
4573.2599571278 0.6501003
4573.5592216471 0.0601822
4574.1440649408 0.0318668
4575.5018731979 0.1250246
4576.0035566836 0.2348712
4576.3907074679 0.0235543
4576.8258732397 0.0217416
4577.0700906984 0.0333102
4577.6198827590 0.3208976
4578.4590744896 0.0544598
4578.9818705300 0.0187422
4579.8394391612 0.3561164
4580.3343366527 0.0206429
4580.6124466408 0.0668670
4581.1036306225 0.0448908
4581.3387484011 0.3626425
4581.7056979758 0.1260315
4581.8705800253 0.1193851
4582.4877082503 0.0497663
4582.7015281922 0.4586898
4583.5922045053 0.0410595
4583.7843318258 0.0230747
4584.1183379287 0.2721695
4584.4099090884 0.0303151
4584.6979438938 0.1435751
4585.1213204551 0.4748240
4586.1000284306 0.1889283
4586.3681150365 0.0118234
4586.6257983934 0.0467326
4587.1592423553 0.4707590
4587.5108558259 0.0714022
4587.6552667895 0.1114461
4588.4161996128 0.2011314
4589.0070752464 0.0304765
4589.4883649503 0.3371297
4589.9727450418 0.0309999
4591.2371616252 0.4436874
4592.0756495366 0.0754861
4592.3983051811 0.0127319
4592.6829218326 0.3074468
4593.3413887604 0.2110320
4593.9421707742 0.4676421
4594.4602943028 0.0179315
4594.8170958952 0.0779222
4595.2054839364 0.0409200
4595.4059527607 0.1275310
4595.9206061352 0.0214959
4596.1827520317 0.0749008
4596.6487781153 0.2435114
4596.8864473031 0.0403592
4597.3451166036 0.2303948
4597.6992944767 0.0865740
4598.1988602282 0.0337962
4598.5328012936 0.0415093
4598.6693326009 0.0618352
4599.1559341677 0.1303791
4599.4097271898 0.3175338
4599.6659631178 0.0244169
4600.0317064212 0.0344965
4600.5136031471 0.0193067
4601.1281378735 0.2040964
4601.4050477680 0.1032284
4601.6499235853 0.2259300
4602.0427356867 0.4069004
4602.2720850505 0.0944073
4602.6561931421 0.0334700
4603.2940115786 0.3380019
4604.2360428715 0.5452776
4604.6335682529 0.0366030
4605.2330768975 0.0444157
4605.5269706862 0.0157780
4605.8473376732 0.1254697
4606.2814468680 0.3302984
4606.6584867074 0.0516797
4606.8776407504 0.1507156
4607.1185364009 0.0124083
4607.5117027547 0.1294119
4608.6256012176 0.1436059
4608.9409137425 0.3879354
4610.5634218592 0.0498579
4611.2032104468 0.0515499
4611.4782345840 0.0284324
4612.5736120283 0.4290145
4613.9034229962 0.0156301
4614.2658170351 0.0211344
4614.4987405651 0.3332081
4614.6535778810 0.3182896
4615.0045155021 0.0150056
4615.2137165210 0.0802826
4615.4954814748 0.0656220
4615.8378377484 0.0188446
4616.0173309437 0.0113912
4616.8587402815 0.0807684
4617.4220490746 0.4232521
4617.9192628440 0.1847079
4618.5662850330 0.2672723
4619.2368688033 0.0185214
4620.0862811980 0.3960353
4620.5855372426 0.3696828
4620.8307436262 0.1000519
4621.4122872097 0.0112682
4621.8110596283 0.2442364
4623.2218971598 0.1210751
4623.7485562665 0.1014397
4624.0404715138 0.0451676
4624.3939134303 0.1715503
4624.8774944187 0.0316893
4625.3799756257 0.0196558
4625.8552013866 0.0137466
4626.3449641425 0.3789325
4627.0658346509 0.0105330
4627.2105375346 0.0242826
4627.4741909026 0.4021138
4627.8339430926 0.0542388
4628.0874958703 0.0127676
4628.6781271837 0.0416658
4628.8270306992 0.0344464
4629.4594314898 0.0737559
4629.7552048840 0.0145824
4630.6365439970 0.4245697
4631.4212618519 0.3213789
4631.8547333024 0.0383446
4632.3376926907 0.0152670
4632.7843139203 0.0292000
4633.4400750086 0.0328637
4634.2064986641 0.2596514
4634.5518444037 0.0234388
4635.0619058446 0.0458903
4635.3741737476 0.2527179
4636.0144720732 0.0969782
4636.6142606069 0.0562671
4636.8969272231 0.0460042
4637.1480036050 0.2236759
4637.6248400041 0.0648628
4638.4798060095 0.0537322
4638.8058662944 0.3585090
4639.0645559517 0.0332638
4639.3124416018 0.3673525
4639.8242922055 0.0205618
4640.2567253658 0.0367522
4640.6647678759 0.1249141
4640.9635936804 0.1388090
4641.2423101367 0.1168892
4641.5893967664 0.1284913
4641.7902292040 0.0229736
4642.2592344805 0.0139596
4642.5155773306 0.0642433
4643.2947887758 0.0147247
4643.5432079112 0.0228849
4643.8896946953 0.0109934
4644.4941750986 0.0128485
4644.7671548314 0.3087480
4645.0527292858 0.0102759
4645.8128307841 0.0197420
4646.4932064467 0.0545864
4646.7904872495 0.0181967
4647.4688713879 0.5143830
4647.6711013998 0.0182977
4647.9427177354 0.0847348
4648.7405652066 0.4109779
4649.2575939389 0.0957077
4649.9581931302 0.3618287
4650.2195580565 0.0609598
4650.7384871945 0.0705067
4650.9441711827 0.0231252
4651.1177780458 0.0522183
4651.3183195840 0.0447961
4651.6142768622 0.0352117
4651.8559986540 0.0175947
4652.5913269093 0.3674288
4653.4665611464 0.4321244
4654.6663636069 0.0209624
4654.7915960056 0.0170183
4655.4565413801 0.0390174
4655.9260515452 0.4129857
4656.5497431392 0.0111728
4656.9628901956 0.0509160
4657.3488805384 0.0204213
4657.4924866392 0.0543288
4657.7736462299 0.2939132
4658.2844371501 0.1508316
4658.5085787973 0.2709548
4658.8930769077 0.0931566
4659.6035505976 0.0358214
4660.1752548867 0.0130887
4661.7321871824 0.0559932
4662.2116576941 0.0566118
4662.8418282273 0.1148428
4663.2808183712 0.1329378
4663.8152588594 0.0292230
4664.0644410065 0.0375593
4664.4907697225 0.0602539
4664.6490199717 0.1200283
4665.1153392393 0.0977456
4666.0949762120 0.1607850
4666.4932342143 0.0195077
4666.8702481363 0.0131264
4667.2079278816 0.0782056
4667.4493760957 0.0901897
4667.7936136568 0.1266530
4668.0606547530 0.2022207
4668.2913175942 0.0807229
4668.5595045741 0.1009904
4668.7634150972 0.3823177
4669.0682563561 0.1300002
4669.4353589294 0.4541420
4669.8782523472 0.0980098
4670.4788538351 0.3092117
4670.9535652237 0.0269120
4671.4802956876 0.1066717
4671.7167719500 0.2968792
4672.7265212355 0.0650091
4672.9926758422 0.0168344
4673.6376030264 0.1930780
4674.1454571908 0.0877779
4674.4773643580 0.2829877
4675.0979074334 0.0115500
4675.4025522277 0.0823520
4675.6043105167 0.0358330
4675.9400798277 0.0524166
4676.4159834318 0.0857039
4676.6859304558 0.0137036
4676.9151350387 0.0313383
4677.6489231375 0.0166212
4678.2252210019 0.0192804
4678.8999703508 0.0229006
4679.4779438014 0.2046158
4679.8318692922 0.0201277
4680.1598815458 0.4394365
4680.5322837172 0.1392986
4681.4486993568 0.1834177
4681.6084602662 0.1288017
4681.8007580262 0.1661853
4682.1669618195 0.0563660
4682.7794340472 0.0807174
4683.2248659495 0.3465454
4683.4239284510 0.1249116
4683.6513153587 0.1017251
4683.8661152055 0.0322573
4684.5820270527 0.0103156
4684.8743017543 0.1763998
4685.9058092590 0.0563729
4686.3447555800 0.0331325
4686.5790490282 0.1863232
4687.5275148214 0.2159245
4688.6943812017 0.1148200
4688.9782009400 0.0103416
4689.1139176902 0.0173941
4689.4894220853 0.1387179
4689.7178302785 0.0397515
4689.9610235552 0.0148081
4690.6699470994 0.1026301
4691.4532529729 0.2213964
4691.6894873993 0.0268465
4692.7210992483 0.3496720
4692.9001965925 0.1184024
4693.9554518644 0.0264750
4694.5048187061 0.0285180
4694.9803546364 0.0223342
4695.2566689748 0.0578890
4695.4219935152 0.0317319
4695.9896180926 0.0101340
4696.1818729418 0.0744612
4696.4581698969 0.0309643
4696.7584669151 0.0222089
4697.5759868031 0.0137267
4698.3671453157 0.0716587
4698.7163465813 0.0151865
4699.7614328044 0.1441312
4699.9425591805 0.0874305
4700.0805530691 0.0938093
4700.6500153330 0.2177958
4700.9042474718 0.0112882
4701.4734523093 0.2193048
4701.7490738211 0.0100982
4701.9289785452 0.0366964
4702.3667723777 0.1282969
4702.6722155548 0.1201864
4702.8469816692 0.1538195
4703.2233040202 0.0146808
4703.6081102677 0.0263653
4704.3150304580 0.5421655
4704.8790725160 0.0212776
4705.1261035926 0.1998401
4705.7812662349 0.0487361
4706.2671420627 0.2617852
4706.7822462993 0.0893865
4707.2366833658 0.0226145
4707.4155600414 0.0195162
4707.6161269094 0.0137188
4707.8694662685 0.0987632
4708.5973489397 0.4494356
4708.8062577771 0.2479032
4709.3319196036 0.1789019
4709.9848896657 0.2556085
4710.4064732498 0.2990502
4711.0307401853 0.2172148
4711.6022851739 0.3550103
4712.8044709610 0.0737588
4713.3964376703 0.0791750
4713.5724657958 0.0377377
4713.8399517561 0.0200567
4714.0305230424 0.0163981
4714.5005977115 0.0172126
4715.1214303073 0.0134665
4715.3877100397 0.0736629
4715.7377053878 0.4582159
4716.2213420608 0.0108317
4716.6097186923 0.0236129
4717.0850404452 0.2868237
4718.1565881065 0.0126515
4718.6328576631 0.0156325
4718.9020804283 0.0773602
4719.2042452462 0.0191338
4719.7430839621 0.2325808
4720.8360069739 0.0466018
4721.1619256037 0.0106270
4721.4589486927 0.0135709
4722.3159593430 0.1433874
4723.4819203456 0.3046573
4723.9316956059 0.0396618
4724.4560549370 0.0574240
4725.7301792912 0.0564544
4726.1828503521 0.0105306
4727.2733110378 0.0179879
4727.4634481986 0.0374361
4728.4776496347 0.0764640
4728.7471498231 0.4227604
4729.2096220446 0.0388618
4729.4879167427 0.0546714
4729.8716497035 0.3102884
4730.3448214704 0.1278675
4730.5965075630 0.0332190
4731.0035169796 0.0955305
4731.3563863790 0.1674711
4731.7406596555 0.0244365
4732.0377845030 0.1381674
4732.3164082912 0.0767611
4732.4893257152 0.0202545
4732.7908817270 0.3519835
4733.1264863664 0.1416139
4733.7833956193 0.1431273
4734.9201427541 0.3986973
4735.4279614557 0.0686791
4735.9137304285 0.0152960
4736.1743372989 0.0104621
4737.1713177065 0.2427759
4738.1048747998 0.4856284
4738.6763549584 0.1723354
4738.9592861342 0.0871446
4740.4321716401 0.1712280
4740.8200532651 0.0149209
4741.4979760823 0.0389194
4741.6595237306 0.0849699
4741.8071728078 0.0742627
4742.2772201478 0.0911262
4742.3921157199 0.0998407
4742.8594198443 0.3224204
4743.4555880520 0.0102312
4743.6209566635 0.0226791
4743.8776657489 0.0207445
4744.1188524229 0.0851295
4744.4173113372 0.0148255
4745.1502764227 0.0162182
4745.7129721992 0.1563442
4746.2467111766 0.0244137
4746.4639738557 0.0292539
4746.6364218143 0.0257519
4747.1307318993 0.2882903
4747.6019316237 0.0129779
4749.0057808888 0.0101379
4749.4638312132 0.2563735
4750.0620252717 0.0167467
4750.9924372157 0.0460105
4751.2782818859 0.0976336
4752.4213397048 0.0681217
4753.1553838674 0.0222322
4753.4342424692 0.1295276
4753.7549697227 0.1915541
4755.3701317690 0.5119455
4755.6890358917 0.0118078
4756.0921158445 0.1325665
4756.4800639091 0.0148475
4757.0386817583 0.0815263
4757.4454048682 0.2262514
4757.8496922034 0.2896186
4758.6444020623 0.0154387
4758.9119762801 0.2257699
4759.4534696574 0.1319822
4760.0524701512 0.0251642
4760.2510128816 0.0175322
4760.6046511322 0.1497985
4761.3973389833 0.0127121
4762.4366265809 0.0286104
4762.8567692241 0.2382626
4763.7060004225 0.4300747
4763.9591666478 0.1316931
4764.1150929699 0.1270823
4765.2448838665 0.3340767
4765.6291659426 0.0685071
4765.8624615649 0.1514971
4766.0704026596 0.0239950
4766.8001811180 0.1387163
4767.1950239744 0.2851009
4767.7572042889 0.3623888
4767.9701472303 0.0335916
4768.1301291092 0.1001771
4768.6039912846 0.0101822
4769.1923414561 0.0428682
4769.4122745107 0.0242415
4769.6822838141 0.3492632
4770.0352975111 0.0664648
4771.1354494882 0.0305802
4771.3366565224 0.0289017
4772.4250093481 0.0365311
4772.8045921488 0.1852242
4773.0449516588 0.1373907
4774.1545223335 0.3755534
4774.4806409694 0.0249124
4774.7520262722 0.0377209
4775.0455223443 0.0107160
4775.2976165258 0.0238357
4776.4696870412 0.0132300
4777.2221576500 0.0345647
4777.4066312643 0.0630595
4777.6963406858 0.0752961
4779.5909950463 0.0372434
4780.7784006935 0.1323386
4781.3197040726 0.3065161
4782.1507639413 0.0190593
4782.7662407701 0.0101762
4783.0620675682 0.0279671
4783.4107114640 0.0277837
4784.3303475031 0.0524594
4784.7623153130 0.5354123
4785.3357640490 0.0604574
4787.0368336153 0.0274065
4787.2974943478 0.0748437
4787.6231649502 0.0984164
4787.8798635832 0.3453411
4788.1499967770 0.3526265
4789.1685374248 0.1000197
4790.0988901530 0.2673565
4790.6788080044 0.2352289
4790.9936347866 0.3620637
4791.6770057895 0.0278232
4791.9024804003 0.0181136
4792.0812892628 0.0186993
4792.3086268178 0.0284194
4792.5808346658 0.1028902
4793.6669819886 0.0435841
4793.8424590391 0.1639809
4794.1975501270 0.0868997
4795.3112133693 0.0172327
4795.6998978632 0.0229335
4797.5268769156 0.0445361
4798.2428949078 0.0178920
4798.9764347963 0.0128667
4799.3310441829 0.0139464
4799.6083434371 0.1436894
4799.8778893564 0.1870431
4800.0748759523 0.0721681
4800.7519363042 0.1052739
4801.1527320659 0.1596284
4801.4716966965 0.0364293
4801.9937651062 0.2005035
4802.3709990138 0.1621785
4803.8644105441 0.0350829
4804.2263591423 0.2468670
4805.4004784100 0.0126718
4805.8617536010 0.0453570
4806.4360682090 0.3689424
4806.7658493028 0.0672156
4807.6498188520 0.0271636
4808.3358819084 0.2187572
4808.5841843541 0.0141680
4808.8828416794 0.0169494
4809.0556439101 0.1617330
4809.4943247970 0.0722355
4810.0247639705 0.1229444
4810.2160793799 0.0418164
4810.4899780131 0.0244109
4811.2857369679 0.0477817
4811.8809402646 0.3194287
4812.3926248603 0.0309985
4812.6980649278 0.0353847
4813.3307442830 0.0502024
4813.6915119299 0.1090576
4814.2830400172 0.0254465
4814.4608719346 0.0555482
4814.8266201735 0.1171571
4815.3197539761 0.0147647
4815.6912952119 0.0363178
4815.9449488827 0.0424529
4816.5848868495 0.0256726
4817.2815228303 0.0340996
4818.7191431954 0.0108715
4819.1530478406 0.1470691
4819.3820880684 0.0245136
4821.7569237041 0.1248892
4822.4744944282 0.0705105
4822.8396747865 0.0182902
4823.6726911243 0.0140353
4823.9237338098 0.0233349
4824.6611806095 0.0550872
4824.8606003775 0.5293218
4825.4874665478 0.3281218
4826.3092181862 0.0118575
4826.7021528488 0.0674674
4827.0794936970 0.0198082
4828.1863349573 0.0194040
4828.8091637441 0.0197856
4828.9683449047 0.0454783
4830.3767736165 0.3138797
4830.7177534772 0.1729766
4832.5299190024 0.2736050
4832.7369194261 0.0463650
4833.0020178568 0.0392091
4833.3974882109 0.0125646
4833.7826552431 0.0238732
4834.0662516503 0.2296991
4834.5423894882 0.0281201
4835.2024901729 0.0189532
4835.8663652700 0.0947637
4836.6266755532 0.0130534
4837.2221179051 0.1570429
4837.5872982819 0.0991041
4838.2061636176 0.0320998
4839.4464201827 0.0208459
4839.8675742571 0.1691763
4840.9015024579 0.2363072
4841.2175604012 0.0148127
4841.6512234357 0.2358593
4842.2331781705 0.2351893
4843.1405811524 0.0668493
4843.3244953805 0.0128021
4844.1404664356 0.1244828
4844.5031303535 0.2598154
4844.8542305248 0.0493887
4845.3729684790 0.1479643
4845.6551252955 0.0167918
4845.8597512886 0.0240581
4847.0067398580 0.1150188
4847.7430671787 0.0229456
4848.6660688648 0.0581058
4849.0833269590 0.0123313
4849.6080565498 0.2518837
4850.2418446589 0.1016416
4850.5256565590 0.0968040
4851.0227716976 0.0243108
4852.8530163431 0.0601557
4853.2257275368 0.0194468
4853.3741272607 0.0250693
4853.9145437002 0.1255335
4854.3903797301 0.0102067
4854.6339506298 0.0175271
4855.1440441980 0.0398516
4856.2265827168 0.1927211
4856.7728249268 0.3286297
4857.0353203786 0.2317122
4857.3687610602 0.1205997
4857.5512356552 0.0642910
4858.7521312099 0.1500472
4859.6265323975 0.0250703
4860.4785634634 0.0662499
4861.1078013185 0.4452697
4865.0083867107 0.2178844
4865.2924958137 0.0676423
4865.6852870400 0.2004927
4866.0960811331 0.0615648
4866.9758378930 0.1630438
4867.6360603521 0.2739721
4868.9011617615 0.0205749
4869.2327942765 0.1618635
4869.6270574286 0.0847636
4869.7755101747 0.0598262
4870.8276204633 0.0563881
4871.4865405153 0.1344931
4872.1768854463 0.2244701
4872.6871028373 0.5459719
4873.3005894488 0.1532167
4873.5055174009 0.5351535
4874.0543010467 0.0131651
4874.2733929775 0.0232703
4874.6189630965 0.0534259
4874.8078422014 0.2352893
4875.1127799701 0.0305443
4875.3758659645 0.1636674
4875.7183523666 0.0535949
4876.1591647281 0.0565756
4876.3934165328 0.0912148
4876.8515442997 0.0977859
4877.2426845931 0.2085197
4877.7758799095 0.2239703
4878.9700878504 0.0488318
4879.5574212050 0.6057178
4881.4254839294 0.0123794
4881.8928768924 0.0221652
4882.3064778523 0.0195105
4882.9253534133 0.1051365
4883.0848105460 0.2411942
4883.5114804155 0.2893850
4883.8192298290 0.0104483
4884.0665404349 0.0112471
4884.8077714978 0.0119627
4885.0526195610 0.2506970
4885.4263132353 0.0171526
4885.9705885863 0.0765233
4886.4510318094 0.2022039
4886.7988062573 0.2807966
4887.1380908626 0.0687011
4887.3183958299 0.0246335
4887.6998296909 0.2946611
4888.0903823123 0.0182307
4888.3748329876 0.2345167
4888.5584606575 0.2004136
4889.5353047874 0.0104267
4890.0039470744 0.2599159
4890.4006053490 0.3266304
4892.1304726250 0.5324613
4892.8684279581 0.5520831
4894.2278867644 0.1788812
4895.1835540122 0.0384829
4895.9295188384 0.0217516
4897.8088268976 0.0918105
4900.8835455041 0.0126541
4901.2878131225 0.2231304
4901.4914822994 0.2486320
4902.1896953467 0.0262969
4902.3432635565 0.0430615
4903.5915102165 0.0167213
4903.7565315069 0.0193178
4904.6820005889 0.4791579
4905.7859175990 0.3222502
4906.5066445020 0.0797208
4908.1487485229 0.0159964
4909.1057195500 0.1993923
4909.3984961648 0.0805065
4909.9793187595 0.0132931
4910.7576730092 0.2391072
4911.3919848150 0.3226045
4911.7006907204 0.3003383
4911.9396236249 0.2738288
4912.5698831275 0.2100211
4912.9014040103 0.0533306
4913.1521699068 0.1288642
4913.3935435003 0.1414472
4913.8603389034 0.0246697
4914.5082522562 0.0314173
4914.9915793694 0.1621466
4915.3486777847 0.1938248
4915.7634305253 0.0146999
4916.6068294265 0.0164809
4917.2059663566 0.0107194
4917.6074293117 0.0148637
4917.8627276152 0.0313880
4918.6058489813 0.2179413
4919.3884299347 0.1840316
4919.7414382691 0.2653030
4920.0809087700 0.1234151
4920.3735561409 0.5566326
4921.2384376377 0.0421395
4921.8883873865 0.5214126
4922.3414102360 0.0948141
4923.1613818653 0.1280224
4923.6393080981 0.2762179
4924.1993126525 0.0145211
4924.5327439849 0.0380512
4925.3077440004 0.5387947
4925.6737209946 0.0313413
4926.1495519850 0.3694439
4926.6542132104 0.0529471
4926.9470101071 0.1613114
4927.5249961914 0.0140820
4928.0639591562 0.0102539
4928.8022389711 0.1343374
4929.2474457553 0.2366527
4929.7129716850 0.0668895
4931.6867736780 0.2338924
4932.1795870165 0.0429312
4933.4343617394 0.0712206
4934.7128432119 0.3183653
4935.4520083675 0.7481968
4936.2377475215 0.0103139
4937.2112836331 0.2159279
4937.7186276186 0.1394681
4938.4434816811 0.0419407
4938.7263529232 0.2803590
4939.1143621534 0.0158542
4939.5559265350 0.2845911
4940.1980620767 0.4543254
4940.6192337547 0.3165776
4941.0709398114 0.4325715
4941.4299143846 0.0349721
4941.8734066513 0.0171464
4943.8596673388 0.2564629
4945.6676924370 0.0243923
4945.9674212121 0.0132404
4946.8292880987 0.1320331
4947.0187662967 0.1149682
4947.4163999929 0.0559084
4947.7736800132 0.3530174
4948.9868055873 0.0440128
4949.5872072449 0.0181649
4949.7141681418 0.0184570
4951.4912278096 0.2847299
4953.6652691982 0.0703308
4954.0293789894 0.1655932
4954.5938197158 0.1846805
4955.1020015215 0.0108102
4955.9947927160 0.1082871
4956.1885224585 0.1365656
4958.6924101653 0.5136787
4958.9949381562 0.5617064
4959.6302617078 0.0376552
4960.5444472773 0.0434632
4962.4330620153 0.0373583
4963.3072066674 0.0593019
4963.6757113269 0.0139276
4963.9604467965 0.1620501
4965.5167830250 0.0277217
4966.1118829253 0.0199549
4966.3177492777 0.1070485
4966.5584856025 0.0646296
4967.2409609938 0.0435155
4967.4802480243 0.4205877
4968.9155625528 0.0309543
4969.2879181816 0.2982781
4969.7890613610 0.0538486
4970.0821160458 0.1619902
4971.3078348395 0.2903011
4971.8840537650 0.1753141
4972.7368393789 0.1766850
4974.4908119911 0.3369481
4974.7499550716 0.0148093
4976.7650344386 0.0637231
4977.5270317468 0.0765706
4977.7174117125 0.1106955
4978.0866443118 0.0150511
4979.0480377548 0.0609868
4979.5664374636 0.0701116
4979.9859043304 0.3006579
4980.6226551325 0.0110291
4980.9792030752 0.0441707
4981.5667823059 0.3487863
4981.9316663943 0.0157141
4982.7320416606 0.0257314
4983.1276594654 0.4914095
4983.5271906904 0.0269157
4983.8955823229 0.4232683
4984.2124601897 0.1896453
4984.6461148219 0.3430200
4985.2480235162 0.3932599
4985.5092809071 0.3152719
4986.0097241255 0.0409533
4986.6484239472 0.3575612
4986.9435388447 0.4206472
4987.3758830523 0.0590907
4987.6174530342 0.1545567
4988.2929639793 0.0403773
4990.3460201303 0.3209448
4990.5256914682 0.0651552
4991.3410295911 0.0183146
4991.8444062579 0.0832110
4992.4663596314 0.4367312
4992.6634873586 0.3156286
4993.2595553059 0.0344182
4993.7059782826 0.0104676
4994.1802370862 0.0211765
4994.7476291867 0.1502625
4995.0907535680 0.1392662
4995.5290449466 0.4833748
4996.4426757797 0.0113560
4996.8051122643 0.0322020
4997.0497338240 0.0450632
4997.7695995945 0.0304288
4998.2386271138 0.1234780
4998.4949571858 0.0711156
4999.3563361326 0.0187563
4999.6226085774 0.1864696
5000.5100669371 0.0850653
5000.9031129200 0.4415712
5001.7417641937 0.2443409
5002.1308269395 0.0248093
5002.3870230389 0.0972728
5002.8763177805 0.0432304
5003.2652236460 0.4204024
5003.9946013877 0.0179157
5004.1923053550 0.2845414
5005.1411420077 0.0845114
5005.4432166912 0.1280810
5005.7571751131 0.0299438
5006.2909000167 0.0260541
5006.5705322273 0.0732816
5007.1142795556 0.4176657
5007.5210517040 0.5162444
5008.6425129014 0.5662140
5009.1298896425 0.0640681
5009.4563398275 0.0104905
5010.0396854840 0.0312252
5010.8449692832 0.0167812
5011.0470741442 0.0529222
5011.4241595979 0.0876460
5011.6175832720 0.0638007
5012.3393614124 0.1594560
5013.4837214717 0.5718660
5013.8449972165 0.2056968
5014.0983245925 0.0940862
5014.7013912084 0.1910515
5015.0913571295 0.1913815
5015.3132452909 0.0400566
5015.6511562179 0.5015211
5016.3464074369 0.4140337
5016.7009640790 0.0154833
5017.5653971648 0.2491368
5017.8770720212 0.0934086
5018.2838820428 0.1298284
5018.9812014770 0.3253081
5019.8487056450 0.5514989
5020.5798907234 0.0144849
5020.8653163358 0.0137897
5021.1296013896 0.0347661
5021.4254729489 0.2822022
5021.8964975625 0.0241736
5022.2175262691 0.0358825
5022.4018720167 0.0104401
5023.0030585178 0.1623499
5023.3298142977 0.0303093
5023.6406850156 0.3701877
5024.2726157108 0.2902888
5024.5892869314 0.1005995
5024.9010565195 0.0701979
5025.2349063368 0.0104138
5025.6117190140 0.0257145
5026.2501045885 0.2507777
5026.4827330021 0.0445972
5026.7052928795 0.0410258
5026.9667609691 0.1466521
5028.5378503573 0.3654318
5029.1623161574 0.1672980
5029.5333856624 0.3158704
5031.0240323995 0.1594663
5031.2202101071 0.0210970
5032.1866967884 0.0466602
5032.4242050632 0.3218680
5033.3216498749 0.0515737
5034.1304079436 0.0481464
5034.9381870941 0.0113600
5036.7718223632 0.3783836
5037.3407387914 0.3858109
5037.6786562324 0.1189750
5037.8726819718 0.2625211
5038.3282081283 0.0656669
5039.1664114167 0.0276046
5039.8081184700 0.2305705
5039.9974171439 0.1616057
5040.6663781340 0.2601269
5041.3678681733 0.2812147
5041.6657436731 0.0168132
5042.0367302798 0.0353253
5042.3012093218 0.3690656
5042.4789072130 0.4498040
5043.1708144184 0.4569475
5043.5953751097 0.1864076
5044.7115160931 0.0103480
5044.9939315357 0.0298305
5045.6225442086 0.2866295
5046.8150118012 0.0166947
5047.0074871236 0.0105779
5048.5293144376 0.0100328
5049.4583835299 0.0434086
5049.6273112231 0.0453822
5049.8465904935 0.2383018
5050.2580881300 0.1983934
5051.2358302581 0.4976246
5052.3747922542 0.0167666
5053.0495287043 0.4975312
5053.3115314664 0.0316097
5053.5553344296 0.0789919
5054.0547909276 0.0154197
5054.2939150073 0.0358468
5054.7305068113 0.0124587
5054.9787340520 0.0161856
5056.0553774406 0.1053540
5057.3962089188 0.0541994
5058.2554652622 0.0548337
5058.8966352685 0.0445470
5059.3945880444 0.0668172
5059.9116374988 0.0271285
5061.2004600626 0.0134833
5061.4832380652 0.1696815
5063.1277944987 0.0135524
5063.5144531261 0.0339159
5064.5792798392 0.0104806
5065.4772183668 0.0137075
5066.0692977624 0.3353608
5066.4256903147 0.3903307
5066.6059243128 0.2318124
5067.3727524202 0.0558615
5067.7740218478 0.0114781
5068.1338140759 0.0167475
5068.5667656095 0.2479328
5069.1455019621 0.0576167
5069.7201466575 0.0242873
5070.1852789410 0.4457619
5070.5054968075 0.0406055
5070.8229601517 0.0347313
5071.4199381492 0.0133512
5072.9049907614 0.0605166
5073.4942773770 0.2931682
5073.7010437349 0.1061616
5074.0901292596 0.2114912
5074.3414625202 0.0571393
5074.8618137551 0.0151869
5076.1697995912 0.3931736
5076.7124690744 0.0380092
5077.6904463201 0.2451923
5078.0182043489 0.0203634
5080.3959010775 0.3416881
5080.6436794072 0.3864610
5081.1613508889 0.4109121
5081.3770879272 0.1282759
5081.9531928613 0.3829724
5082.5323639218 0.3389756
5082.9906771388 0.0177666
5083.2654317452 0.0163236
5083.7646696579 0.2133054
5084.4443753510 0.0101460
5084.7628215894 0.5214528
5085.5185704101 0.3067915
5085.9685684993 0.0182965
5086.9059667578 0.0439868
5087.6689759342 0.0207690
5088.4789456331 0.0539612
5088.8431505664 0.1921907
5089.5737132467 0.0927850
5089.9592111047 0.0759635
5090.3794269379 0.0597916
5090.6326168041 0.0103331
5091.2695003501 0.0110010
5091.6413286440 0.0164758
5092.1978678306 0.2994816
5093.1469049016 0.0152482
5093.3053677225 0.0176845
5093.7215165278 0.0206496
5094.2277494761 0.0208748
5095.4521683354 0.0140464
5095.8345060394 0.0808275
5096.3697081367 0.0256915
5096.5992229995 0.0124108
5096.7597702664 0.0133137
5098.4236851761 0.3374319
5098.7403213457 0.0307538
5098.9113418296 0.1332807
5099.5458913597 0.0280922
5100.1224671889 0.4177502
5100.5009315875 0.1455806
5100.7488981414 0.2175995
5101.3551385140 0.2849229
5102.0816465916 0.0554820
5102.2901484681 0.0231841
5102.5038966504 0.0119469
5103.8574291263 0.0133300
5104.3927164786 0.1370366
5105.1720728918 0.0145144
5105.4549768436 0.0717914
5105.6169436421 0.0697593
5105.8653758736 0.0901767
5106.9660256760 0.3143592
5107.8699375816 0.0166308
5108.0224750928 0.0168368
5108.8782049126 0.4156290
5109.0691660865 0.4219208
5109.3270696001 0.0108744
5109.8190370455 0.0351381
5110.3350054770 0.0134159
5110.5435326851 0.0117438
5111.0770182681 0.2541749
5111.8338508235 0.5508149
5112.1783165892 0.0472179
5112.7849572878 0.0121815
5113.0707474435 0.0156348
5113.2626992632 0.0149666
5113.7008468550 0.0258784
5114.5576143145 0.0421429
5114.8704749540 0.0635787
5115.6895938395 0.0160885
5115.9670295547 0.0237646
5116.8224109809 0.2832288
5117.2082066080 0.0472994
5117.4989505652 0.0103402
5118.1728932699 0.0162924
5119.3640329972 0.0449676
5120.5516448798 0.0390597
5121.8248633646 0.1048984
5122.0711822850 0.0109712
5123.0619797576 0.2713630
5123.5445295661 0.0207951
5124.2243497260 0.0256549
5124.4286574695 0.0336480
5124.6530289518 0.0929909
5124.8908183746 0.0236296
5125.1563269732 0.4287060
5125.4696157559 0.0207293
5126.0464350719 0.0450532
5126.5568456379 0.4086893
5127.2643759170 0.0130982
5127.6237716804 0.2231188
5128.7942910221 0.4203352
5129.1136766103 0.0353451
5129.2964082651 0.0127753
5129.5101016690 0.0258993
5129.9255119602 0.0106412
5130.5926201595 0.3161604
5130.8010490632 0.1813801
5131.0614464562 0.1098148
5131.7935491630 0.0517148
5132.0165830740 0.0330869
5132.9036458592 0.3058484
5133.2001445706 0.1014693
5133.7717649855 0.0159925
5134.0988699023 0.0682117
5135.1275401366 0.4545086
5135.9798106306 0.0341162
5136.5938019956 0.0125876
5137.0256587517 0.0131212
5137.5243756413 0.0416661
5137.6971777079 0.0185743
5138.2297371748 0.0357978
5138.5091072522 0.3699557
5138.8195777565 0.3765668
5139.7833115328 0.0104663
5140.1477893511 0.0112741
5140.6930575638 0.4631962
5140.9014118335 0.4597364
5142.2552352519 0.0347666
5142.6468060132 0.0166445
5143.1772749309 0.3267085
5143.9631348293 0.3867141
5144.2143881081 0.2327048
5144.3668987075 0.4449089
5145.1599632158 0.0393225
5146.1001079808 0.0387593
5146.5327188389 0.1632631
5146.8992812488 0.0858952
5147.1707819985 0.0103492
5147.5580119697 0.0843417
5147.9210893831 0.3063296
5148.2081160058 0.0192713
5148.5275811723 0.0322403
5148.9175878340 0.0943512
5149.1400526640 0.0121189
5149.4818258787 0.2792282
5149.6669833895 0.3009104
5150.1057405177 0.0164466
5150.2746794221 0.0263703
5150.5510510407 0.0213154
5151.2356268871 0.0172325
5151.6267466380 0.0285258
5152.2853339192 0.4402529
5153.3512498286 0.3921667
5153.6255757650 0.0853128
5154.6741255460 0.0932941
5154.8921696828 0.0659523
5155.5099448469 0.2882530
5155.8414286588 0.0552889
5156.5653344938 0.1544814
5157.2043451631 0.2515408
5157.4917478432 0.0187638
5157.7941794138 0.0138163
5158.0824938170 0.0377927
5158.6401232068 0.0201692
5159.1107922802 0.0287776
5159.4224798059 0.0430446
5159.9649128927 0.0122105
5160.4994418063 0.2372707
5160.9101860209 0.0132012
5161.3458700945 0.0132081
5161.6697399850 0.0199761
5162.2701852074 0.0212528
5162.6192591178 0.0233908
5163.1933931479 0.0221146
5163.7185935730 0.4229407
5164.5248329304 0.0163302
5164.8618802315 0.0113108
5165.0383320626 0.0110199
5165.9922220076 0.1016788
5166.3750016140 0.0242295
5166.5281045203 0.0134087
5166.8542932326 0.2883620
5167.7235457013 0.4175004
5168.7746057207 0.4735271
5168.9351501990 0.5292394
5169.6296332771 0.0296791
5170.1009742634 0.2189424
5170.4828541145 0.4987155
5172.2072553064 0.0965965
5173.0496569595 0.5099264
5174.1401468911 0.5503864
5175.1877903592 0.2806242
5175.8262703194 0.0124943
5177.5421685724 0.0220786
5178.0053318316 0.1575011
5178.6816893410 0.0567441
5178.8437859468 0.0365159
5180.2469995347 0.0587698
5180.5645317143 0.0278628
5181.2228869955 0.0107287
5181.5091210230 0.1285150
5182.7677233487 0.0436202
5183.2960077127 0.0198589
5185.0627043753 0.5808843
5185.7014913242 0.1744213
5186.0022801605 0.1444217
5187.3518474115 0.2837962
5187.7794114742 0.0129836
5188.0010182492 0.0396275
5188.9066899644 0.0167289
5189.3600079562 0.1619844
5190.1423964587 0.4555587
5190.2914959988 0.3387483
5192.9080342534 0.4619406
5193.4510225269 0.0595981
5193.7981169195 0.5009066
5194.4210066603 0.3346819
5194.9411113026 0.0176410
5195.5012297505 0.0247908
5196.3954814929 0.4883625
5196.9246788392 0.3647234
5197.5100838035 0.2507011
5197.9005088182 0.1006922
5198.6121519997 0.0574069
5199.0228866438 0.3459959
5203.7735537557 0.5179585
5205.9895954584 0.6506479
5207.1804635177 0.1646038
5207.4956189872 0.5543646
5208.0017025236 0.0234228
5208.2555314816 0.0109575
5209.3850639533 0.0516004
5209.8852822002 0.6101794
5211.3358680502 0.0174256
5211.8417809662 0.3330642
5212.3064702740 0.0246549
5212.6553105089 0.0163999
5212.9856081657 0.1157422
5213.6884868413 0.0237803
5214.1429608308 0.0315539
5214.7939930403 0.0201013
5215.2622595945 0.0145545
5215.5874691984 0.0368706
5216.0686608359 0.0417772
5216.6391361035 0.3893248
5217.0024324625 0.0348986
5217.7334767272 0.4667476
5218.8476848956 0.3738304
5219.3645849079 0.1083003
5219.6599248897 0.1501325
5221.1556456485 0.0492307
5221.5408172683 0.0305969
5221.7448305470 0.0579758
5222.4912462849 0.0471384
5223.2118600519 0.0584481
5223.8592684917 0.0352674
5224.1307469913 0.0374888
5224.6415228396 0.0697389
5225.0738225758 0.0308542
5225.5377486765 0.0207184
5225.7636829362 0.1003659
5225.9986322673 0.0572884
5226.4004704912 0.1731882
5226.9865509809 0.2906061
5227.2799420995 0.0159313
5227.5492770806 0.0208071
5228.0013960293 0.3740680
5228.3262186709 0.4397200
5228.6476333651 0.6068903
5229.5509507303 0.0359859
5229.8360445107 0.1985676
5231.3144135171 0.4198167
5231.6707781536 0.0529561
5232.1358305823 0.0138374
5232.8692589209 0.0193501
5233.9640938025 0.0483554
5234.4079690427 0.4972394
5235.6561570198 0.0153589
5236.0877744066 0.3261240
5236.6500694048 0.0376976
5236.8523983929 0.2560605
5237.6635068937 0.0819340
5237.8576352477 0.0126634
5238.7835924156 0.1742797
5240.0378531945 0.0314945
5240.4233567416 0.0356788
5241.2814998699 0.2145808
5241.9298471401 0.0179497
5242.3422074438 0.0100705
5243.5186809113 0.0310029
5243.9565141428 0.3356011
5244.6346526041 0.0312914
5244.8216558234 0.0288375
5245.2402939826 0.2002361
5247.1058328856 0.0174056
5248.2336692197 0.0412077
5248.5165655185 0.2282168
5248.7328618839 0.0186087
5249.0323823520 0.3161742
5249.3827730732 0.0304561
5249.8366391928 0.0126540
5250.5662143484 0.0811935
5250.8987157848 0.0323452
5251.0515872936 0.0209613
5251.4807373202 0.0113450
5251.6755346793 0.2328233
5252.1131074106 0.3893678
5253.4363156523 0.1355667
5254.4873998554 0.0387201
5254.9287758131 0.2825370
5255.4188322116 0.0140727
5256.1098144550 0.0105009
5256.4118563405 0.3174760
5256.7794898726 0.0613302
5256.9815576615 0.0183016
5257.1838341562 0.0707089
5258.4024846062 0.0592447
5259.1065554622 0.0430732
5260.2968100623 0.0172801
5260.9342043457 0.0167001
5261.4336981963 0.0145650
5261.8509785016 0.0806653
5262.1469069926 0.0153270
5263.1709197957 0.3511190
5263.6939756774 0.4625439
5264.0875126785 0.0196741
5264.3507070789 0.0353012
5264.7774857282 0.3934306
5265.3250905634 0.1054840
5265.6620296749 0.5316066
5266.2737609387 0.1867289
5266.6236182732 0.0642289
5267.0227575200 0.3934111
5267.4404933926 0.0927961
5268.0291693657 0.4879440
5268.7399532277 0.0500867
5269.8065010524 0.0738812
5270.0760126800 0.0943939
5270.4305168162 0.0182768
5271.0170023501 0.6083770
5271.8035558384 0.6192707
5272.5264515849 0.0505548
5272.7553169329 0.0309045
5273.4702652533 0.0450838
5273.7340675620 0.0281752
5274.6378964979 0.3597143
5274.8503242268 0.3462738
5275.7030184285 0.0237006
5276.0005676218 0.0220468
5276.4528698655 0.1729287
5276.7392501230 0.1616530
5277.2252097069 0.1992814
5277.4902552994 0.3831015
5278.7813943201 0.0168186
5279.6947856159 0.0112808
5280.2547977884 0.0142198
5281.3499161782 0.0603783
5281.5408679873 0.0411515
5281.8236433577 0.1220175
5282.1026857235 0.0362081
5282.7986042391 0.0188426
5283.2665267034 0.4269007
5283.8750461585 0.0430696
5285.0990805858 0.4297272
5285.5807496164 0.2265032
5285.8947104711 0.0526839
5286.0823821382 0.0444526
5286.6029016942 0.0615612
5288.6512474348 0.0220139
5290.0029587457 0.1695428
5291.2964378407 0.0116837
5292.2892974558 0.0162969
5294.0604265478 0.0753959
5294.6370665624 0.0412011
5294.8465117169 0.0104696
5295.4358005840 0.0728507
5296.0238859411 0.0280175
5296.7904784685 0.0769887
5297.2552013063 0.0256220
5298.1720279500 0.3527270
5298.8561457082 0.2332987
5299.4958455080 0.2238524
5299.7544982213 0.3965373
5299.9656929649 0.1332720
5300.2581487687 0.1031481
5301.4585140871 0.0358078
5301.8812498285 0.0103319
5302.2260981391 0.1805616
5302.5228935713 0.0375844
5303.3539064127 0.0173731
5303.7818636780 0.4279253
5304.7004204177 0.0114614
5305.0187020991 0.0105013
5305.3208770573 0.0127088
5305.6600755949 0.0261353
5307.3441308447 0.0817345
5308.8421560614 0.3232796
5309.9054929172 0.0751166
5310.1626041762 0.0120238
5312.1732902776 0.0372807
5314.1336502628 0.0138318
5314.3367871258 0.0355818
5315.0623010069 0.1155393
5316.5533387294 0.0737973
5318.1007698914 0.3786401
5319.0283861088 0.0170638
5319.8384783267 0.0402537
5320.2547533549 0.0341078
5320.5202218385 0.0159645
5320.7594302914 0.0163624
5321.2976029886 0.0377579
5321.5194301180 0.0455143
5322.5923899925 0.1055008
5323.5267918692 0.2063788
5325.6700278960 0.4596494
5326.7571719930 0.0243917
5327.0397938143 0.1599192
5327.6286359890 0.0907801
5328.3028404338 0.0268169
5328.7426498953 0.0105965
5329.5325597314 0.5870224
5329.8090443582 0.2207098
5330.0206002137 0.4982543
5330.6264818759 0.2037956
5331.2769277310 0.0598626
5331.4754023294 0.1855316
5332.9477099678 0.0263690
5334.1489761928 0.1168169
5334.3889971903 0.3697794
5334.7272700952 0.0166279
5335.1443263869 0.0118934
5335.7117341981 0.0117472
5336.3542367432 0.1120676
5338.2766134963 0.3135640
5339.2315147749 0.0964515
5339.8137935870 0.0229326
5340.6765250622 0.0103172
5340.9173048958 0.0154928
5341.4217038636 0.4053172
5341.9340687762 0.0268479
5342.5191811477 0.4898327
5344.1907047578 0.0785784
5344.9205375635 0.1660437
5345.9386331588 0.0130141
5346.2468603512 0.0130873
5347.2916253215 0.3950361
5347.5698440127 0.0269726
5348.0462886441 0.0367619
5349.8103616267 0.3659955
5350.9547674376 0.3495002
5351.2316809931 0.1294306
5351.5759092700 0.0165095
5351.8419115662 0.0149140
5352.5571024206 0.0195532
5353.5333379815 0.0481848
5354.8718695326 0.2776217
5358.6814743357 0.0134187
5359.6090530444 0.0166376
5360.6937643919 0.0187759
5363.1154338001 0.0947486
5364.3502182920 0.2918491
5366.3703121568 0.3563865
5366.8962503502 0.2887324
5367.9163279378 0.0137994
5368.9672049626 0.3682344
5369.9774488925 0.0159240
5370.8617600258 0.0135965
5371.0874887024 0.0990459
5371.4633988059 0.4127795
5371.8156541604 0.0249114
5372.9938090433 0.5794489
5375.2070155587 0.1989047
5378.3306067195 0.0301222
5379.1097402553 0.0805870
5381.0748516245 0.2081656
5381.8203917143 0.0430696
5382.5232437885 0.2356102
5383.7727302290 0.0437145
5384.8747944977 0.4483928
5387.0808352838 0.0112453
5387.8338337737 0.0794895
5388.4685901725 0.0437626
5389.0079811921 0.0495832
5389.8458080448 0.0242278
5390.9827516639 0.2823969
5391.3449981200 0.0196558
5392.0283875078 0.0666760
5392.9597371758 0.2294680
5393.5239732892 0.0119195
5393.8343972324 0.0231804
5394.6739988681 0.4007167
5396.1742042211 0.1229194
5396.7208104654 0.0462221
5397.7509447478 0.0357386
5398.0791842370 0.0222860
5398.6402851107 0.5805907
5399.1216397498 0.0569419
5399.7846928746 0.2506540
5400.9820304328 0.0567186
5402.0117989478 0.3120629
5402.7735622825 0.0610720
5403.5682084817 0.0287533
5404.2825876671 0.0347719
5405.3296533250 0.1999509
5405.6485623606 0.4565659
5406.1334025576 0.0263243
5406.5059093540 0.0192946
5406.8581098629 0.1237006
5407.2878454789 0.5772343
5407.8387209564 0.0193354
5408.2815070654 0.0929975
5408.9334753968 0.0909802
5410.6427025096 0.1467496
5411.2975883529 0.4472781
5412.4207706472 0.3799501
5412.7250902253 0.0694273
5414.2930742663 0.0346535
5414.6065059571 0.0277379
5415.1830689080 0.0294104
5415.5804594818 0.0885311
5416.7134477637 0.4100929
5418.5470844638 0.0827005
5419.6417572595 0.0163410
5420.2792707609 0.1881897
5421.8651529451 0.1152840
5422.4406346671 0.0447799
5422.6808927980 0.0680703
5423.3500193297 0.0200233
5423.6656965162 0.0189968
5425.5863379828 0.4347243
5426.1527188511 0.1085330
5426.7623260153 0.1524494
5427.7625893081 0.0134859
5429.3202804766 0.0126686
5430.6588922470 0.0172052
5431.2146202492 0.4850838
5431.8710118454 0.0158194
5434.0540515637 0.0736501
5434.4637504495 0.2167341
5435.1467277355 0.0101582
5436.0429787895 0.5428970
5436.6855349207 0.0162414
5437.3721147716 0.1483255
5437.8100509464 0.1032061
5438.1040943198 0.1025866
5438.7044698369 0.0379975
5442.8549358977 0.0731095
5443.9217538000 0.0153975
5446.1014498459 0.0263014
5446.5625736580 0.3546055
5448.1020016988 0.2238434
5448.4365636335 0.5932286
5449.8896315710 0.0305966
5452.3105687358 0.0161433
5452.6320506825 0.0109845
5453.6046559920 0.0203193
5454.3613413014 0.0269269
5454.7476059611 0.0195116
5455.5948813526 0.0214199
5456.0934389463 0.0248595
5457.1338156630 0.5626256
5458.0441574728 0.0109776
5461.8754066761 0.0143645
5462.0155704002 0.0151223
5462.3943549999 0.0150087
5463.0708054769 0.0549102
5464.0155241653 0.0967332
5464.4830020622 0.2818933
5464.8010849604 0.3074062
5465.4724730797 0.0133873
5465.8012791310 0.1009033
5467.9197093197 0.2456836
5468.5074859440 0.0685385
5469.6292299205 0.0219423
5469.9117901696 0.0104929
5470.8025713338 0.0116792
5471.6144465855 0.0546542
5472.1589628361 0.0664806
5472.7189961196 0.0148248
5474.2297295607 0.1048635
5474.6871584556 0.0360672
5474.9105475215 0.0171515
5475.4256618769 0.2690555
5475.7511831287 0.0220565
5477.8084383127 0.2082587
5478.0922674857 0.3291050
5478.4351525950 0.4821597
5479.2383371404 0.0433402
5479.9435731478 0.0978906
5482.0355505610 0.0205482
5482.3824074336 0.1601612
5482.7733383433 0.1826535
5482.9568655410 0.1499777
5483.3968466166 0.0192816
5484.6261156475 0.1325188
5484.8806502837 0.0938029
5487.2435020898 0.0109856
5488.6734167517 0.0730613
5489.0477429235 0.0511880
5489.2736846981 0.2738654
5489.6913766488 0.0324684
5490.4983784334 0.0292284
5491.1925714199 0.0108802
5491.3778355448 0.0257904
5491.6804420999 0.0493781
5492.2237298967 0.0775330
5493.3632801265 0.0247819
5494.4126500007 0.0321752
5494.7620803400 0.0332930
5495.0275158124 0.0953662
5495.3853979488 0.0507979
5495.9947760766 0.0608376
5496.4114855312 0.0379303
5498.0871555214 0.0180887
5499.0495101022 0.4620424
5503.0011689963 0.4397442
5503.6166775712 0.0531990
5504.5992814108 0.0883668
5505.0312233707 0.0136022
5505.4297468773 0.0252841
5505.6289318653 0.0136687
5505.9203403596 0.0182471
5507.4134720011 0.1083248
5508.3163935609 0.4532019
5509.9439392038 0.0304898
5510.1573945544 0.0407604
5511.0717952950 0.0141204
5511.5282600396 0.1294785
5512.2309977499 0.0600228
5513.3219002285 0.0102142
5513.5833966999 0.0181941
5513.7912193080 0.0952304
5514.0581758777 0.1282359
5514.5147213368 0.2413014
5515.8807177847 0.0878479
5516.0706873562 0.1183670
5516.3308185746 0.0136402
5517.1673708578 0.0121648
5517.8178250842 0.0100592
5518.3061812922 0.0566240
5518.6031726255 0.0334723
5519.0720832513 0.0284047
5520.1378649174 0.0104996
5521.1164251224 0.0454285
5522.0310689297 0.0115922
5522.4709304110 0.0141020
5523.1010534951 0.0132190
5523.9835790086 0.1040634
5524.8317189804 0.0128132
5525.5170047600 0.0140616
5526.6559357972 0.0318753
5527.0822267386 0.1525046
5528.3524204169 0.3122303
5529.9537771859 0.4833025
5530.4313603995 0.0366062
5530.6979190726 0.0290217
5531.5091473281 0.0119676
5532.0084611372 0.0165315
5532.3226736289 0.0215674
5533.5175139555 0.0249380
5534.2949446490 0.0956181
5536.3822273264 0.2204862
5536.9684973464 0.1848750
5538.1279965954 0.0126466
5539.3067222227 0.0345640
5540.0571148939 0.0946788
5540.8231324298 0.0360963
5541.3557716903 0.0137478
5542.4260510388 0.0102676
5544.7332320002 0.1891102
5545.4795747283 0.1983787
5546.1525861497 0.0159711
5547.5375526879 0.0178581
5548.0508320146 0.1518571
5548.5366094956 0.0500730
5551.1895744048 0.0155143
5551.4975699387 0.0182465
5553.5154696785 0.0126049
5553.7710211943 0.0123649
5554.2362158028 0.0131140
5555.1313887837 0.1178891
5556.4361252759 0.2728398
5557.2577239965 0.0102548
5558.5643434375 0.0178457
5559.4969478162 0.1215486
5561.1887871039 0.0151017
5561.7590880087 0.1469728
5562.7876316339 0.0128859
5563.6647006945 0.0102381
5564.2558940038 0.1748589
5565.1579792504 0.2703471
5567.0353243879 0.0313084
5567.2541289738 0.2518604
5567.6250823479 0.0333367
5568.3007755974 0.0115279
5568.9408101211 0.1642455
5569.3214122844 0.0131411
5570.4153135674 0.0179156
5571.1726012002 0.4017695
5574.3991316987 0.4092459
5574.6440037425 0.1237736
5577.6440910728 0.3709151
5583.5241382025 0.3149914
5586.3239426128 0.0864932
5587.8350054715 0.0151197
5588.3168607451 0.4513681
5589.1280391963 0.0938998
5589.4153912586 0.1743277
5590.3115020162 0.5190797
5590.9134806004 0.0624398
5591.4127358966 0.0258410
5591.6718047726 0.3219084
5592.3047958054 0.0152166
5592.9172874614 0.0133770
5593.8020460820 0.1709833
5594.1970791313 0.0112829
5595.2934524717 0.0903908
5596.0218868236 0.4521591
5596.6148150565 0.0122516
5599.8585579756 0.2553334
5600.0409892164 0.3959460
5601.5871216798 0.0606259
5601.7804505235 0.0773316
5602.8349246042 0.3003280
5603.3655737022 0.0247446
5604.4695914862 0.4495393
5605.3156516063 0.0285123
5609.2246271549 0.0256821
5610.5383427540 0.0171326
5612.9200354479 0.0154645
5615.8372932889 0.0248360
5616.3386123023 0.0870392
5616.8643209146 0.2397743
5617.2136103370 0.4228404
5618.7485082923 0.0581641
5620.1961284257 0.1434989
5621.1621411529 0.0772829
5621.5926965785 0.0133701
5622.0432089985 0.0714841
5623.1721494260 0.0190138
5623.7816395386 0.0104403
5624.5152367130 0.0131220
5625.5882433562 0.1372358
5626.1116363695 0.3799601
5626.8830303599 0.0989756
5627.2384159388 0.0392313
5629.1992993063 0.0301039
5629.9087194165 0.0249058
5630.2086960973 0.0236870
5633.3591101729 0.0122521
5635.5129686571 0.1883706
5637.3902079290 0.0845005
5638.2651674608 0.0418514
5638.6845863744 0.0849438
5638.9715653362 0.1074730
5639.8311251643 0.2470697
5640.3170831059 0.0177215
5641.8770682893 0.0380994
5642.5510939563 0.1302263
5643.0075720601 0.1690349
5643.4523458556 0.0474207
5644.3200769958 0.0169442
5644.6499105167 0.0279132
5645.1913638280 0.0104633
5645.6894505572 0.0707175
5647.1798224581 0.0779450
5647.3960348471 0.0221696
5648.2558501981 0.0150399
5648.8055942097 0.0246822
5650.1378529215 0.0197624
5650.6516618786 0.0194977
5650.9561518285 0.0116648
5651.2445493165 0.0563324
5651.5574064236 0.0860316
5652.2562487080 0.0834080
5653.0414298549 0.0403621
5653.8899992892 0.0584164
5655.4383896553 0.0979487
5656.0662766658 0.0220219
5656.5062276636 0.0389579
5656.7472268532 0.1284639
5657.0625635766 0.2121761
5659.0170343474 0.0109228
5659.4479446207 0.2474077
5659.9124516265 0.0999385
5660.1220152134 0.1438899
5660.3943152730 0.3459623
5661.1446635601 0.0375316
5662.2773111876 0.0414824
5662.9190442185 0.0452834
5663.7290677339 0.0440364
5664.0929869807 0.3051550
5664.5037204939 0.1507622
5665.5732032512 0.0721427
5667.1305499780 0.0959211
5668.2593226230 0.0535113
5668.7201542143 0.0880494
5669.0898860887 0.1109136
5670.6081152275 0.1173438
5671.3170813553 0.0355094
5671.5192178711 0.0321471
5672.4277381459 0.0256171
5673.0606406886 0.0125132
5673.3902340242 0.0215892
5677.0032604569 0.1185186
5677.3132889436 0.0119776
5679.2657043633 0.0138173
5680.6028610754 0.1751586
5681.4975316131 0.0103053
5681.8213139203 0.0211231
5683.7804604772 0.1340240
5684.2196322908 0.2699485
5685.7725284649 0.1176997
5686.0654696778 0.1681219
5687.4991808169 0.0115709
5687.7770629639 0.0425363
5688.1135853619 0.2171357
5688.4221792918 0.0146011
5689.0588333977 0.0119607
5689.7921156035 0.3364069
5690.1282101184 0.0175262
5691.0468626860 0.0224071
5692.0081440347 0.1283495
5693.0796902917 0.1005362
5695.2256331348 0.1213588
5696.3295786529 0.0321042
5696.5676266222 0.1135772
5697.6746072749 0.0263165
5699.6054108328 0.0291957
5699.9176684595 0.0527598
5700.1038694050 0.0466156
5700.9592136798 0.0100230
5701.8092515570 0.0357331
5702.6869651770 0.0862317
5703.1331713080 0.2748502
5703.9046291536 0.0405158
5704.2468010830 0.0135936
5705.1666521864 0.0540107
5706.3182317051 0.0415058
5707.0525176841 0.0924619
5707.5880975214 0.2260071
5708.2963887000 0.0204843
5708.6189130677 0.0717058
5709.6839548498 0.0871637
5709.9834793370 0.2000314
5710.9687860068 0.3041039
5711.1289544339 0.2903232
5711.5158017366 0.0181631
5712.6764941368 0.2701783
5713.4632116279 0.2024811
5713.7192710624 0.1338813
5714.3637507925 0.0216801
5715.7398754985 0.0352426
5716.1398211779 0.0117940
5716.6729123390 0.2076974
5719.4230084008 0.1673534
5722.4839622130 0.0248890
5723.3036721636 0.0100178
5726.0493898293 0.0103945
5728.6400096733 0.0651161
5729.2505265874 0.0112554
5730.1333525213 0.0122221
5730.4757715642 0.0104436
5732.4432602973 0.0121896
5732.8412614994 0.0117726
5733.3564821173 0.1621482
5733.8912405919 0.0266451
5736.1558527980 0.0110031
5737.2921115870 0.0121647
5738.6587855253 0.0142842
5739.2794199575 0.0101634
5739.8313014787 0.0231196
5741.0684651086 0.0165223
5741.5788607638 0.0121892
5743.4447090284 0.0763002
5744.5579280297 0.0187591
5749.2642575331 0.0590423
5749.5436789950 0.0665526
5749.9504362326 0.0570531
5753.6324397531 0.1503538
5754.7235001977 0.2562127
5755.2352864581 0.0903975
5755.8076567975 0.0107719
5756.0109170269 0.0221715
5756.2555594177 0.2151776
5758.4148587842 0.0595024
5760.8620926050 0.0152468
5761.1361486775 0.0211016
5761.9461419086 0.0444912
5762.4334859565 0.0831928
5764.0123916026 0.0618458
5764.5953546555 0.3098914
5767.9263970046 0.0166883
5770.9302877703 0.0121329
5773.2023085869 0.0139474
5773.7469779236 0.1224459
5775.6387044155 0.0173523
5776.6858204566 0.1436935
5780.0619573174 0.0429959
5781.9866472420 0.0497866
5782.2073753855 0.0750859
5782.4135440133 0.0352180
5782.7854075388 0.0310188
5783.3559634721 0.0342792
5783.7302489263 0.1254544
5784.6734309515 0.0634412
5785.4661908767 0.0877922
5786.2671455859 0.0566681
5786.5780175431 0.0552620
5786.8865291689 0.1076021
5787.3272521239 0.0616209
5787.5801990312 0.0202640
5788.6227599566 0.0116186
5789.5279859034 0.1075943
5791.7353868460 0.0157712
5792.5919637692 0.2332877
5793.1358384928 0.0149221
5794.6824746235 0.1036982
5795.5248036285 0.0796374
5797.6951400365 0.0150653
5799.4687602049 0.1047020
5799.7891945287 0.0917815
5805.6460827579 0.0510690
5805.8735480441 0.0277677
5806.0720303138 0.0378023
5806.8307028373 0.0991418
5807.3791301836 0.0257607
5808.3384646928 0.1320890
5809.3971885638 0.0113456
5810.8305630475 0.1157617
5812.4082671634 0.0108116
5813.5316904786 0.0227375
5816.4262114144 0.0456101
5816.8320009234 0.0194730
5817.6701829926 0.0209688
5817.9865760655 0.1965580
5818.6880229690 0.0237104
5829.4981499509 0.0189315
5833.2169951739 0.0453467
5835.6336869960 0.0311657
5836.7227647447 0.0269467
5837.0683477921 0.0133418
5839.3275673673 0.0159203
5839.9938614877 0.0347667
5846.9108117949 0.0126560
5848.6214788986 0.0424511
5849.7409508394 0.0771840
5851.3082915217 0.0128748
5853.8455845590 0.0838415
5854.7784334580 0.0118653
5855.3068694797 0.2804916
5856.7050845091 0.0493922
5857.7161140535 0.0790787
5859.0798150086 0.3648818
5859.3756464702 0.1232524
5859.9442512204 0.0127822
5860.4068984435 0.0253244
5861.2157281599 0.2052680
5862.7382601175 0.0154226
5863.9884204961 0.2620033
5868.0830329264 0.1143692
5869.1923303518 0.0533962
6007.2112528572 0.0379572
6008.9795267473 0.0503809
6009.6292502508 0.1656325
6010.2268178781 0.2422478
6013.8957353142 0.0407234
6014.8959692361 0.0117005
6015.1591647599 0.1679749
6018.3095430091 0.2137503
6019.9691417664 0.0165993
6021.8405894739 0.2331612
6023.4663535029 0.2425365
6025.7334747544 0.3097661
6028.7251293978 0.1879308
6031.5693899615 0.0135574
6035.7097127823 0.0161101
6037.0159792740 0.0101439
6037.6102485638 0.0115516
6038.1283749057 0.0123437
6041.4007854206 0.0225054
6043.7723897629 0.1349903
6047.6789879966 0.0179854
6054.3659297696 0.0136953
6055.1507654781 0.0107994
6055.3619413249 0.0326918
6055.7534290953 0.0170180
6057.6856801093 0.2027874
6064.5341722256 0.0349117
6066.3133938336 0.0124517
6067.1716862588 0.3688250
6078.5816462643 0.0185679
6080.1781424741 0.2067324
6080.6954158424 0.1019114
6082.8688195953 0.0111572
6083.1349634682 0.0206030
6084.3995040616 0.0724352
6085.7937508522 0.0613576
6086.9404757539 0.0928958
6087.9696165925 0.0835553
6089.5110866528 0.0207785
6091.2596422288 0.0689443
6091.9008947865 0.0563826
6092.8660018347 0.0245351
6093.6061813579 0.0492422
6094.8311595046 0.0114700
6095.3347903170 0.0577308
6096.0654357567 0.0325671
6098.3567851958 0.0823126
6099.9407175662 0.0323373
6100.3480959348 0.0107028
6101.9704592146 0.0132982
6103.8703649562 0.2216673
6104.4158402255 0.3954672
6104.8935188268 0.1484047
6106.8237349743 0.0175275
6108.2983111630 0.0177882
6109.8122968023 0.1708442
6112.7684453726 0.0663083
6113.3499687056 0.0130868
6114.6243465963 0.0142529
6115.0179406279 0.0265488
6117.8908620344 0.1076233
6121.2267341174 0.0369389
6121.4536718127 0.0183860
6123.9201420325 0.4656867
6126.7193627742 0.0538803
6127.9188746944 0.0372226
6128.4576968798 0.0112168
6129.6073252159 0.1102133
6130.6778382974 0.0509991
6131.3910925332 0.0119959
6131.8363535407 0.0376900
6133.2761089979 0.0392501
6133.5538242548 0.0445662
6137.0702118389 0.0138240
6137.4765061801 0.0220184
6138.3243633916 0.3912073
6138.6988447418 0.1952671
6139.4007132628 0.3816946
6140.2154567461 0.0297934
6143.4267595545 0.4284777
6144.1931380017 0.0710237
6146.7215816683 0.0774532
6149.4820322491 0.1608153
6150.9526649764 0.1134852
6151.8306010326 0.0153176
6153.3260261846 0.1317554
6155.9328404160 0.0623390
6156.8478795503 0.1893183
6157.4029679422 0.0102058
6157.7212660740 0.0182442
6159.4374433087 0.1850616
6161.0843603509 0.0197742
6162.4570411712 0.1109582
6163.0015411077 0.1603949
6163.8875846644 0.4991257
6165.1679970018 0.1008844
6165.4604410227 0.1430751
6167.0712885449 0.1118302
6168.1464566758 0.1949055
6170.7491282041 0.2735676
6171.2719253660 0.3227523
6172.2234600208 0.1781048
6174.3985769480 0.0123550
6175.0496127515 0.2065478
6177.0798604778 0.1042886
6178.5245641508 0.1579086
6178.9563118150 0.0286349
6181.9198678025 0.1371991
6185.3074050681 0.0190136
6187.4112585208 0.0319799
6187.9200267323 0.0157861
6188.4291235722 0.0584412
6189.7072254467 0.1044277
6190.7112824274 0.0116360
6192.8978778638 0.2060788
6193.2822534290 0.3994229
6196.1353100557 0.0215205
6197.1693748162 0.0256464
6200.9130470714 0.0166638
6202.0353929632 0.2076882
6206.3281358731 0.0396933
6210.2733229636 0.0102948
6215.1558154544 0.2562588
6216.8676054083 0.1287845
6218.0787207635 0.0580232
6220.6723525385 0.0128377
6221.0083739055 0.2904386
6221.6777940764 0.0100607
6221.9504274963 0.0189572
6222.1999801736 0.0163550
6222.5078551394 0.0328284
6223.0587501402 0.0200734
6225.7107445736 0.0474947
6228.4617215760 0.0486924
6229.2740901700 0.0133886
6230.9590676046 0.0710276
6231.8181515164 0.0375164
6232.4589977807 0.4015337
6234.3713901846 0.2181624
6239.0524652895 0.1048717
6240.1156164097 0.1200364
6241.0907415010 0.0169061
6241.6702844239 0.0285824
6242.0361664539 0.0263460
6242.3785566603 0.1092144
6244.5629094399 0.0113620
6244.8420426731 0.0412969
6245.5478672259 0.0897917
6246.2021981215 0.0991894
6247.3496397116 0.1013978
6248.0535592358 0.3023429
6249.2926177343 0.1791804
6250.6411861019 0.0109865
6251.3603073789 0.0111607
6253.5554241253 0.0176440
6254.2953715940 0.3709444
6255.5667405543 0.0329287
6255.9782671807 0.3216614
6257.6866008081 0.0391707
6258.0955116437 0.2891678
6259.8407986932 0.1176516
6260.4437166747 0.1564541
6261.3250784315 0.0227905
6262.8376498156 0.1018878
6266.8731858557 0.2658463
6271.7145292416 0.0166354
6271.9649195115 0.1339893
6345.9095487817 0.1346841
6348.8541309806 0.1106489
6356.7946332725 0.1807249
6360.4436737543 0.2005823
6361.5959076142 0.0116081
6362.5751973693 0.0327080
6364.1103193713 0.0481337
6364.6364405496 0.0553564
6366.1268688050 0.0513471
6366.4537323917 0.0206395
6368.2448596327 0.0473822
6371.2259347198 0.0494193
6372.1135139116 0.0243696
6373.1209412961 0.0760367
6380.0184717787 0.0604611
6382.5111302567 0.1272503
6385.4865853218 0.0188387
6386.4284598610 0.0407632
6387.4874244547 0.0162877
6394.3122283593 0.0285800
6395.3800918040 0.3741864
6401.7796632202 0.3631823
6402.0894919876 0.1582408
6407.5255130126 0.0120450
6409.0564185946 0.0529439
6409.7962976333 0.2380109
6410.4434759161 0.0150990
6412.6947738220 0.0124508
6413.4289159535 0.3111215
6416.3688353168 0.0277707
6416.7624074519 0.0803283
6418.7017294354 0.1215104
6419.4731292696 0.0199235
6421.4466064536 0.0162464
6421.7288945621 0.2120261
6423.1343777358 0.3206041
6426.6379883793 0.0179889
6432.6319795006 0.3483303
6434.4635180036 0.1193670
6435.2314843314 0.0248723
6438.1901742006 0.0176111
6439.4709076857 0.0139336
6440.8631134856 0.4758583
6608.7818452978 0.0196106
6609.8575729558 0.0259577
6610.9431431910 0.1636698
6611.3939067966 0.0192029
6615.2529925175 0.0148317
6615.6061466052 0.0158741
6626.8567945230 0.0198227
6629.3795360848 0.0520735
6634.2648351655 0.0112108
6635.2474470818 0.0460355
6635.5857444836 0.1501830
6635.9487471677 0.0551860
6636.9605372205 0.0428511
6637.5270329852 0.0153283
6641.5333746868 0.0348900
6645.4698396601 0.2539498
6648.7746381267 0.0118252
6653.0950939379 0.0104266
6655.6942587161 0.0169239
6662.9193971203 0.0171734
6663.1668938483 0.0108895
6665.2893799343 0.2233468
6669.5632477717 0.0161926
6679.8391963514 0.3326452
6681.9894212176 0.0204129
6697.8766717833 0.0604182
6698.1641550747 0.0221926
6700.5273732359 0.0318046
6700.9974071711 0.0134583
6702.9664202262 0.0134330
6705.4254756942 0.0748576
6706.9576683829 0.0934486
6709.6492903881 0.0799719
6712.1791978498 0.0235902
6714.9087707577 0.0440146
6715.5984638467 0.0378933
6717.2419982081 0.0392903
6718.0920413347 0.0219409
6719.5423116626 0.2206989
6721.4705169540 0.0140281
6723.7048815422 0.0727052
6727.2198243968 0.0254447
6728.5289635211 0.1015338
6730.8752209221 0.0150134
6733.9295195777 0.0108221
6735.0145412617 0.0481819
6739.8505076187 0.0336740
6740.0825391087 0.0105964
6740.7017346554 0.0111607
6741.3887687193 0.0180653
6743.4994463689 0.0227341
6744.9954504297 0.0285048
6745.4238899005 0.0124551
6746.9698883620 0.0121534
6747.8302757995 0.0115296
6750.6990987532 0.0139798
6752.0229077679 0.2120366
6753.2025992289 0.0108372
6754.5756653170 0.0685674
6757.4735221121 0.0229918
6759.0442220489 0.0218154
6769.6494584819 0.1984637
6772.9158479240 0.0235767
6774.1914257368 0.0988388
6779.2780975286 0.0130802
6785.5780021755 0.0136075
6788.7387085634 0.0437770
6795.1371690406 0.0187752
6795.4975141355 0.0196035
6797.9895759878 0.0156759
6802.4717270211 0.0190944
6803.8253333082 0.0118097
6805.8834049301 0.0348134
6806.1552559403 0.0226724
6808.7297578919 0.0653832
6812.1464476525 0.1069835
6815.4844344504 0.0100817
6816.8320230576 0.0224116
6821.4563807550 0.0102722
6822.2563769539 0.0775199
6829.8293236137 0.0140233
6830.4807403913 0.1337535
6835.1217732237 0.0146953
6838.8955091559 0.0267887
6840.6902451365 0.0445082
6841.7245680755 0.0492493
6843.2319241118 0.1493999
6843.9316561298 0.0444596
6844.5792302833 0.0774698
6845.5491550578 0.1431083
6850.4600099223 0.0294089
6852.3248718356 0.0113002
6854.8166049022 0.0117747
6856.7257103301 0.0202636
6857.0593263362 0.1715533
6857.6189063494 0.0301969
6859.1453695631 0.0338871
6860.0470261814 0.1147452
7419.4408729179 0.0131947
7420.7170335760 0.1027785
7423.6120710429 0.0274301
7424.3294587127 0.1987815
7425.5551685328 0.2130643
7426.6857151149 0.0305113
7429.5998181168 0.0114383
7432.5929563765 0.0186161
7432.8931418279 0.0371583
7433.6484767452 0.0165726
7437.6367934664 0.0417364
7439.6639644185 0.0108683
7441.6358484361 0.0111800
7442.6828911167 0.0127646
7442.9678571467 0.1075863
7445.0785071776 0.0556193
7447.8109223211 0.2484869
7449.4532739829 0.0512553
7449.9652669927 0.0254608
7451.3907244411 0.0445670
7454.1542949999 0.0115958
7456.0573608435 0.0171829
7457.4563842508 0.0128401
7463.5836362094 0.0434025
7464.3997301801 0.1968020
7465.4498277438 0.0126319
7466.3332205640 0.0157857
7474.8092766515 0.0178454
7475.6206387536 0.0236368
7478.1944320884 0.0193822
7478.4389362350 0.0256932
7479.6503803320 0.0207553
7481.7657612114 0.0179336
7483.5396102203 0.0146717
7484.0059509528 0.0144248
7484.2799205968 0.0232033
7486.3681605147 0.0111731
7488.7230789548 0.0148420
7493.7182625927 0.1358658
7496.4626985553 0.0217712
7497.1416253450 0.2631383
7500.6035073050 0.0264981
7506.9963677300 0.0104739
7508.0930253968 0.0266611
7509.3404112859 0.1178541
7513.1003437845 0.2782023
7516.2683908296 0.0192074
7517.9085627237 0.0274886
7524.8426601244 0.1558447
7525.2997031645 0.0202347
7527.1902660442 0.1513282
7533.2268782969 0.1777406
7533.8662079062 0.0210298
7535.4519329776 0.0327304
7542.5153010217 0.0148672
7543.9958822937 0.0133067
7548.2607144617 0.0668917
7549.9796345879 0.0315037
7553.1879017335 0.0157422
7553.6084704554 0.0113404
7554.5760987086 0.0136523
7556.9182349777 0.0195317
7557.6871670775 0.2052791
7561.7889860596 0.0448656
7565.0987731091 0.0255912
7570.9907843345 0.1589232
7571.6469934858 0.0109566
7575.5116424653 0.0248487
7576.1342812933 0.1410733
7584.2045211123 0.0162999
7585.8867984617 0.1999047
7588.1172176205 0.2128257
7761.4665937982 0.0112337
7762.7970586976 0.0196333
7774.1012995124 0.1375167
7776.3204038976 0.1210396
7777.5403389890 0.0983956
7791.0787426550 0.1761084
7802.1527119216 0.0813413
7804.6253326900 0.0236034
7810.0644905295 0.1108585
7812.9767805598 0.0320256
7813.2904223900 0.0151194
7828.9181531219 0.0157467
7834.3618018659 0.2077199
7837.4655461672 0.0512236
7838.2882618940 0.0665244
7840.9619051498 0.0114993
7852.1370440928 0.0788266
