3783.0202151941 0.4333676
3783.1887581714 0.4174442
3783.5341001897 0.5810514
3783.6751387385 0.4465608
3783.9309267528 0.0664411
3784.0320331869 0.0746805
3784.1370243994 0.1056329
3784.4202916075 0.4569119
3784.6132499744 0.8662056
3784.9056423823 0.1200756
3785.1131907271 0.0597849
3785.3184904487 0.1199074
3785.5844406043 0.2255234
3786.0754612456 0.0584584
3786.1682779496 0.0574730
3786.4567038816 0.1485490
3786.7868752510 0.4823773
3787.0334495900 0.6844685
3787.2506618873 0.7500193
3787.4098804599 0.2543226
3787.5339806461 0.2288308
3787.7515785043 0.8396657
3788.2430807094 0.5972439
3788.9764803752 0.7596536
3789.5319921230 0.2072663
3789.7738574351 0.5679720
3789.9411015946 0.1813969
3790.2596428542 0.6038353
3790.5153704066 0.4941453
3790.8981419635 0.4349066
3791.1782788147 0.7894043
3791.5661730436 0.4801416
3791.7367699361 0.4753380
3791.8459604056 0.7184100
3792.1806343887 0.1960149
3792.4566078719 0.2713220
3792.5843370754 0.5009694
3792.8213370603 0.4535721
3793.2319073923 0.5770249
3793.4222615170 0.5357443
3793.7579629312 0.4066604
3793.9082382302 0.4360363
3794.4242850233 0.6006412
3794.5646516903 0.5181906
3794.6794900388 0.5770220
3794.9526260908 0.5009311
3795.4242668477 0.7054162
3795.6891082175 0.1091680
3796.0872124921 0.6973433
3796.6126487525 0.4174360
3796.8442410310 0.0911139
3796.9780558394 0.0782551
3797.0939313296 0.1339153
3797.2540209412 0.2002632
3797.4641662816 0.0792913
3797.5734422984 0.0806676
3797.9638217931 0.2547929
3798.2184444248 0.1694942
3798.5999830856 0.6072967
3798.8018755651 0.1692772
3799.0295534912 0.3234715
3799.3479374236 0.1482962
3799.5988394919 0.6635498
3799.9764861363 0.0994152
3800.3364960316 0.1340023
3800.6361116931 0.6514815
3800.8618128892 0.2191888
3801.3930804046 0.1322619
3801.6333172572 0.1373814
3801.9318310658 0.0849511
3802.1971643274 0.1490427
3802.4368392157 0.3390358
3802.6205898896 0.1295220
3802.7618874077 0.5445949
3802.8948463003 0.4362291
3803.0665567278 0.5991185
3803.3617610302 0.5206029
3803.5765262209 0.0744423
3804.1615065191 0.1573559
3804.3344330842 0.2907814
3804.5606608138 0.2496299
3805.0931437409 0.4910732
3805.3697055259 0.0719461
3805.8714661864 0.5242723
3806.4277091408 0.7450625
3806.8361396424 0.0784138
3807.2997754955 0.5641398
3807.4893919304 0.2980099
3807.7977060389 0.8145425
3808.2333913850 0.8158789
3808.6262464066 0.6839378
3809.0169662747 0.3121291
3809.2115154636 0.4542038
3809.3667712053 0.3830778
3809.6008480933 0.2112255
3809.8146477940 0.7157188
3810.1302426097 0.4993582
3810.6648821910 0.5242832
3810.8042489267 0.3134116
3810.9726304904 0.0781451
3811.1187544919 0.0590912
3811.3708802121 0.0729354
3811.8397787394 0.5916182
3812.1228210732 0.4714746
3812.3870896301 0.4146920
3812.9736764473 0.3785549
3813.3235657610 0.1475613
3813.5499726536 0.0590400
3814.0521905060 0.7195520
3814.4737560355 0.4169020
3814.7201931244 0.5790522
3814.9873325128 0.6401721
3815.6249795090 0.7822142
3815.8702467963 0.5557258
3816.5241473903 0.0913330
3816.9315496680 0.6753506
3817.4264190446 0.5706761
3817.8261461609 0.2717138
3818.0083203080 0.3464906
3818.4776334680 0.1911552
3818.7269463121 0.6490983
3818.9278389646 0.2318032
3819.3212849535 0.3459745
3819.4285594796 0.2713261
3819.5576058433 0.2016056
3819.7080182593 0.3429289
3820.1484815087 0.2867687
3820.3327952152 0.3561600
3820.5852889196 0.3652097
3820.7665393807 0.1339322
3821.5177295233 0.6529838
3822.2698395794 0.6399139
3822.5713161176 0.0571042
3822.9238849445 0.3676822
3823.3776186440 0.3884950
3823.7288389728 0.0819380
3823.9422591491 0.3337523
3824.1349501984 0.2856895
3824.3020978994 0.1300344
3824.5992976708 0.7123153
3824.9698457663 0.4732693
3825.1674494540 0.5042363
3825.4010036256 0.5223658
3825.5388708181 0.6202940
3826.0092787509 0.2549471
3826.3543436871 0.2922466
3826.4961767014 0.2449193
3826.9790899481 0.6442904
3827.4984475893 0.1958246
3827.7159253466 0.2989906
3827.9359281207 0.2885951
3828.1731376076 0.0619264
3828.4032081994 0.1717740
3828.6711374822 0.4177199
3828.9201519690 0.6550598
3829.2599411819 0.4893124
3829.6168080648 0.4213840
3830.4501365116 0.7321237
3831.1575569240 0.2318829
3831.4472004474 0.1207143
3831.5734390135 0.0621278
3831.7221431598 0.2640333
3831.8526369424 0.3361801
3831.9516021190 0.4931591
3832.1241858735 0.4216285
3832.2859989182 0.0505695
3832.7877308892 0.5235789
3833.4033133097 0.7695338
3833.9734901989 0.3912248
3834.1517899421 0.2205033
3834.4027191375 0.5488102
3834.9483013070 0.2536473
3835.3236663352 0.6924539
3835.8100848669 0.1006175
3836.2711618618 0.3069306
3836.4539221580 0.1988862
3836.6325899404 0.1422607
3837.1786267177 0.4370155
3837.4256870031 0.5659250
3837.6093479551 0.4885712
3837.8579916831 0.3426318
3838.0055058673 0.2554691
3838.2290852292 0.4232407
3838.5155938435 0.1249284
3838.7296654742 0.1979993
3838.9661286972 0.2605383
3839.3921925697 0.7518187
3839.8242236151 0.1666426
3840.0731753975 0.0727625
3840.3463801167 0.5681328
3840.5277276614 0.1088422
3840.7153386549 0.3372834
3840.8815002313 0.4250308
3841.5369320030 0.6669148
3841.8453684268 0.1587921
3842.1452921076 0.6492286
3842.3611691338 0.3260249
3842.5459721599 0.2194502
3842.8256305826 0.4437754
3843.1389732553 0.6352943
3843.3011232717 0.0903481
3843.5398956037 0.0477200
3843.7325877930 0.1890985
3844.1074370729 0.6233218
3844.3535900958 0.6643229
3844.5491549634 0.1586336
3844.8036268805 0.4054465
3845.0883001723 0.5228686
3845.3288461689 0.5266709
3845.5400712106 0.1549022
3845.6600120229 0.1293928
3845.9823145427 0.2397868
3846.1092781818 0.3064680
3846.2764383649 0.6959605
3846.5604255415 0.7975623
3846.7902320578 0.3451625
3847.0829617593 0.5640854
3847.3805978175 0.3013014
3847.5062857662 0.5195946
3847.7453779992 0.4829586
3847.8980792639 0.6619194
3848.0414535631 0.4714162
3848.4107804092 0.1065031
3848.9405597983 0.5314745
3849.3868013120 0.5134809
3849.6945032936 0.1853905
3849.9379548546 0.3050016
3850.0961415186 0.5692484
3850.4531577186 0.3698339
3850.6315374256 0.2878444
3851.0686136912 0.6738291
3851.2488935733 0.4173555
3851.6081457781 0.1128651
3851.7517658852 0.1445673
3851.9194886720 0.6693755
3852.3800289153 0.5195686
3852.6297733282 0.2813815
3852.9498120066 0.1539432
3853.3063378069 0.3770116
3853.4987682628 0.6333470
3853.6716965259 0.6524837
3854.1303932659 0.1083878
3854.2980399959 0.2948298
3854.4433318010 0.2333867
3854.5755280696 0.5606329
3854.8142937407 0.1414544
3855.0062108353 0.0351063
3855.1545533848 0.2060176
3855.3254505717 0.3182533
3855.4616824811 0.4519078
3855.6689558414 0.3484319
3855.9520052647 0.2844631
3856.2132573382 0.0684882
3856.7106724998 0.6067338
3856.9426735950 0.5484663
3857.1206901965 0.2293265
3857.4762764239 0.6973131
3857.7563170784 0.4198019
3858.0217772202 0.0920662
3858.2382609608 0.2788837
3858.4256014898 0.0822825
3858.7669018840 0.5278903
3858.9759406389 0.3065688
3859.3999278773 0.7891948
3859.5666485932 0.0756261
3859.7840744215 0.1975018
3859.9741280886 0.2967684
3860.3162809587 0.5517113
3860.5514231577 0.1997953
3860.7755337268 0.2008063
3861.0170833437 0.6544350
3861.5426060869 0.1784161
3861.7196911823 0.3526315
3861.9325635694 0.1959740
3862.1072834199 0.1919676
3862.2601251881 0.4573313
3862.4371774159 0.4266688
3862.6760060879 0.2958978
3863.0736240771 0.2035996
3863.5893184311 0.3963082
3863.9187732166 0.0731165
3864.1613659407 0.3015788
3864.4946848231 0.5091984
3864.8318926483 0.6120114
3865.0742921339 0.1577058
3865.1974027891 0.3366689
3865.3990713064 0.5019174
3865.6046733076 0.3529094
3865.9714903206 0.4506589
3866.2400705811 0.3997680
3866.6291004762 0.6652681
3867.0827360848 0.3486778
3867.5354639587 0.3874012
3867.9261786561 0.3145964
3868.0734350876 0.1241064
3868.3196109719 0.7139781
3868.7268216646 0.5375755
3868.8682097198 0.1699826
3869.0235344121 0.4555028
3869.2085026591 0.1828294
3869.3389804455 0.2576942
3869.5174677863 0.3670759
3869.6618590640 0.1945781
3869.8690334211 0.4045055
3870.2570142339 0.2982689
3870.4861789751 0.4662478
3870.6815060101 0.7237116
3871.0155836265 0.4514752
3871.2507532219 0.4398733
3871.4516322830 0.3688861
3871.6129149690 0.3504277
3871.7880400979 0.2997275
3871.8907370464 0.0701457
3871.9769511850 0.1769002
3872.1185238317 0.1095162
3872.4812289027 0.4126563
3872.6538731570 0.1071545
3872.8540193596 0.6062115
3872.9973997678 0.2322579
3873.1681627231 0.4410942
3873.3831451080 0.1162757
3873.6100962284 0.7128124
3873.8251815308 0.1514972
3874.0301041484 0.4466396
3874.2124227828 0.7999703
3874.4073386464 0.2040775
3874.6639867783 0.4898063
3874.8644148973 0.7401844
3875.0578761032 0.7411722
3875.6228198837 0.5173970
3875.8693820826 0.5273726
3876.1800040967 0.4274004
3876.3927928755 0.5021348
3876.8810721056 0.4603058
3877.0082932618 0.1430403
3877.1482352894 0.7044473
3877.4055121204 0.1962675
3877.5451765362 0.3665082
3877.7747325718 0.3040959
3877.9402510782 0.5880501
3878.0745868374 0.5201397
3878.2979968641 0.3043634
3878.4412515655 0.1870949
3878.5733685677 0.3390270
3879.1284782631 0.6613172
3879.4124882171 0.1850861
3879.6817126427 0.6593533
3880.3076061999 0.4763569
3880.7813394975 0.4801166
3881.2957093061 0.0920958
3881.4758553349 0.3820076
3882.4267472721 0.3716840
3882.7086226074 0.4933527
3882.9811790571 0.7303618
3883.2240708942 0.5170861
3883.4114734549 0.5611907
3883.6301938896 0.4445720
3883.8072077761 0.4508354
3883.9734751549 0.3561861
3884.1065787495 0.1388778
3884.3932052854 0.2059729
3884.7369002804 0.1774018
3885.4690492568 0.7028427
3885.7269011636 0.4011638
3885.9415061906 0.1344399
3886.3025258305 0.4786306
3886.6185248190 0.6546453
3886.8558058317 0.2497928
3887.0209947635 0.2416879
3887.3945678050 0.6595342
3887.9050225096 0.3456784
3888.1590945168 0.7027752
3888.9899550260 0.0559560
3889.1477933764 0.0741875
3889.6258387683 0.6408729
3889.9337071875 0.4204998
3890.2126244783 0.1003546
3890.7752238226 0.3243884
3891.0192654132 0.3893596
3891.2960393382 0.2019645
3891.5008007707 0.3716153
3891.6668177338 0.2960716
3891.9491107174 0.5209502
3892.2966967851 0.3313353
3892.4844981523 0.1119891
3892.6119596260 0.2702565
3892.8875826545 0.1726969
3893.0338764730 0.5316551
3893.4151364232 0.2100772
3893.6926424237 0.3203137
3894.0009404040 0.5128469
3894.4984846415 0.6977564
3895.0248123471 0.6067303
3895.1814088611 0.8177347
3895.5941020739 0.2295162
3895.7951441543 0.0782683
3896.0892059516 0.5950578
3896.1995842994 0.1378197
3896.3334142153 0.0865315
3896.5575440300 0.3289739
3896.7701956555 0.7929547
3897.2349764197 0.2391483
3897.5808917359 0.3026417
3897.8819018569 0.1419499
3898.0777267618 0.0281315
3898.2821642002 0.0223259
3898.5620860100 0.6114600
3898.7543322537 0.0720750
3899.0021936137 0.6367355
3899.1250665184 0.8223941
3899.4960797967 0.3792217
3900.1391227535 0.5529376
3900.4993200673 0.1224644
3900.8222219872 0.7606234
3901.3210412119 0.0937054
3901.6482668201 0.7807395
3901.9347182677 0.2452951
3902.0668207593 0.2541462
3902.7010910130 0.4242297
3902.9722806272 0.4420187
3903.3659019555 0.4395694
3903.5346346007 0.1953105
3903.7423578533 0.2713453
3904.0590860327 0.6441969
3904.3574516392 0.3884538
3904.9983279545 0.6921166
3905.1785190969 0.1617126
3905.4363196579 0.0263437
3905.7379763749 0.1575524
3905.8958169654 0.5202856
3906.1180217043 0.1321752
3906.3062589343 0.2163633
3906.6390378413 0.4759779
3907.0080241221 0.3594539
3907.4073983909 0.4120654
3907.5991933396 0.8211816
3907.8570590022 0.5296918
3908.0696437180 0.1971371
3908.2161119383 0.0944474
3908.3475480924 0.0708893
3908.5834129243 0.5896857
3908.7850291635 0.2327670
3908.8790905004 0.1630764
3909.0455708156 0.6280144
3909.3808534416 0.2609954
3909.5233884685 0.0453332
3909.6473278305 0.1296245
3909.8667240238 0.6049065
3910.0344623080 0.3590535
3910.3918272100 0.1585601
3910.6120111898 0.0982779
3910.7710662124 0.5283633
3910.9479769576 0.5404875
3911.4402973560 0.4477881
3911.6371590905 0.3871143
3911.9533691933 0.5843404
3912.1062475780 0.3889116
3912.2832553102 0.2027313
3912.5245699790 0.0630171
3912.8111110229 0.2048329
3912.9286765270 0.3108492
3913.0957073406 0.3106151
3913.3989275518 0.3189723
3913.6939959796 0.0199087
3913.8885370227 0.0442878
3914.0868918398 0.3747144
3914.3597673659 0.2169504
3914.5766955837 0.7882999
3914.7442050140 0.6633959
3915.1193085407 0.2935553
3915.4137241720 0.5355183
3915.8471390661 0.0561564
3916.0813778973 0.0228152
3916.3261230967 0.2115963
3916.5849511966 0.2472771
3916.7213832406 0.4086230
3916.9213287863 0.5438693
3917.3518519416 0.4083623
3917.5118746142 0.4748352
3917.8448802775 0.6206673
3918.0866280989 0.0501762
3918.2949892999 0.8018538
3918.4663765153 0.1141117
3918.7113685433 0.1059903
3918.9742194761 0.0627052
3919.2031258528 0.0184561
3919.4300204756 0.5999178
3919.7544550897 0.6688282
3919.9975426737 0.0541956
3920.6983341878 0.0503838
3920.9275994309 0.0420886
3921.3783381575 0.7714438
3921.7369954958 0.2301517
3921.9484078075 0.4039656
3922.1562715947 0.6373349
3922.2960632698 0.0969719
3922.5389197180 0.3343117
3922.6612118324 0.3166998
3922.8249074985 0.4259621
3923.1872664554 0.1596184
3923.5313630733 0.1709862
3924.0307304635 0.6568788
3924.4286120427 0.0455213
3924.5917296102 0.0640640
3925.1755654318 0.0968276
3925.2830264526 0.1054202
3925.6402711429 0.4484401
3926.3169098896 0.3984368
3926.7611110396 0.5475481
3927.0738650761 0.6004499
3927.4354171038 0.0576214
3927.5718375254 0.2013446
3927.7542364529 0.0404981
3928.0257627643 0.0244918
3928.2284673656 0.0246182
3928.5545807180 0.0954054
3929.0434598321 0.6467220
3929.2002013428 0.2600074
3929.3265158817 0.1048104
3929.4451477079 0.1926713
3929.7562692249 0.3230270
3930.2375825208 0.2450870
3930.3309189334 0.2225869
3930.4674597393 0.1303431
3930.8319364982 0.0719536
3930.9958495106 0.2290493
3931.4193161899 0.6273465
3931.9993100185 0.0373633
3932.2396731136 0.1567029
3933.1323584494 0.1166476
3936.4225996314 0.0777554
3936.9399859861 0.2383737
3937.0906739173 0.2374173
3937.6600170923 0.0430661
3938.4493909235 0.2590877
3939.1204120075 0.1342928
3939.5226608886 0.2599171
3940.2593686266 0.0470612
3940.6272579010 0.0272760
3941.1553438614 0.1666149
3941.4660286505 0.0583791
3941.7745555675 0.0506612
3942.0003992029 0.6069790
3942.3959257592 0.4055417
3942.6096376619 0.4526033
3942.8521967378 0.4254079
3943.2674693860 0.0906231
3943.5558563746 0.5522646
3943.8712850762 0.0698181
3944.2285944907 0.2315239
3944.4615864144 0.4269091
3944.6915832173 0.1538077
3945.1321149085 0.6811559
3945.8428899425 0.4031271
3946.0102794291 0.4648074
3946.2383518226 0.4931372
3946.4488738191 0.3815383
3946.9703223402 0.2492374
3947.3120341344 0.0299890
3947.7672750703 0.1185235
3948.1159515430 0.5407175
3948.4983415200 0.3636317
3948.6523782570 0.5740857
3948.8835038611 0.4941340
3949.2198628538 0.6476936
3949.3968001448 0.1940396
3949.7965817416 0.6458277
3949.8962260724 0.4738133
3950.2483334753 0.3235492
3950.5066247679 0.0200340
3950.7281805889 0.0339670
3951.0760499084 0.7054893
3951.2520236003 0.0499009
3951.4718954031 0.4297651
3951.9096962931 0.0158600
3952.2858982361 0.6596790
3952.7418118034 0.1004944
3952.8875163815 0.0868404
3953.0806440904 0.4151381
3953.3126427295 0.0761412
3953.4576078752 0.1343775
3953.7358515786 0.6526116
3954.0573104358 0.5253097
3954.2681696419 0.4614729
3954.6178066712 0.2273286
3954.9788129372 0.4018500
3955.1745706851 0.0448646
3955.6545962018 0.2350167
3955.8337969113 0.1897416
3956.4578791821 0.5710127
3956.7294069392 0.0270836
3956.8699477242 0.0374863
3957.0783365999 0.4645080
3957.4574638398 0.5974968
3957.5808495799 0.6473716
3957.8029749304 0.7052692
3958.1541538906 0.6976579
3958.5917188995 0.0179074
3958.7470594076 0.2435020
3959.0555455315 0.4203667
3959.3316270916 0.6264550
3959.5345493747 0.1655505
3959.8591728406 0.2155546
3960.3072377043 0.0481928
3960.5874885246 0.0446304
3960.9515855922 0.0927099
3961.4040015145 0.3766211
3961.8954767796 0.0364258
3962.2687464538 0.3714816
3962.6518894152 0.7094828
3963.2748564847 0.2762760
3963.4922393566 0.3460250
3963.8322198487 0.1116624
3963.9782557945 0.3501469
3964.2322247441 0.4902860
3964.5541083357 0.1533995
3964.8110334577 0.4467351
3965.1430578168 0.0269761
3965.3958342873 0.2948116
3965.6449490227 0.3874374
3966.3643085389 0.0295191
3966.6350600822 0.2178485
3966.8485018207 0.0578785
3967.0519847507 0.0905675
3967.1928545316 0.4254236
3967.6327831849 0.2207972
3967.7558763374 0.3293481
3967.9450841434 0.0743094
3971.3892878325 0.1413136
3971.5201355120 0.1882807
3971.7645869609 0.0493921
3972.1318165142 0.0712449
3972.4531378567 0.4197787
3972.8209842727 0.0231607
3972.9480058149 0.0666918
3973.2978447823 0.3313286
3973.5651057475 0.1845706
3973.6900321935 0.1453842
3974.0393639603 0.1035333
3974.2621867182 0.1227891
3974.6931928741 0.5512621
3974.8119574528 0.5381877
3975.0205048659 0.2160622
3975.2888090666 0.1745983
3975.5252285054 0.3757861
3975.7588375510 0.2269552
3975.8829948881 0.4801804
3976.3330878909 0.2213124
3976.4762830478 0.0947375
3976.9691697026 0.3011215
3977.2093691007 0.2612063
3977.5126154664 0.2608753
3977.7759020419 0.7248871
3977.9877508610 0.4314384
3978.3102611168 0.0642137
3978.8718071704 0.7104191
3979.2855818318 0.1065907
3979.4733666214 0.1938746
3979.5838108620 0.2690583
3979.7865894560 0.4541993
3979.9808669811 0.0641131
3980.3120598279 0.0382164
3980.4503554297 0.0102324
3980.6417408507 0.3828118
3980.7649082736 0.3562435
3980.9138084942 0.1043253
3981.1366292821 0.1279877
3981.4191788729 0.0179897
3981.7556953127 0.1942063
3982.1050906454 0.1093343
3982.2269291326 0.2195057
3982.3578272850 0.1658641
3982.6338975666 0.0716752
3982.7417790906 0.0434948
3982.8970459653 0.7190314
3983.1201083893 0.3697006
3983.6098848345 0.3937683
3983.7200043535 0.5046589
3984.1268603823 0.2728189
3984.3234143576 0.3111062
3984.4839080485 0.1295964
3984.6680348998 0.2131591
3985.0729546257 0.7527007
3985.2773786969 0.3552898
3985.4622653476 0.3547444
3985.7907722354 0.2847128
3986.0656235453 0.2639460
3986.5053305877 0.6071396
3986.7318132802 0.0488911
3986.9011470719 0.0133088
3987.3037513695 0.5765439
3987.8893231007 0.5957977
3988.1997739395 0.2020898
3988.5068310129 0.0857179
3988.7356692035 0.3548245
3989.0919071595 0.1181217
3989.4484173774 0.0216840
3989.6459595377 0.1991027
3990.1208634013 0.3716071
3990.5753332806 0.0206582
3990.7361223656 0.0774339
3990.8937853644 0.6810728
3991.2359645445 0.0707579
3991.5014860983 0.5500044
3991.6962175074 0.1113023
3992.2480432841 0.5271782
3992.5621747332 0.2005938
3992.8149306358 0.3925978
3993.3739230281 0.3248666
3993.5168658857 0.1548862
3993.7667254837 0.0694384
3993.9555042613 0.3895006
3994.2276828284 0.2804098
3994.4261324321 0.0357794
3994.7391165262 0.1145661
3994.8667366137 0.0447156
3995.0888848172 0.3332810
3995.2472627673 0.4985051
3995.6406500606 0.4035763
3995.8127729409 0.3162998
3996.4427937941 0.7100793
3996.8786246251 0.2131429
3997.1171288331 0.5758062
3997.3985549411 0.2986529
3997.7011484678 0.0907157
3997.9158608335 0.2039568
3998.0991814709 0.5149021
3998.2414555885 0.2885619
3998.5295687451 0.7417999
3999.0375685209 0.7239538
3999.1885410012 0.6839572
3999.6101520564 0.1746505
3999.7696260977 0.7200791
4000.1058915637 0.3570736
4000.3633362739 0.1030869
4000.8044836150 0.0339858
4001.1551605075 0.0397610
4001.3856811471 0.4606645
4001.5930760068 0.5039116
4001.9409832678 0.0488100
4002.2874743896 0.3738615
4002.5757201487 0.3169509
4002.7989382431 0.6257638
4003.2055924717 0.1765981
4003.6323560541 0.1160249
4003.7953788767 0.1805526
4004.0575257614 0.3831007
4004.3991994998 0.0436138
4004.6589246731 0.0296221
4004.9000663925 0.5118567
4005.1431590719 0.0519710
4005.2986234417 0.0434982
4005.5111950291 0.0171338
4005.7346581719 0.0589835
4006.3854143936 0.7359542
4006.8370194243 0.4909137
4007.0874145345 0.0681066
4007.2844057644 0.3271934
4007.4464209577 0.5263532
4007.7611330806 0.5093333
4007.8974509114 0.6098170
4008.1257048492 0.2859471
4008.4089271273 0.6337204
4008.7254672497 0.0200673
4009.0597989508 0.1994003
4009.5443604993 0.0253182
4009.7375372959 0.0685644
4010.0456414473 0.6457610
4010.2790392022 0.3082658
4010.6800901373 0.2866436
4010.8441364749 0.7522812
4011.1072811527 0.0694929
4011.3079553800 0.1773500
4011.5008714908 0.0381537
4011.7190224747 0.3752245
4011.9084600071 0.2485193
4012.0650486277 0.3131936
4012.2160915295 0.0272446
4012.5446860994 0.4189498
4012.8484193546 0.3550247
4013.1469557926 0.0437758
4013.3836457225 0.1315889
4013.5237428258 0.6182433
4013.7413416383 0.0287457
4014.2177952335 0.0143828
4014.3641315378 0.0450826
4014.7674922572 0.4495368
4014.9462994160 0.6431891
4015.4030328724 0.3346998
4015.6614668473 0.7515259
4016.0631964740 0.1193549
4016.2866876798 0.0550436
4016.5123363897 0.1170448
4016.7416271116 0.4815779
4017.1335893890 0.0254019
4017.4167613108 0.0562304
4017.5569245051 0.4478065
4017.9355947114 0.1076181
4018.2703918145 0.7118372
4018.6017718454 0.4077715
4018.9094904142 0.1461626
4019.2370408758 0.7684718
4019.4032692129 0.4639699
4019.9641623212 0.0345656
4020.1873149543 0.2849636
4020.4293894723 0.0856190
4020.6708457491 0.0129938
4021.1847937243 0.3851587
4021.3947302655 0.3299841
4021.5341518297 0.1621350
4022.0364776305 0.5343846
4022.3264717043 0.0224046
4022.4704192321 0.0848123
4022.7536965114 0.4243514
4023.0050831571 0.7487989
4023.3657681869 0.3021257
4023.5774252707 0.1238809
4023.8768514524 0.3078515
4024.1387524578 0.0766942
4024.2847185649 0.0132805
4024.5195403540 0.4462382
4024.8227611593 0.3301482
4025.2349280681 0.4185805
4025.7107260780 0.4555795
4025.8663047889 0.6323394
4026.2698567989 0.5332332
4026.5623315591 0.2538759
4026.9569271102 0.3519061
4027.3001608081 0.2176530
4027.5699427792 0.2992803
4027.9081608577 0.0269034
4028.0340860303 0.0124842
4028.1917237717 0.3601800
4028.3867113354 0.0323130
4028.5233434569 0.1357583
4028.8055577596 0.2831466
4029.0774072738 0.1277215
4029.4809154708 0.5152978
4029.8992469435 0.2468832
4030.2077314152 0.0103189
4030.5615679319 0.0349956
4030.7796652592 0.6395629
4031.0027266442 0.0374190
4031.3274886030 0.5199790
4031.6339415966 0.6152818
4031.9028499570 0.9118536
4032.2452987209 0.0745137
4032.3798124121 0.1859029
4032.8885471340 0.4703375
4033.1032657013 0.5530681
4033.4065533211 0.0292253
4033.5994066735 0.4026453
4033.7761466640 0.6566316
4034.2135507741 0.9190738
4034.7519806447 0.2766739
4035.0539240763 0.0457557
4035.2216432304 0.0235159
4035.3667190053 0.2587858
4035.6320764539 0.9264418
4035.9979694549 0.0716604
4036.2558242733 0.0573183
4036.3841707758 0.1060900
4036.8653383441 0.6910362
4037.1180264733 0.0670696
4037.3783110087 0.0284864
4037.5114988678 0.1417526
4037.7019276516 0.0330951
4037.9054331642 0.1841496
4038.2602256985 0.3072062
4038.4403425273 0.0515646
4038.8215203809 0.1341013
4039.0667232763 0.0250190
4039.2589953039 0.0884699
4039.4215101219 0.0206482
4039.7713006720 0.1447441
4039.9283470308 0.3781275
4040.2301250294 0.2534831
4040.4346578039 0.0363428
4040.7036867812 0.0634079
4041.0790824987 0.2063456
4041.2325914440 0.3649631
4041.4294460724 0.0768352
4041.7826690044 0.4653506
4041.9223615280 0.2548153
4042.1885200074 0.0250847
4042.5063802352 0.8297001
4042.7917228615 0.3454651
4043.0571141418 0.0670355
4043.3852024557 0.0353497
4043.5081936239 0.0112942
4043.7277886310 0.0807380
4043.8938981936 0.0552729
4044.0473570987 0.1250720
4044.4772812321 0.0845703
4045.0524552462 0.5150841
4045.2810426869 0.0878282
4045.7515082845 0.5943818
4046.2627740923 0.3669028
4046.5383273657 0.4372618
4046.7531247127 0.3151181
4046.9664411926 0.6259980
4047.2044861092 0.2825160
4047.5919092976 0.1432297
4047.8926817881 0.0680192
4048.1471990836 0.0416844
4048.4484935416 0.2646132
4048.8118417675 0.1057688
4049.2090700139 0.1296293
4049.5115240973 0.0271235
4049.8948829686 0.7574772
4050.1400329177 0.1278205
4050.2856959201 0.0912870
4050.4742110691 0.4250343
4050.7059995749 0.1945076
4050.8709982845 0.2024967
4051.1847094550 0.0327541
4051.4674024243 0.1410117
4051.6383373571 0.0865547
4051.8199104422 0.3624420
4052.1878925478 0.0233329
4052.3288498815 0.0792224
4052.4765734649 0.1451188
4052.8723408686 0.0542312
4053.0599598564 0.5305580
4053.4411281234 0.4263013
4053.6207191923 0.5290360
4053.8371891064 0.4921378
4054.0834471915 0.1717060
4054.4118421388 0.4677547
4054.5743350069 0.0839732
4054.9702149654 0.5066228
4055.3263675145 0.3281986
4055.5840272539 0.2097075
4055.9850380169 0.6520047
4056.1803755372 0.5957118
4056.3522197630 0.0603680
4056.6926494828 0.7634502
4057.1607084154 0.1597792
4057.3412638607 0.1662294
4057.4935312573 0.2231092
4058.0588458406 0.0181200
4058.3628800444 0.2279523
4058.4965624608 0.3726277
4058.6545169261 0.4642062
4059.0862359992 0.2303844
4059.3613499704 0.5914470
4059.6046411381 0.0268394
4059.7377695007 0.1479262
4059.9062035483 0.5234392
4060.0730520815 0.6759163
4060.3585688855 0.1148216
4060.5253759682 0.2324385
4060.8654367406 0.4771585
4061.1036070911 0.0428766
4061.2241222856 0.0304329
4061.4124796865 0.2693507
4061.6323007379 0.1170341
4061.9073106463 0.1792350
4062.2417695263 0.3826129
4062.5796004190 0.0884702
4062.8728660946 0.3463378
4063.1033264213 0.3327425
4063.3743930107 0.0304627
4063.5929865938 0.6704134
4063.7856242672 0.0620630
4064.4348743607 0.5002934
4064.7509473262 0.6937605
4065.1920342667 0.2025237
4065.3572297030 0.1823753
4065.5957112317 0.3791610
4066.2304159274 0.3024596
4066.5321361316 0.4301126
4066.7292278038 0.0558129
4066.8528910062 0.0786912
4067.2779590417 0.2299795
4067.5164286802 0.4441185
4067.7351490322 0.4902725
4067.9490798514 0.0679030
4068.1306004817 0.6846445
4068.4239300443 0.6416014
4068.6391510520 0.0748505
4068.7475927334 0.1263074
4069.1347657395 0.6615644
4069.6945653416 0.2159457
4070.2156392735 0.2460437
4070.4219954043 0.0643591
4070.7571766413 0.2248509
4071.1743376084 0.0599160
4071.4244091384 0.4589460
4071.9248435057 0.6020383
4072.2422711906 0.1087160
4072.6863921158 0.3873183
4072.8985253314 0.6391032
4073.4902099297 0.0672534
4073.6583041831 0.4382691
4073.8461937463 0.0385007
4074.0414577594 0.0399201
4074.2725098772 0.0389042
4074.6326756099 0.1176494
4074.9163297227 0.5941843
4075.1993725561 0.0402416
4075.4796514768 0.0901392
4075.9402118228 0.4576377
4076.2526864296 0.2750719
4076.4665512731 0.1184632
4076.8510347242 0.0678552
4077.0978824894 0.3551141
4077.3735319320 0.3626224
4077.6483038153 0.4953263
4077.7864045443 0.6305904
4077.9641642515 0.6040031
4078.2308873496 0.1242236
4078.4972638275 0.2073199
4078.8769285524 0.8112314
4079.5143180237 0.6211853
4079.9711592481 0.1294402
4080.3796777176 0.7344537
4080.5615618071 0.6447184
4080.9939335707 0.5782319
4081.3645413313 0.5596080
4081.5923898412 0.0195360
4081.7234988837 0.0182328
4082.0312100452 0.3752283
4082.4077611936 0.3131468
4082.8881301839 0.0298628
4083.0337689601 0.0111773
4083.2640864886 0.4525034
4083.5885992704 0.4583520
4084.0944726893 0.6402877
4084.3717397073 0.1042018
4084.7756234649 0.7245751
4084.9102874705 0.5042320
4085.1549040342 0.0681290
4085.6499371508 0.6044948
4086.1627841214 0.5794152
4086.4493552582 0.6762041
4086.7150017686 0.0382616
4086.8732069875 0.0225127
4087.1363567652 0.2691445
4087.2832695888 0.1491059
4087.4629088485 0.4485338
4087.8632144974 0.2635724
4088.2518587448 0.5079041
4088.4316345514 0.0628752
4088.7507824693 0.0510849
4088.9473604545 0.0861210
4089.1726996883 0.0190026
4089.3201969268 0.0151974
4089.4537044534 0.0279401
4089.7143750663 0.3867593
4089.9599158192 0.0473503
4090.1804688416 0.0622473
4090.3746603739 0.4217886
4090.9237336324 0.0187304
4091.2299269841 0.3565360
4091.4754534055 0.1041061
4091.7085432318 0.2636655
4091.8977771281 0.0246802
4092.1111966558 0.3673303
4092.7112481152 0.4099667
4093.2041147678 0.0119269
4093.5466884876 0.4366077
4093.8119101885 0.5553600
4094.1966743945 0.0510872
4094.4223117437 0.0284351
4094.6297426870 0.0113870
4094.7743966660 0.0161155
4095.5774721961 0.2186558
4095.8437079258 0.0555769
4096.0939532196 0.4747942
4096.4314080854 0.1436794
4096.6352481011 0.1363960
4097.1326438714 0.5703257
4097.2650786336 0.2115993
4097.8397914081 0.1410266
4098.2351311425 0.4125704
4098.8047440752 0.0995371
4099.1217251862 0.1422354
4099.3369716117 0.5403017
4099.6971923348 0.4640947
4100.2034546459 0.0937950
4100.5761890673 0.0197662
4100.9479069935 0.3507985
4101.1516677741 0.0684441
4101.3195250543 0.3749434
4101.5000708570 0.1265007
4101.9025004866 0.5681131
4102.0804880400 0.0418539
4102.2636782459 0.0977897
4102.4260135714 0.3303421
4102.8470523360 0.2282166
4103.3008853786 0.1039017
4103.5272138314 0.0566012
4104.1001305977 0.5845087
4104.4653577722 0.0871454
4104.6208079370 0.0458386
4104.7640206775 0.1356983
4104.9765684238 0.0180458
4105.2898005451 0.5807790
4105.6127063401 0.1041340
4105.9105562747 0.0706620
4106.1046050783 0.1706400
4106.3212644530 0.3327241
4106.5292320519 0.0566354
4106.9767538720 0.0144697
4107.1844536816 0.0100662
4107.4204986642 0.3989343
4107.5875216724 0.4298989
4107.8641961853 0.0866096
4108.1016240410 0.0782885
4108.6520573654 0.6612631
4109.0263477836 0.0323654
4109.2923910748 0.2022728
4109.6897121457 0.3765565
4110.0712689592 0.1497396
4110.2203478007 0.4808130
4110.6124906478 0.1780637
4110.7402209089 0.0875383
4110.9603055567 0.7068576
4111.4757300721 0.0439337
4111.6951085960 0.5826889
4112.0273850378 0.2140088
4112.1565716514 0.1762058
4112.5174754015 0.2289052
4112.9438473787 0.5833493
4113.2465182292 0.0227014
4113.4813510730 0.3647531
4113.7233783614 0.0347636
4113.8740675180 0.2862203
4114.1111695871 0.5840753
4114.3808860886 0.1253070
4114.6733503484 0.0249271
4114.8135593410 0.0436179
4115.0182814606 0.0507665
4115.2677123804 0.0459347
4115.6104794170 0.6115938
4115.8893339244 0.0328596
4116.1024716896 0.4074795
4116.3349245741 0.5321124
4116.5350706670 0.0427876
4117.1401945846 0.1414494
4117.3784676650 0.0197779
4117.6471447696 0.3594627
4117.8728452676 0.1291692
4118.1184140301 0.1847460
4118.4514711993 0.0135818
4118.7415123316 0.0267677
4119.0174071690 0.3716049
4119.3281098244 0.1229290
4119.7135272814 0.7139680
4119.9449424992 0.6901625
4120.5609883201 0.3325067
4120.8304880853 0.0728163
4120.9578146786 0.0747656
4121.0766176091 0.1128590
4121.3738890900 0.5840909
4121.7783689953 0.0895495
4121.9861081939 0.0745081
4122.2236014170 0.0214474
4122.4863679811 0.7856271
4122.9696360186 0.5802438
4123.1484609541 0.0543986
4123.3146378365 0.1543454
4123.6828357118 0.5600017
4123.8256057229 0.3415899
4124.1712573129 0.0176781
4124.3962704997 0.2820902
4124.6728817841 0.3362002
4124.9133867001 0.5906604
4125.2864948253 0.0398620
4125.6461818253 0.1521658
4125.9455447623 0.1652099
4126.0740739845 0.1109063
4126.3800788123 0.0326920
4126.6140857483 0.0249673
4126.7918844590 0.4914689
4127.0483179410 0.4446830
4127.3524216926 0.5893409
4127.6792801762 0.2757799
4128.0246473397 0.1902539
4128.4301661133 0.0751168
4128.7764062269 0.6110836
4128.9645670847 0.5783072
4129.2546252998 0.5601251
4129.5147426209 0.0532830
4129.9060459736 0.2797189
4130.3455612990 0.4225028
4130.6281042875 0.2870017
4130.8868960333 0.2128600
4131.1981723212 0.3608100
4131.6239003275 0.0497322
4131.8218629167 0.1924096
4132.0246007073 0.0602479
4132.2811690528 0.1641982
4132.5220782256 0.0741313
4133.2337566310 0.7425472
4133.7016850501 0.4078195
4133.8773920902 0.1926406
4134.0721849915 0.6766762
4134.5141473291 0.0405756
4134.7751313654 0.2379152
4135.0173374716 0.5220635
4135.3569091915 0.0633593
4135.8480842682 0.7356601
4136.0695500911 0.0440910
4136.2010856589 0.1272239
4136.4538141245 0.0736522
4136.6190603963 0.0842853
4136.9152960434 0.1061681
4137.0962453105 0.0262910
4137.6937113258 0.4688089
4138.1691761023 0.6204937
4138.4387479847 0.1369427
4138.5800493035 0.3422431
4138.8215066290 0.2161477
4139.1450359025 0.0687522
4139.2824546544 0.0317811
4139.5284323755 0.1238942
4140.0096897952 0.0695431
4140.2521568574 0.0847881
4140.4044673028 0.0355404
4140.5230921305 0.0137383
4140.7627550485 0.0298517
4141.1025966807 0.5537155
4141.4048033105 0.1012219
4141.5789848888 0.3904624
4141.9199314622 0.1127301
4142.2293854929 0.1139823
4142.8065326011 0.0377648
4143.0366664449 0.4098966
4143.3465179318 0.2955134
4143.4737982400 0.1403247
4143.6350760685 0.1796078
4143.7558479612 0.3336236
4143.9976906150 0.0459572
4144.5964878836 0.6908503
4145.0456715214 0.7105525
4145.6825224074 0.0386458
4145.9180701941 0.0205314
4146.1681874999 0.0647555
4146.3719403638 0.2244346
4146.7217916708 0.1160958
4146.9333324866 0.2428652
4147.2325254869 0.4543861
4147.3900614683 0.0787912
4147.6576627089 0.0346643
4147.8644770870 0.0509052
4148.1572445047 0.2778390
4148.3775287741 0.0455361
4148.5140538993 0.3171180
4148.6605654521 0.1958002
4148.8444930425 0.7088092
4149.4166853344 0.0486620
4149.6593508220 0.0650822
4149.9481102522 0.0834175
4150.3690916816 0.2973697
4150.5365541979 0.5008029
4150.9352875869 0.2880073
4151.4221913590 0.4606599
4151.6048930610 0.2037914
4151.9535268296 0.0485731
4152.1407669019 0.2251545
4152.4409096403 0.0110896
4152.9400450231 0.1525397
4153.1235837461 0.4244644
4153.3383714710 0.5796625
4153.7294893602 0.0630355
4153.9389554608 0.1171329
4154.0859115849 0.0278569
4154.2331811513 0.0692919
4154.5585423844 0.2165913
4154.7917123000 0.0855637
4155.0752613630 0.6503984
4155.2728175730 0.3763745
4155.6766560314 0.6396091
4155.9834181913 0.6427038
4156.3829940839 0.0207745
4156.6415616903 0.0233517
4156.8136494553 0.0247178
4157.0885336300 0.1825655
4157.2544082365 0.1758100
4157.4748058074 0.5567935
4157.6252745253 0.2798383
4157.8454975709 0.4043532
4157.9774025523 0.6636433
4158.3682569530 0.1299987
4158.6139703024 0.0228705
4158.9586303035 0.6156613
4159.1878168207 0.1112314
4159.5549856443 0.1627634
4159.9683870600 0.5826934
4160.3579037845 0.5316396
4160.8195546424 0.0776337
4161.0402373926 0.0952688
4161.2621298602 0.1303938
4161.5381805378 0.3429936
4161.7323997904 0.1822702
4161.9518498685 0.0984345
4162.2555651908 0.3510009
4162.3824610023 0.2897385
4162.6902351795 0.5307018
4162.9718224912 0.1708800
4163.4569926229 0.0226315
4163.6373601657 0.1430192
4163.8343331427 0.1540845
4164.1054957528 0.0415881
4164.6515168834 0.1424522
4164.8278127097 0.6253090
4165.1947828832 0.0334029
4165.4592755765 0.2741895
4165.8177534746 0.1333472
4165.9530567032 0.1251759
4166.2933177455 0.1569684
4166.5621660526 0.4487519
4166.7587884010 0.2441072
4166.9412996393 0.0344044
4167.1946418514 0.0676705
4167.4768347792 0.0775114
4167.8635583982 0.0542831
4168.1456876304 0.0593319
4168.4523826449 0.5477587
4168.7394899034 0.1163377
4168.8909570531 0.1126104
4169.1364514200 0.4023659
4169.6511853518 0.0516651
4169.7944559828 0.3224590
4170.1215773669 0.3897265
4170.4812598504 0.0896308
4170.7901311498 0.2320850
4170.9410288519 0.2268829
4171.3347155847 0.1188061
4171.6658305190 0.0456726
4171.8033209358 0.0236404
4172.0844952940 0.5927520
4172.2199932686 0.5482132
4172.5960373174 0.0275543
4172.8720511935 0.4044276
4173.0822373462 0.5094585
4173.2956892557 0.5963848
4173.9196152367 0.6363789
4174.1444311475 0.2365353
4174.4947713093 0.5089962
4174.6646302275 0.6454774
4175.1068609002 0.6221467
4175.5743959608 0.1461736
4176.0939741821 0.6662692
4176.3061666650 0.2701265
4176.8184762221 0.6744984
4177.0863754666 0.2076754
4177.7496888118 0.6063717
4178.0462948471 0.1353288
4178.2547399694 0.1694041
4178.5107218503 0.1743883
4178.7529726400 0.7343393
4179.0238940002 0.1631533
4179.2274190431 0.4235115
4179.4046412273 0.0496817
4179.5856243181 0.1165214
4179.7895329223 0.0734658
4180.0375156973 0.5287038
4180.5586677448 0.4982386
4180.9898675590 0.0883553
4181.2055286776 0.0620369
4181.5779880255 0.2231642
4181.9914334652 0.3685549
4182.3704839837 0.0799549
4182.7356053893 0.3500157
4182.9412209149 0.7102547
4183.1461909315 0.4505361
4183.5653572255 0.5957486
4183.7635816633 0.0214861
4183.9417658544 0.3997971
4184.1866546537 0.2263443
4184.6312064194 0.3312866
4184.8111444714 0.0271418
4185.1753435301 0.4816125
4185.4892179179 0.2976920
4185.6441273351 0.1178827
4186.0774894491 0.6789120
4186.5411851017 0.0705422
4186.7439604368 0.0869069
4186.9524858105 0.0917676
4187.3022061052 0.2571517
4187.5272503131 0.1392925
4187.7986638659 0.3505864
4188.2277312285 0.7153772
4188.7777578455 0.4777015
4188.9889594337 0.6986381
4189.4987809951 0.0233381
4189.9157506380 0.5257466
4190.1565988455 0.2141352
4190.7437124985 0.3587738
4190.9971456389 0.0819934
4191.1680919484 0.0927809
4191.3130120297 0.1018867
4191.5735086041 0.0290478
4191.8920401752 0.2824344
4192.0759091160 0.0342156
4192.6185076460 0.7098721
4192.8615169642 0.5326228
4193.2085936670 0.1725102
4193.5938102775 0.0410140
4193.7520958576 0.3774616
4194.0986406627 0.0558674
4194.2998672000 0.0365756
4194.5952573441 0.0644320
4194.8424272567 0.2134755
4195.0036871483 0.1469257
4195.4453909741 0.0660204
4195.6715999380 0.1153990
4196.0283738608 0.1456968
4196.1700994679 0.1843005
4196.5209751040 0.6546472
4196.8037570936 0.4575621
4197.1338623710 0.0949199
4197.3937027618 0.6110700
4197.7238225840 0.3572351
4197.8553655306 0.1795542
4198.2771530974 0.3629548
4198.5455512154 0.0821155
4198.8531207426 0.0654376
4199.2622176216 0.4719816
4199.4800736685 0.7687284
4199.8182084278 0.5492673
4200.2883796957 0.7292097
4201.1623530688 0.4334788
4201.6412779774 0.2349368
4201.9411927111 0.2770742
4202.1120531886 0.5230856
4202.4443704062 0.0336060
4202.9078702703 0.2478517
4203.2234195091 0.7487732
4203.5270029782 0.1722768
4203.9401078398 0.3523441
4204.1159421745 0.0566549
4204.3126321826 0.2055973
4204.7600273651 0.4191818
4205.1606357499 0.7685411
4205.3910829584 0.1085647
4205.6535512509 0.0798097
4205.9334979809 0.4489232
4206.2482771429 0.3444620
4206.5771854536 0.2344587
4206.7260708082 0.4995185
4207.0972095732 0.0573650
4207.4783786014 0.0795004
4207.8798225316 0.6732181
4208.0705265728 0.0411593
4208.3164999000 0.5712855
4208.5939542900 0.3146825
4209.0040830722 0.1418372
4209.3881910858 0.0233675
4209.5493796419 0.0682687
4209.7933057238 0.5671387
4210.0204794791 0.0210035
4210.1706007509 0.2928599
4210.5564668685 0.1722704
4210.6910019898 0.0853150
4211.0086744196 0.2711902
4211.5484288807 0.7738930
4211.8199266922 0.0274664
4212.1502749711 0.4366296
4212.5294542078 0.0862077
4212.9312841606 0.0808476
4213.0793017527 0.3011436
4213.4275506325 0.0356198
4213.5842878638 0.0322428
4213.8269714850 0.4610280
4214.0392439640 0.0292250
4214.3444604701 0.0515963
4214.8390053640 0.5833405
4215.0781931793 0.2102800
4215.5371986762 0.0496279
4215.6880992072 0.0437904
4215.7952630175 0.0424741
4216.0314386634 0.0843723
4216.2529409878 0.1047530
4216.7236337157 0.7888827
4217.1597758350 0.3101241
4217.3778997739 0.7269623
4217.7865896084 0.2752332
4218.4163898279 0.4516309
4218.7443214645 0.6598991
4219.2382159597 0.0391419
4219.4117411331 0.2449702
4219.5732923934 0.2478526
4219.9140916401 0.4594519
4220.3928942965 0.2336687
4220.5668221868 0.7589999
4220.9096792455 0.0159945
4221.2403458846 0.2317970
4221.5342722589 0.5396386
4221.8184636279 0.0504609
4221.9827751349 0.0125377
4222.3585286728 0.0255533
4222.4846925353 0.0308694
4222.6582508505 0.2410169
4223.4096344775 0.7093025
4223.7871915219 0.0903789
4223.9209117391 0.0832212
4224.2751408699 0.2176695
4224.4229263203 0.0553978
4224.7433258702 0.3677435
4224.9216569707 0.1665577
4225.3661877822 0.6036132
4225.7009910655 0.5255544
4226.0472189290 0.4337708
4226.4182659296 0.1374692
4226.6499479695 0.5768348
4226.9067714607 0.2498540
4227.1517626757 0.4677421
4227.6319654788 0.2797639
4227.9279221565 0.7172821
4228.6253118581 0.6428095
4228.9400561705 0.1656055
4229.1313910895 0.2602648
4229.4845340452 0.0440202
4229.9102084066 0.1336223
4230.2356162312 0.0168947
4230.7089181504 0.4281887
4230.9627963940 0.5715269
4231.0965644792 0.3767441
4231.4372267114 0.0301035
4231.7561558975 0.1481901
4232.2148293694 0.5205614
4232.8271733650 0.2506544
4233.1455681232 0.2216091
4233.4030812847 0.0522616
4233.5907529765 0.0868587
4233.9227268118 0.4318856
4234.1135728277 0.2886965
4234.3641253327 0.5694792
4234.8038605979 0.7249410
4235.1909965313 0.0683048
4235.4182358256 0.0414985
4235.5884759317 0.0172814
4235.7371504748 0.0886238
4236.3341318877 0.4269844
4236.4813315441 0.4989003
4237.1433358155 0.6462268
4237.4490412087 0.2401250
4238.0039186399 0.2450922
4238.1355212314 0.0768057
4238.3831572660 0.5927544
4238.8678964399 0.1417568
4239.2204206519 0.5788768
4239.4200740663 0.0182697
4239.5836788636 0.1452632
4240.0075771519 0.6845676
4240.5564894442 0.3228714
4240.9279638964 0.5014635
4241.0502899737 0.2728286
4241.3966957629 0.0959981
4241.5847365998 0.5196542
4241.8960874531 0.2066651
4242.3148776152 0.3018718
4242.5165728092 0.0238991
4242.7109860309 0.0569548
4242.8828698155 0.0172464
4243.0269589901 0.0142014
4243.3576125157 0.1966785
4243.5993801059 0.4520938
4243.7981010902 0.3869796
4243.9256772784 0.3870602
4244.5709900324 0.3641278
4245.0143408915 0.2959426
4245.2373422548 0.0495314
4245.5670817743 0.0845331
4245.9931825749 0.0407481
4246.2827005509 0.1381695
4246.4707279892 0.5919003
4247.2739906908 0.5351648
4247.6001908942 0.0263924
4248.0326619128 0.7910002
4248.3092658798 0.0230532
4248.6262359105 0.5411352
4248.9212504745 0.2029858
4249.2569891764 0.1172105
4249.4306227367 0.5214673
4249.6121923819 0.1523802
4249.9221244760 0.3513531
4250.1378111037 0.3509130
4250.6938444666 0.3501912
4250.8301830512 0.4121475
4251.3262442220 0.6797491
4251.6478398629 0.0217254
4251.9920745116 0.6686878
4252.5334146201 0.1282741
4252.8241553475 0.0466478
4252.9355232339 0.0601155
4253.2570863991 0.0699295
4253.4953614847 0.1396006
4253.6576041066 0.0325773
4253.8355965861 0.1649746
4253.9505797229 0.2364051
4254.2001385837 0.1989136
4254.4049668038 0.2063924
4254.5672954890 0.0327088
4254.7283905103 0.0498694
4254.9385719272 0.2071701
4255.1053110516 0.2764808
4255.5441371772 0.7960719
4256.1723712447 0.4526634
4256.4488630443 0.3516167
4256.7035916767 0.3820288
4256.8294165235 0.3460717
4257.0338764197 0.4623141
4257.3800161388 0.1925672
4257.8014591227 0.0956194
4258.0054016340 0.1933375
4258.3266376620 0.0244144
4258.5494413693 0.0398637
4258.8564901407 0.3759781
4259.3635325779 0.2997307
4259.5198605309 0.5786652
4259.6840982821 0.1600877
4259.8152597531 0.3069198
4260.1546027216 0.3052527
4260.2976007729 0.1342383
4260.4969247634 0.2584325
4260.9621052661 0.1549198
4261.3244089895 0.3828979
4261.6836495688 0.5904187
4261.9217658334 0.2203045
4262.4206618284 0.2967977
4262.7288917965 0.3994559
4262.9340363290 0.2940169
4263.1631618529 0.4266008
4263.5426609287 0.1352709
4263.7833558132 0.0757031
4263.9078232782 0.1390232
4264.3370108018 0.3146802
4264.8066945673 0.1556996
4265.1748339915 0.1693605
4265.4193574541 0.5275164
4265.6645471622 0.1997986
4265.9376717310 0.3961104
4266.1157314498 0.0838911
4266.4625702494 0.3976248
4266.7312710669 0.0485081
4266.8736332261 0.0996296
4267.1215919637 0.3921128
4267.4065199462 0.0430761
4267.9389714035 0.1157363
4268.1661392090 0.5383518
4268.5880867097 0.3429549
4269.0181649780 0.6180274
4269.3068863103 0.4110293
4269.9547432405 0.4638017
4270.1189014499 0.0418090
4270.4907179608 0.1867941
4270.6870322212 0.2317903
4270.9348369733 0.1816748
4271.0459291580 0.2334487
4271.3708543777 0.2085450
4271.7012393028 0.0700778
4272.3662391364 0.6010054
4272.9742486449 0.6121765
4273.4843077829 0.0966641
4273.7420838593 0.2514070
4274.0808446698 0.1787653
4274.3134862912 0.0112116
4274.5344264777 0.4487744
4274.6794826107 0.3859636
4275.1007292217 0.5216361
4275.3913592650 0.3496488
4275.5880018567 0.0289581
4275.8023474414 0.3405857
4276.0113463511 0.8327097
4276.5866181169 0.0978892
4276.7514047072 0.0451494
4277.2879899872 0.1004852
4277.4720383108 0.0962187
4277.6358584179 0.1312754
4277.8799130134 0.3427388
4278.1963934252 0.2067946
4278.4364226034 0.1927551
4278.7328946072 0.2420460
4279.4276075453 0.4349129
4279.6253740666 0.0194756
4280.0527367061 0.2248673
4280.2678201698 0.2217497
4280.6915901464 0.4349524
4280.9227373732 0.5020573
4281.0737360931 0.2559571
4281.2344362432 0.3308952
4281.4207500861 0.2682426
4281.6064870375 0.1853456
4281.9874242483 0.2367135
4282.1652607135 0.2026541
4282.3001559215 0.4578475
4282.5779514021 0.1280271
4282.7977059664 0.0458090
4283.1741251020 0.4205568
4283.6155497058 0.7712976
4283.9830086977 0.1893817
4284.2186991326 0.7537457
4284.6110439873 0.0495549
4285.1138451186 0.0279115
4285.2763904071 0.1559961
4285.4289710864 0.4604896
4285.6128007803 0.1694392
4285.8890499191 0.3353390
4286.0389310392 0.2184794
4286.2114286748 0.3815109
4286.6488556247 0.6800120
4287.0163334073 0.3791977
4287.2326554944 0.4959351
4287.3941628119 0.3478969
4287.6790803021 0.5324501
4288.0904853446 0.4393488
4288.2084717217 0.4905180
4288.6141168210 0.4192410
4289.0943534608 0.5595292
4289.3564354602 0.4670880
4289.6087302969 0.0279921
4289.9392033168 0.4706745
4290.1667332937 0.4306641
4290.2846067224 0.4849782
4290.5760728785 0.7202421
4290.9341474465 0.8121713
4291.1208301858 0.3525615
4291.4284935115 0.6648241
4291.5867775250 0.4700719
4292.1263269960 0.6364610
4292.3296874011 0.5544372
4292.6760413109 0.6414608
4293.3136502760 0.4741481
4293.4978699200 0.3264189
4293.8632953461 0.0122683
4294.3118954010 0.6189598
4294.7554410081 0.0688096
4295.0119063285 0.1754655
4295.3373836441 0.8034592
4295.8379055441 0.0992707
4295.9871468938 0.2952439
4296.2461194150 0.4673492
4296.4258551128 0.5111424
4296.9611382755 0.4279560
4297.0928739232 0.2688744
4297.4190257596 0.1788850
4297.8051515060 0.5456132
4298.1715202883 0.4797615
4298.4701348259 0.5154393
4298.7346754046 0.3932365
4298.9527112154 0.2484839
4299.2353281378 0.6646714
4299.3992908909 0.3236925
4299.7209061884 0.0908124
4299.8821320324 0.4826901
4300.0195133365 0.2810761
4300.2008712944 0.5744153
4300.4533173451 0.5637229
4300.6887545336 0.1300472
4300.8521367554 0.2901930
4301.0366534747 0.2006279
4301.2615277763 0.6309233
4301.5181678213 0.2987641
4301.7795664978 0.5984336
4302.0210051361 0.3322636
4302.3073680280 0.6213341
4302.7096947443 0.0604318
4303.1338592841 0.6244778
4303.4269206491 0.4920282
4303.7464190366 0.8089481
4303.9618190799 0.2547498
4304.1166538167 0.3336616
4304.3794833731 0.5060317
4304.6351802241 0.3035927
4304.8088033322 0.2608418
4305.4670829732 0.3282455
4305.5997269955 0.3344384
4305.7778423959 0.4761105
4306.0583204757 0.2721449
4306.3189713617 0.3978878
4306.5399119450 0.1906825
4306.6613531819 0.5673487
4306.9216365221 0.3251111
4307.1284654849 0.5563912
4307.3498988987 0.3956374
4307.5654427539 0.0397437
4307.9128001348 0.5670566
4308.0556757995 0.5225351
4308.5197139174 0.3293718
4308.7946365501 0.4719292
4308.9657744583 0.4560059
4309.1202542957 0.6304944
4309.3738521209 0.1269326
4309.7996473741 0.4667595
4310.1206480371 0.3854256
4310.2626086829 0.2669326
4310.6032288966 0.6523293
4310.8641122399 0.4901989
4311.0814564224 0.2931586
4311.3191436356 0.4616846
4311.6479750506 0.4442255
4311.9095337629 0.3449033
4312.1889457211 0.4270095
4312.3733682863 0.4208786
4312.6887645295 0.3334409
4312.9245164356 0.3900913
4313.3316451569 0.4815897
4313.5079765351 0.4378426
4313.7836507224 0.3935257
4314.0845898354 0.4920822
4314.2344897622 0.4196419
4314.8435862686 0.3974631
4315.1201147125 0.0525268
4315.2991931649 0.6873126
4315.5043783142 0.3781538
4315.7208099418 0.0969804
4316.0154845200 0.3780333
4316.3036865861 0.7342782
4316.6623676510 0.0341263
4316.8119131066 0.0336876
4317.1476605700 0.0392489
4317.2858527196 0.0401039
4318.0117396960 0.2669176
4318.1674720200 0.0955998
4318.5367405832 0.0962971
4318.9328561492 0.0586800
4319.2819446956 0.0697389
4319.5714732754 0.0581562
4319.8694228008 0.7541761
4320.1475552337 0.0475827
4320.6624239514 0.0900508
4320.8460969474 0.0870650
4321.2009603063 0.0197941
4321.3415450581 0.0352958
4321.5805524109 0.0906834
4321.7134962530 0.1341907
4321.9578678074 0.6584068
4322.1684993563 0.4955193
4322.4332066609 0.0309598
4322.6173488119 0.0506507
4322.8691308369 0.1852179
4323.0092332730 0.3848001
4323.2609594437 0.0470552
4323.5572686732 0.0200832
4323.7197176385 0.0715637
4324.0354038061 0.0346338
4324.2301256919 0.3820245
4324.4378671830 0.2211022
4324.7258508140 0.2731313
4325.0629031142 0.3124547
4325.3325543732 0.2612441
4325.6227522780 0.3503441
4326.0311807074 0.1528199
4326.2119683293 0.6455881
4326.5728594637 0.2318566
4326.9895578107 0.6445837
4327.5678411899 0.1743611
4327.9737764173 0.3710718
4328.1273542123 0.1311706
4328.3246919304 0.5085882
4328.6595607122 0.0203894
4328.9891407731 0.0697303
4329.1336821315 0.3692951
4329.8210147977 0.1466112
4330.1040446831 0.0278061
4330.2417116336 0.0360086
4331.2299386309 0.1857584
4331.4597247795 0.2664052
4331.6309132607 0.1906659
4331.9205371837 0.3966541
4332.1716112542 0.2287999
4332.6449448545 0.0802327
4332.8646269862 0.4169188
4333.2255817393 0.0277624
4333.3793927697 0.0246286
4333.7968701861 0.1327486
4334.1253423340 0.1420837
4334.4217960277 0.0660839
4334.5981225634 0.0497853
4334.9799296665 0.2053803
4335.2482511190 0.0250342
4335.4075248084 0.0908623
4335.8821798942 0.0829655
4336.0153145860 0.0607819
4336.1485313796 0.0732875
4336.4916506956 0.1471129
4336.6590691091 0.0523523
4337.0025419389 0.0163776
4337.1362086415 0.0224285
4337.4838125193 0.0170559
4338.2724406094 0.6994833
4338.4662923701 0.2092621
4338.7809867202 0.5555555
4339.1408257804 0.6287002
4339.4853500212 0.2895827
4339.6597455433 0.0593487
4339.9027219926 0.1476938
4340.3341663479 0.0724976
4340.4778512991 0.0837755
4340.6746065561 0.5617873
4340.9385209465 0.4015189
4341.7030296530 0.4645115
4342.2193274825 0.1484624
4342.5866756750 0.3106557
4342.9383988763 0.0679084
4343.4046286526 0.0681732
4344.4608192211 0.4663274
4344.7099747224 0.1218165
4344.9213727171 0.3618151
4345.1830131147 0.1699890
4345.5087303063 0.4249182
4345.7297864837 0.6216819
4346.1090467576 0.1696785
4346.2981976488 0.0454394
4346.8125461470 0.0421128
4347.1042179209 0.0818851
4347.3375030185 0.0514612
4347.5132773703 0.2480298
4347.7794736303 0.4172263
4348.0495685967 0.1718281
4348.4600320575 0.2861261
4348.7639747935 0.1753566
4349.0597775174 0.3604289
4349.1864503173 0.2539022
4349.5561805395 0.2247690
4349.8640666349 0.0347082
4350.1663373129 0.3489577
4351.0100067699 0.0328422
4351.1929468309 0.0132018
4351.4658987439 0.0595397
4351.8087255190 0.1182104
4352.0536802636 0.2447159
4352.2743939781 0.5298998
4352.6096997649 0.0361866
4352.7729840336 0.4708494
4352.9955946481 0.6369565
4353.1371508280 0.4806387
4353.4765924349 0.1485913
4353.7773818183 0.1870250
4353.9633178104 0.6826693
4354.3873343007 0.1011760
4354.6940483050 0.0869392
4355.1744026764 0.0583054
4355.4837719708 0.1043410
4355.8315550273 0.2591087
4356.3142209199 0.4779588
4356.5753024451 0.1744186
4356.9208893754 0.1702385
4357.2143843138 0.1854785
4357.5847952398 0.2388405
4357.8247600779 0.2362199
4358.1294225673 0.0807089
4358.5139196531 0.0516749
4358.7345275867 0.1236817
4359.1050085339 0.0936541
4359.3950664606 0.1262255
4359.7353667040 0.5068128
4359.9410101595 0.2452450
4360.4148918794 0.0444625
4360.5680347446 0.0911803
4360.8413680806 0.4079425
4361.2098392726 0.0316377
4361.5119590677 0.2239515
4361.6986421635 0.2507368
4362.0173462154 0.2832548
4362.4928252706 0.1015075
4362.8832755218 0.0129935
4363.0084591782 0.0115148
4363.3168915879 0.0962778
4363.7572338657 0.2752746
4363.9648600473 0.1885392
4364.3301213198 0.2313949
4364.5149124701 0.2647044
4364.6931644090 0.0901480
4364.8260550856 0.1260710
4365.2647721688 0.2010050
4365.4099576327 0.2089872
4365.8818715171 0.0640527
4366.4886644638 0.0221854
4366.7552257148 0.1404897
4367.1272186646 0.3309680
4367.7303862705 0.1407267
4367.8921007381 0.2521685
4368.1370375273 0.0415052
4368.4159610953 0.0363753
4368.8269751021 0.4959096
4369.1354494116 0.5358225
4369.3557276998 0.1194922
4369.5209263260 0.1118189
4369.8599346861 0.1189861
4370.1206572741 0.0553438
4370.6347782526 0.2071578
4370.7676010652 0.0480020
4371.0040262367 0.7286608
4371.3716554252 0.0590030
4371.5125741100 0.0932984
4371.8782137156 0.0175910
4372.2433809574 0.3723580
4372.5110501475 0.5068821
4373.0239581726 0.0581472
4373.5712880828 0.0756271
4374.0651274394 0.2185554
4374.2164963478 0.1665052
4374.4870399074 0.2272942
4374.7954710239 0.4247611
4375.4139058526 0.4908522
4375.6968695042 0.6337917
4376.1690565542 0.4824339
4376.4293185589 0.1434567
4376.8585629724 0.2528238
4377.1713531504 0.7940893
4377.4489756180 0.0362913
4377.6257076078 0.0516547
4377.7831054264 0.0822654
4378.0084463671 0.3280552
4378.4630478014 0.3351841
4378.7740665553 0.0572875
4379.0195923726 0.2111949
4379.4844893004 0.3495505
4379.7357537798 0.0912945
4380.1437245877 0.2109089
4380.4656829952 0.6831022
4380.7641386036 0.0253744
4381.0023324023 0.1640929
4381.2939833895 0.3638787
4381.7223273459 0.1244872
4381.9542750108 0.3828748
4382.3338277490 0.1539178
4382.5339498130 0.0278079
4382.9314498989 0.0334988
4383.1238761167 0.0810907
4383.4000034585 0.0542772
4383.7537838617 0.1900614
4383.9909060117 0.4866688
4384.2344487429 0.2182287
4384.7873771072 0.6043512
4385.3346448521 0.1762380
4385.5435556337 0.2331736
4385.7696439497 0.1668513
4385.9420813855 0.5252652
4386.2115599799 0.4679357
4386.3553689460 0.1614177
4386.4696409728 0.1823646
4386.6169227337 0.3957562
4386.8784483843 0.0918655
4387.0853382452 0.0759918
4387.2890013464 0.1627355
4387.6902108884 0.0757184
4387.9229018057 0.0488180
4388.0822869655 0.2925594
4388.2907285663 0.2820947
4388.7153494265 0.0693141
4389.1284505534 0.4652383
4389.3596856388 0.0312466
4389.6439940637 0.5195668
4389.9618687602 0.1174634
4390.0976048025 0.2480256
4390.4832345862 0.5122256
4390.8633234912 0.0771114
4391.0254127455 0.0652409
4391.2183888056 0.4534533
4391.5399323708 0.0461331
4391.7107436331 0.2933374
4392.2070219353 0.5769611
4392.5320664742 0.0279514
4393.0007023570 0.0918642
4393.3011831069 0.2224745
4393.5370579891 0.0410299
4393.8188214693 0.2106361
4394.2476771063 0.1024624
4394.5197504149 0.1515611
4394.7564992787 0.2119104
4395.0305381457 0.0685224
4395.1550239778 0.0532138
4395.2976631319 0.4170946
4396.0791271072 0.2450627
4396.2734953487 0.7030067
4396.4807519455 0.4941055
4396.7309094137 0.2658182
4397.0786265223 0.3945888
4397.3371623584 0.1095005
4397.5441194173 0.1508144
4397.8261783708 0.0157026
4398.1946727446 0.2369354
4398.3724299521 0.0719672
4398.4986510232 0.0398576
4399.0044280738 0.0268816
4399.2523010432 0.3373722
4399.5269354230 0.1488928
4399.7214080151 0.1349220
4400.0806303597 0.0525673
4400.2973263069 0.0243919
4400.4817920535 0.0531908
4401.0080229674 0.6187659
4401.2108618750 0.0666742
4401.4170834639 0.1753285
4401.6323108257 0.5924205
4401.8115070352 0.2783028
4402.0913761974 0.2144561
4402.2551912551 0.2260672
4402.5299478710 0.4195697
4402.7801317734 0.5072814
4403.5716199175 0.0301321
4403.7014070413 0.0281483
4404.0666929501 0.0665538
4404.4167941089 0.2703877
4404.6072687022 0.1653468
4404.8890020093 0.0219560
4405.2084145440 0.1094380
4405.5133522255 0.1948600
4405.9988922610 0.5945275
4406.2482610927 0.3143322
4406.9567499415 0.1121620
4407.3763235696 0.0923895
4407.8841722772 0.3837325
4408.2332276368 0.0221137
4408.5059620576 0.0728745
4408.9352489881 0.7074156
4409.1743286022 0.0368425
4409.4426166627 0.4226998
4409.6657103653 0.6485483
4410.1973538482 0.0237498
4410.3620433425 0.2208758
4410.7593725260 0.2309511
4411.2612101979 0.1230793
4411.3891022570 0.0810794
4411.7616016198 0.2907966
4412.3193189684 0.2502991
4412.8132669950 0.0104926
4413.1674247772 0.2942087
4413.4899534455 0.1716077
4413.6553069073 0.0336091
4413.9397267944 0.0347536
4414.1102846980 0.0270976
4414.3490209275 0.0366775
4414.6323216905 0.0423841
4414.8375958729 0.1916125
4415.0820987127 0.1166377
4415.3486669775 0.0625284
4415.7849339311 0.1219815
4416.1384390863 0.4347060
4416.3737593078 0.6233507
4416.7968867210 0.5625176
4417.0182739316 0.0327671
4417.2968620363 0.0163349
4417.7124309294 0.1531263
4418.0646922199 0.4522775
4418.5285197321 0.2337746
4418.9595835411 0.5772407
4419.2735614647 0.0328433
4419.5814481335 0.3977427
4420.0161545445 0.0471672
4420.1738063717 0.0618307
4420.3328308008 0.0422353
4420.5062640173 0.0762510
4420.7648639588 0.0169079
4421.0232864639 0.0712421
4421.5279392618 0.1817279
4421.7689049171 0.0270761
4421.9093642846 0.0927213
4422.3642901692 0.0462580
4422.5638425310 0.0543350
4422.8128387239 0.1289753
4422.9971887896 0.1114304
4423.1827288590 0.2561427
4423.8137074357 0.6077273
4424.0717226171 0.1237686
4424.2096422968 0.0945237
4424.3787236895 0.2279924
4425.0857650969 0.3243552
4425.3139863773 0.1241703
4425.5328688166 0.1252095
4425.8226813807 0.1136159
4426.0534069319 0.0335942
4426.3880515230 0.0252757
4426.6843986105 0.6720879
4426.9036650324 0.0667847
4427.2732571859 0.1923618
4427.6579635438 0.0486643
4427.9205574267 0.0215656
4428.3474733412 0.4298650
4428.5608087114 0.7392198
4429.1427760956 0.0493538
4429.3313650239 0.0208505
4429.5064352391 0.0250372
4429.7874160807 0.1869951
4430.4521178258 0.0658684
4431.2912151318 0.0948994
4431.4398096198 0.3824902
4431.6099093366 0.0875849
4431.8629133664 0.5981104
4432.2804491862 0.0926194
4432.5941380931 0.1515882
4433.0864111648 0.2144330
4433.4008662748 0.1853891
4433.8165760962 0.3176950
4434.4727702410 0.5529076
4434.7991904672 0.0156816
4435.0301149304 0.4556623
4435.2356982937 0.1902614
4435.6773655813 0.1267307
4436.2110419145 0.7078868
4436.3967163407 0.5826079
4436.5711073926 0.0520583
4436.9297282405 0.6372774
4437.3840675220 0.1430646
4437.5957117454 0.3373713
4437.8439967282 0.0461699
4438.1922826536 0.4424380
4438.8128204318 0.1698545
4439.0814916003 0.1889402
4439.5920245706 0.3153674
4439.8708812053 0.0450530
4440.4146430176 0.0496682
4440.8823707661 0.1143871
4441.1323581515 0.3007585
4441.5933396529 0.1129884
4441.7249693955 0.1887784
4442.0709187412 0.2248564
4442.3331861754 0.1916433
4442.5152085340 0.0410523
4442.7938305206 0.0452735
4442.9627334007 0.3940318
4443.2105977987 0.0140692
4443.5950489276 0.6570314
4444.0815890528 0.4355561
4444.2456113871 0.0970520
4444.4460352189 0.6268139
4445.0562577252 0.6839524
4445.4642939757 0.1703394
4445.6485816642 0.0175667
4445.8064534781 0.3783234
4446.3140888301 0.0194046
4446.5689749133 0.0152039
4446.7231840822 0.2746459
4446.9436313356 0.0536355
4447.0946753302 0.0328909
4447.4831787344 0.0336725
4447.6404763882 0.0664126
4447.8807579422 0.0154607
4448.0926816995 0.4348625
4448.3821735892 0.4490981
4448.6144623965 0.0431164
4448.9763116555 0.7126722
4449.5213247504 0.0122810
4450.1948609652 0.0414526
4450.3966613454 0.3253035
4450.5799821030 0.0569288
4450.7188642433 0.0231123
4450.9630620833 0.0260669
4451.3352172236 0.0143545
4451.5684936645 0.3058178
4451.7357275813 0.5618594
4452.0109476626 0.1158503
4452.1467671862 0.3154070
4452.8346418400 0.5457568
4453.2538763978 0.1242436
4453.8632626381 0.1180959
4454.0238301888 0.0568143
4454.2525505111 0.3281957
4454.5667380411 0.4049143
4454.7769566152 0.0285149
4454.9533020271 0.2263999
4455.6371005848 0.5638613
4456.0334697083 0.7476321
4456.2714734608 0.4360292
4456.5647913002 0.4446722
4457.1371633487 0.7544929
4457.5825383482 0.3304721
4457.8737940256 0.4020068
4458.2912286984 0.2738597
4459.0262085837 0.0491011
4459.3358437500 0.3784015
4459.5017162336 0.4271110
4459.7806751906 0.2134920
4460.3679550690 0.7420232
4460.6060027678 0.3927937
4461.0043075207 0.2843835
4461.5535326262 0.4198888
4462.0307034002 0.0648480
4462.3346976929 0.3368729
4462.4516850963 0.3032104
4462.6425693987 0.2563419
4462.9122731187 0.7321615
4463.2543082854 0.6048632
4463.4499273573 0.1362093
4463.7062104188 0.3685341
4463.9704972914 0.0628622
4464.2319732730 0.0709573
4464.3876460203 0.0921590
4464.6572085352 0.2584640
4465.7050514082 0.4821408
4465.9501580044 0.5112805
4466.3867756820 0.0940905
4466.6087548291 0.1054312
4466.8635263155 0.0171191
4467.0629082330 0.2265166
4467.4125178639 0.0280955
4467.8162476900 0.7209910
4468.1868794468 0.3229658
4468.5945692987 0.0477224
4468.8084356682 0.0567521
4469.0905079081 0.0438608
4469.2456953807 0.0217813
4469.7529594188 0.7015537
4470.4103876765 0.2936884
4470.6363317634 0.5590043
4470.8127857166 0.1202998
4471.3877250491 0.3258469
4471.7373925021 0.4489285
4472.1077955251 0.3607439
4472.4965559710 0.2553701
4472.9319330041 0.0965832
4473.4455855858 0.0108149
4473.6615527441 0.0149819
4473.7948964179 0.0148013
4474.0007894391 0.4333108
4474.1862164519 0.2167444
4475.0598422131 0.0441468
4475.3168058574 0.0294707
4475.8101799452 0.0433007
4476.0996639790 0.1085833
4476.5604199840 0.0817641
4477.3052114181 0.7354071
4477.6979612454 0.0134738
4478.1129489899 0.0114781
4478.3115185732 0.0386061
4478.4753655466 0.0245935
4478.7289440319 0.0376526
4479.2786581501 0.1105693
4479.5792388358 0.0716827
4479.8821856062 0.0446689
4480.0785134596 0.0158906
4480.2473656548 0.0213999
4480.6378391068 0.1186299
4480.8705234523 0.3949656
4481.2251594108 0.2932754
4481.3970296931 0.4063967
4481.8423346827 0.2133877
4482.0818762084 0.1559150
4482.3872310575 0.2143231
4482.5411302895 0.4047425
4482.8696843196 0.3228329
4483.9935275190 0.3930752
4484.7893997444 0.0112667
4485.0372485851 0.0886024
4485.1665204714 0.0725104
4485.4829944982 0.5631535
4485.7657188010 0.0183363
4486.3403066391 0.0118970
4486.9389840845 0.4557655
4487.2290150370 0.1119364
4487.8478403106 0.0169709
4488.1841019321 0.0819298
4488.5114719781 0.0556196
4488.9984794549 0.0749182
4489.3917326855 0.3058726
4489.5849648204 0.2942213
4490.1693718591 0.2831483
4490.4308950037 0.3622857
4490.7274290966 0.0850858
4491.0051239389 0.6168120
4491.3449190474 0.5038384
4491.8099779290 0.1168026
4492.0382991347 0.4413588
4492.6667811996 0.4392897
4492.9188977950 0.1181893
4493.1080331619 0.0566015
4493.5681231159 0.1525106
4493.9430896691 0.2107097
4494.6394964729 0.0464644
4494.7864702858 0.1826904
4495.3117100949 0.1489959
4495.8325724200 0.6617415
4496.2608464938 0.0397425
4496.6798575941 0.0907612
4496.8345302199 0.1290324
4497.2174856366 0.2855414
4497.4168824350 0.2357769
4497.8246469795 0.0249761
4498.1179312944 0.5469207
4498.9351581848 0.1074554
4499.5430840741 0.0269831
4499.8308740113 0.0171269
4499.9904690082 0.1300858
4500.1562738241 0.3347807
4500.4007090207 0.2551050
4500.7422349700 0.0156741
4501.5537221951 0.1882223
4501.8970882818 0.0631391
4502.3608241557 0.1444999
4502.5385024668 0.6805267
4503.0388298890 0.1013796
4503.2358269091 0.0253418
4503.4799606394 0.3754743
4503.7018055276 0.0312778
4503.8575571630 0.1569778
4504.3201639229 0.0134874
4504.4633534433 0.0111346
4504.5952998264 0.0146672
4505.0296971928 0.0499047
4506.0968056680 0.2291529
4506.5067780508 0.0211497
4507.0431889351 0.0267846
4507.3659596943 0.0218105
4507.5899347085 0.0409452
4507.8677323985 0.0449988
4508.0917949463 0.0680006
4508.4796898055 0.0515125
4508.6570428855 0.0496679
4509.0821754842 0.0379041
4509.2866890935 0.0243557
4509.5511218280 0.4680004
4509.9540190294 0.0737619
4510.5530665345 0.0663599
4510.7133760575 0.0695128
4511.0006055008 0.2251328
4511.2793542260 0.0158163
4512.0939296635 0.0616552
4512.4160080169 0.0443409
4512.5798700290 0.0123457
4512.8299612317 0.0431957
4513.1571829739 0.2182846
4513.5374504584 0.1196579
4514.0044510976 0.4234434
4514.2600756025 0.0946963
4514.6966202839 0.0674929
4514.9829714603 0.0417499
4515.1586704587 0.0246894
4515.4539188042 0.3411669
4515.7184255653 0.3227800
4516.0494066539 0.0163512
4516.4343639812 0.0874277
4516.6057838711 0.4540137
4517.1326733356 0.0203230
4517.5475523032 0.0673357
4517.9320736278 0.0538475
4518.4124026343 0.1580853
4518.7998599054 0.4147322
4519.2947763846 0.4712578
4519.6045700751 0.3044000
4519.8499047999 0.0853380
4520.8951336677 0.0234200
4521.0963037247 0.0166483
4521.2561664271 0.2058345
4521.4942083483 0.4520362
4521.7831383439 0.0298426
4522.3963387360 0.0601890
4523.1206321981 0.0104836
4523.3328652277 0.0181774
4523.6359188643 0.0453441
4523.9025260693 0.4766650
4524.0694335134 0.4547203
4524.3425421353 0.0674408
4524.6703886687 0.2634937
4524.9983743592 0.0188697
4525.1918635220 0.0434584
4525.3610362051 0.0189482
4525.4815048200 0.0242713
4525.9570421470 0.1156081
4526.2129513803 0.1482669
4526.4115146737 0.5259420
4527.1382682279 0.1113537
4527.3720272744 0.0910321
4527.7028805758 0.5292290
4528.1992134779 0.4555392
4528.5889115269 0.4643976
4529.0552829303 0.1542637
4529.8927715099 0.5358725
4530.7900146997 0.5564548
4530.9481254762 0.3062682
4531.1136298449 0.0870821
4531.7493972801 0.0260957
4531.9986107117 0.4379511
4532.2238615166 0.3521476
4532.4250442767 0.6686886
4532.8975082064 0.3482728
4533.1606663913 0.0114706
4533.3791160214 0.0131154
4534.0481094759 0.0216833
4534.2628743840 0.3399506
4534.5171453637 0.6241714
4535.2403955380 0.6942505
4535.4355003959 0.2848605
4536.0539950518 0.5980124
4536.4120883284 0.1966507
4536.5881372954 0.0633233
4536.8452518085 0.5505438
4536.9848235037 0.3573199
4537.1918820795 0.4522341
4537.3164784004 0.5129975
4537.7639850097 0.0666801
4538.4726773998 0.0294122
4538.6838990262 0.0231346
4538.9462590768 0.0986384
4539.2343221450 0.0215361
4539.6616531902 0.0214371
4539.8668449654 0.0527826
4540.0917178380 0.2268253
4540.3653026843 0.0237252
4540.5137730814 0.0350373
4540.8708641902 0.0628833
4541.0443191955 0.1927752
4541.2746950425 0.0141565
4541.4950760202 0.0188128
4541.7736025432 0.3129732
4541.9791357804 0.3385185
4542.3377463026 0.1498367
4542.5874263087 0.0959097
4542.7929914751 0.3339277
4543.2114740199 0.0405258
4543.5119720773 0.0264051
4543.7023351197 0.2729070
4543.9540578767 0.1658588
4544.4964279711 0.0198487
4545.0833459416 0.0797053
4545.2917931613 0.1979083
4545.9420706468 0.5092291
4546.2502537372 0.0390089
4546.4136846992 0.2643975
4546.6213455723 0.1396341
4547.2327271290 0.5058531
4547.7482563821 0.0285595
4547.9584473346 0.0358068
4548.2811031101 0.4176683
4548.5032972432 0.2038985
4549.1267004597 0.5056652
4549.3846388441 0.0160623
4549.8652254131 0.0253463
4550.0440987561 0.4634409
4550.5562043611 0.0598530
4550.7498355724 0.5304215
4550.9077367069 0.6966639
4551.0906616007 0.3147257
4551.3941775252 0.0873142
4551.5530225794 0.0250874
4552.0463760448 0.3881625
4552.5095565518 0.1227426
4552.9279502904 0.1627477
4553.4237342906 0.0984206
4553.5727073487 0.1601282
4553.7510044823 0.5292931
4554.4443489464 0.0718223
4555.3138575638 0.8195741
4555.7358739141 0.1675772
4556.1019842882 0.0436088
4556.2720846686 0.2388849
4556.5870311289 0.0297831
4556.7666479733 0.4058385
4557.1707437726 0.4815287
4557.4105668106 0.5573883
4557.7775683727 0.0121866
4558.2058179139 0.1374970
4558.5582630621 0.1264188
4559.3867602712 0.1419603
4559.7520298788 0.0307790
4559.9270291158 0.4152815
4561.2074265137 0.1117857
4561.3686920239 0.2645499
4561.5501474176 0.0628657
4561.9923063699 0.0405739
4562.1490427841 0.0761170
4562.4741987792 0.0365143
4562.6933738080 0.1740825
4563.0121908493 0.0218277
4563.6445536207 0.1176703
4563.9111129082 0.0595282
4564.1662001053 0.0114045
4564.5189808510 0.0360489
4564.6982383864 0.0545223
4565.0437122525 0.6010724
4565.4508425274 0.0553620
4565.6196150336 0.0189186
4565.9769083735 0.1070343
4566.1067435435 0.1401757
4566.7993121585 0.2210414
4566.9444385187 0.2790117
4567.5121642140 0.0410746
4567.7994426996 0.2453138
4568.1512879434 0.2121740
4568.6897622736 0.0203224
4569.6098984584 0.1481974
4569.8872564255 0.0829414
4570.0601017608 0.3417189
4570.6365952500 0.0229326
4570.8950065226 0.1488914
4571.3024909209 0.0287759
4571.6594337166 0.0109805
4572.3801173957 0.6465537
4572.7183117696 0.0935297
4572.9572733555 0.2471869
4573.2599002828 0.6943773
4573.5574814473 0.0736985
4573.8856950257 0.0109073
4574.1463814428 0.0771828
4575.0901428806 0.0113602
4575.2596567995 0.0121152
4575.5025678515 0.2163177
4575.7548338055 0.0171336
4576.0043923844 0.3505376
4576.3901187423 0.0459593
4576.8245003369 0.0360751
4577.0704704388 0.0662813
4577.6199007638 0.3585623
4578.4607414000 0.1653693
4578.7665639886 0.0114409
4578.9786120590 0.0215265
4579.3152507310 0.0193004
4579.6078978892 0.0245001
4579.8405654988 0.4650435
4580.3417039794 0.0520103
4580.6133269434 0.1254339
4580.7951351247 0.0155271
4580.9580448425 0.0364214
4581.1030708246 0.0879132
4581.3398942338 0.4628114
4581.7003404801 0.2725089
4581.8718190527 0.2027358
4582.3249047196 0.0119214
4582.4857540939 0.1073087
4583.5915570842 0.0676029
4583.7790005470 0.0272269
4584.1182154063 0.2867142
4584.4116168797 0.0699734
4584.6981444268 0.1648727
4585.1228467784 0.4978857
4585.5657190123 0.0143885
4586.1020997780 0.2694079
4586.3653453645 0.0305944
4586.6258740134 0.0919858
4587.1593602264 0.5352566
4587.5106063400 0.1419637
4587.6564483917 0.2478050
4588.4172123705 0.3098685
4589.0073273030 0.0628814
4589.4886004525 0.3972323
4589.9737679122 0.0755051
4590.2967199122 0.0182253
4590.5843695528 0.0266517
4591.2372788362 0.4664669
4592.0767168787 0.1390911
4592.3969828216 0.0198699
4592.6826494106 0.4251748
4593.3413016374 0.2322468
4593.6513861610 0.0654292
4593.9441891776 0.6066296
4594.4594881998 0.0424870
4594.8160411064 0.1449168
4595.2099523474 0.0405465
4595.4062634228 0.2810990
4595.7061224964 0.0108704
4595.9198956574 0.0514258
4596.1849240858 0.1414391
4596.6496435541 0.3267163
4596.8838153675 0.0760550
4597.3476149740 0.3642052
4597.7002520698 0.1616301
4597.8638686856 0.0195454
4598.1953446590 0.0589654
4598.5324259444 0.0758490
4598.6709984812 0.1098865
4599.0401431922 0.1946384
4599.1582211122 0.2084079
4599.4112492621 0.4505717
4599.6626994151 0.0643792
4600.0323806694 0.0719878
4600.2852972807 0.0132982
4600.5163582453 0.0355770
4601.1289552395 0.2902400
4601.3983960198 0.1650444
4601.6516647555 0.3112804
4602.0439630611 0.5220529
4602.2783946483 0.2015753
4603.2950119730 0.4424250
4604.2368399722 0.6595474
4604.6330891662 0.0954675
4605.2379594682 0.0919360
4605.5285671182 0.0310523
4605.8483660051 0.2405774
4606.2824106828 0.4059770
4606.6577330382 0.0978748
4606.8786291617 0.2392902
4607.1281707078 0.0243179
4607.5110930235 0.2163958
4608.0833525517 0.0131449
4608.3760397447 0.0213624
4608.6256943022 0.2670048
4608.9418345959 0.4757427
4610.0023619160 0.0179066
4610.5627044796 0.0575718
4611.2054552202 0.1255105
4611.4799873974 0.0500123
4612.5763119021 0.4766897
4612.9472638515 0.0141944
4613.2605382231 0.0242816
4613.9044729437 0.0406994
4614.2504952343 0.0412485
4614.5014442699 0.4131034
4614.6520974096 0.4550115
4615.0043229712 0.0440203
4615.2123876897 0.1464651
4615.4955060913 0.1584855
4615.8454698762 0.0434368
4616.0189383687 0.0236591
4616.8590411710 0.1377800
4617.4227908908 0.5513552
4617.9188832036 0.2053871
4618.5671655258 0.3660211
4619.2472483277 0.0426820
4619.6438347548 0.0164488
4619.7781809659 0.0136982
4620.0816469527 0.4811020
4620.5864803120 0.4659658
4620.8311067822 0.1831404
4621.0791368727 0.0222351
4621.4192032784 0.0232938
4621.8107970088 0.2605318
4622.8965528143 0.0120676
4623.2208012400 0.2250858
4623.7493425044 0.2078650
4624.0415161800 0.1122852
4624.3941831216 0.3156718
4624.8775570553 0.0581425
4625.3797170373 0.0355538
4625.7189187502 0.0169144
4625.8569496989 0.0309834
4626.0271293287 0.0108810
4626.3462962047 0.4876121
4626.6034842822 0.0113383
4627.0647869838 0.0247738
4627.2148428631 0.0510524
4627.4749739097 0.5263693
4627.8337148522 0.1075485
4628.0860704134 0.0280113
4628.6748934186 0.0714439
4628.8282664560 0.0701493
4629.4609148221 0.0883257
4629.7578389906 0.0310251
4630.1931869845 0.0158729
4630.3648531103 0.0126420
4630.6394620287 0.4904426
4631.4224139366 0.4179435
4631.8549559413 0.0746742
4632.0787953454 0.0156917
4632.3378109120 0.0299849
4632.7837365976 0.0604581
4633.2728037830 0.0157902
4633.4395115496 0.0698236
4633.6267135261 0.0159671
4633.9508613390 0.0170757
4634.2071688614 0.3932904
4634.5532164666 0.0439788
4635.0608168867 0.0959337
4635.3747182116 0.2787690
4636.0160852098 0.1697939
4636.6152484782 0.0679776
4636.9001321808 0.0591268
4637.1486323113 0.3318243
4637.6248806149 0.0892926
4637.9761035535 0.0207670
4638.4796080171 0.1051742
4638.8072155212 0.4904046
4639.0627653581 0.0875252
4639.3136721473 0.4521146
4639.8254298964 0.0459915
4640.2570639253 0.0846150
4640.6655995758 0.2465228
4640.9634657066 0.2365349
4641.2422404283 0.1996410
4641.5896386903 0.2076797
4641.8009148002 0.0503268
4642.2565925918 0.0353102
4642.5164282357 0.1124438
4643.2961132561 0.0310048
4643.5474795010 0.0363223
4643.8846380578 0.0314442
4644.1136540617 0.0160759
4644.4969276466 0.0290044
4644.7683582797 0.3905654
4645.0469837561 0.0234394
4645.6795231538 0.0227527
4645.8151529383 0.0423125
4646.4924259903 0.1089994
4646.7882706332 0.0440860
4647.0741622137 0.0115281
4647.4696156648 0.6334977
4647.6753861332 0.0544975
4647.9411427888 0.1447103
4648.0851027379 0.0877995
4648.5861763385 0.0734715
4648.7415989201 0.4957097
4649.2589131179 0.1991996
4649.4177658772 0.1015493
4649.9594904734 0.4791818
4650.1698625210 0.1227506
4650.4445354678 0.0167453
4650.7383540593 0.1311502
4650.9466823869 0.0547743
4651.1204512529 0.0989076
4651.3179943279 0.0818116
4651.6153126362 0.0659183
4651.8537074179 0.0327842
4652.1186052507 0.0251405
4652.5922483730 0.4797107
4653.4679745003 0.5870729
4654.6610950031 0.0510669
4654.7947203722 0.0418130
4655.4575613799 0.0786572
4655.8141159235 0.5429451
4655.9302041338 0.4916359
4656.5457725588 0.0204157
4656.9627306234 0.1201241
4657.3507297276 0.0466732
4657.4938185716 0.1024853
4657.7745073277 0.4138835
4658.2839057195 0.1825318
4658.5084435716 0.2914249
4658.8925630618 0.1814418
4659.1585592924 0.0133878
4659.6044551569 0.0893874
4659.7906834250 0.0137659
4660.1725794189 0.0277970
4660.6837908951 0.0113908
4661.3581723613 0.0208194
4661.5389801966 0.0115047
4661.7327535522 0.1020590
4662.2116360384 0.1054743
4662.4590890464 0.0123368
4662.6236258977 0.0204733
4662.8427097606 0.1918802
4663.2821465026 0.2641335
4663.8148515116 0.0357696
4664.0645888456 0.0582053
4664.4894041812 0.1359576
4664.6422210629 0.1237467
4665.1212345791 0.1626300
4665.6204215237 0.0134700
4666.0963771427 0.2727834
4666.4936287187 0.0397135
4666.8681335969 0.0356588
4667.2130142174 0.1515082
4667.4548104835 0.1488200
4667.7934936451 0.2137422
4668.0613593395 0.2244154
4668.2921499844 0.1713399
4668.5588243241 0.1631082
4668.7636310143 0.5061699
4668.8948745004 0.4318690
4669.0695340542 0.2029796
4669.4355481694 0.5967383
4669.8772898625 0.1974177
4670.4795079181 0.3983439
4670.9500637272 0.0485171
4671.4790990910 0.1378829
4671.7176798903 0.3290488
4672.2130421555 0.0158992
4672.7267659003 0.1363841
4672.9907964049 0.0615382
4673.6383536650 0.2732998
4674.1446154881 0.1611707
4674.4763491694 0.3844511
4675.0896663927 0.0234105
4675.4029567147 0.1673996
4675.6043762441 0.0776184
4675.9495374304 0.1005225
4676.4180777160 0.1588670
4676.6824967872 0.0245012
4676.9157928928 0.0730179
4677.4957180554 0.0235002
4677.6513867894 0.0338513
4677.8411265297 0.0154225
4678.2242251683 0.0196193
4678.7400185226 0.0138458
4678.9021361340 0.0491878
4679.4783268527 0.2860007
4679.8364283686 0.0349799
4680.1610356813 0.5324668
4680.5332122729 0.2639104
4681.4486131140 0.2236109
4681.6095727006 0.2820563
4681.7986574103 0.2884154
4682.1679773183 0.1072493
4682.7795220805 0.1380336
4683.2260436711 0.4684113
4683.4247029960 0.2304547
4683.6559455941 0.1539758
4683.8722688340 0.1085962
4684.5878662281 0.0261825
4684.8749494357 0.3153873
4685.2806430545 0.0207853
4685.5277040707 0.0166396
4685.6436517270 0.0205838
4685.9048456840 0.1045954
4686.3440832821 0.0829290
4686.5806100213 0.2688547
4687.0007482056 0.0116611
4687.1603771334 0.0169955
4687.5285986182 0.2970168
4688.2054341432 0.0109642
4688.6935253852 0.2038850
4688.9791729973 0.0301830
4689.1154441342 0.0369991
4689.4899120850 0.2186292
4689.7179974228 0.0857813
4689.9715052995 0.0211765
4690.6690787696 0.1703610
4690.8050850372 0.1491522
4691.4537605372 0.3166465
4691.6914559103 0.0618610
4692.1107503695 0.0178229
4692.2682402142 0.0114471
4692.7196016019 0.5726831
4692.9014879743 0.1894730
4693.2634475597 0.0124084
4693.9645501526 0.0577981
4694.5061991214 0.0527764
4694.9835542933 0.0560318
4695.2570607985 0.1085098
4695.4233580764 0.0472021
4695.9908603415 0.0337428
4696.1833933743 0.1253562
4696.4581091509 0.0791188
4696.7649444297 0.0295153
4697.3315303251 0.0205728
4697.5916153100 0.0361271
4697.9610465096 0.0188314
4698.3676606321 0.1364232
4698.7201871679 0.0365949
4699.7613394697 0.2378795
4699.9374009951 0.1599172
4700.0838190236 0.1692935
4700.6504230009 0.2773156
4700.9038324219 0.0155153
4701.4746725423 0.2960072
4701.7444794249 0.0241001
4701.9292746035 0.0853015
4702.3675803115 0.2037500
4702.6730958078 0.1972448
4702.8480560536 0.2263797
4703.2162345988 0.0442307
4703.6092646233 0.0618610
4703.9257088942 0.0686962
4704.3151655038 0.5711004
4704.8752418319 0.0209320
4705.1271057479 0.2766292
4705.4964573268 0.0134284
4705.7875893289 0.0796894
4706.2682049941 0.3476853
4706.5557664418 0.0118850
4706.7828919402 0.1598413
4707.2371621526 0.0436425
4707.4143514514 0.0438313
4707.6170809820 0.0349170
4707.8702549673 0.1481102
4708.5986482237 0.5096965
4708.8068093931 0.3485918
4709.0710253429 0.0210053
4709.3328453687 0.3135920
4709.6106938381 0.0131227
4709.9849420996 0.2933989
4710.4088776663 0.3809539
4710.8297441512 0.0131561
4711.0314839722 0.3873694
4711.6031532338 0.4855626
4711.8817825323 0.0130771
4712.8060743555 0.1669866
4713.3987500225 0.1764637
4713.5733658841 0.0740899
4713.8383367485 0.0516547
4714.0235973287 0.0294646
4714.4949709917 0.0312991
4715.1227377334 0.0299199
4715.3889678727 0.1282091
4715.7383833673 0.5357935
4716.2368329223 0.0192986
4716.6087067343 0.0561552
4717.0858901402 0.3645646
4717.8104330121 0.0117582
4718.1584032871 0.0322391
4718.6318660106 0.0351312
4718.9016436726 0.1449743
4719.2046113331 0.0364973
4719.7440946697 0.3494376
4720.5377658831 0.0198980
4720.8362423762 0.0706967
4721.0049474575 0.0266631
4721.4554492261 0.0199991
4721.8903468735 0.0128391
4722.3164755697 0.2457776
4722.6297358695 0.0158358
4723.4823875393 0.3545918
4723.9329294226 0.0805245
4724.4572544847 0.1272285
4724.6730670524 0.0125794
4725.0766425608 0.0191090
4725.7321458219 0.1057536
4726.1816112239 0.0220149
4726.7943519137 0.0238255
4727.2725623996 0.0394417
4727.4635734418 0.0923728
4727.6422138382 0.0260242
4728.3230464732 0.0354259
4728.4762086131 0.1405188
4728.7547805239 0.5685775
4729.2298688564 0.0715540
4729.4901982169 0.1093086
4729.8727974875 0.4454860
4730.3453083993 0.2038829
4730.5937527035 0.0707603
4731.0040033184 0.1651516
4731.3580511799 0.2749520
4731.7413841174 0.0475538
4732.0397493634 0.2752900
4732.3178614060 0.1319781
4732.4919304950 0.0460321
4732.7962803868 0.4357036
4733.1267005332 0.2239957
4733.7841197311 0.2266261
4734.1487123288 0.0252346
4734.5207515893 0.0110555
4734.7484075216 0.0534547
4734.9206077072 0.5177070
4735.4282485117 0.1216525
4735.9093337341 0.0321832
4736.1771516343 0.0351433
4736.6294914148 0.0141865
4736.9967977451 0.0379818
4737.1718703828 0.3509527
4737.3475031991 0.0288241
4738.1070000227 0.5239533
4738.6781499538 0.2922504
4738.9583397735 0.1876681
4739.6282577059 0.0110570
4740.4328071985 0.3274039
4740.8142850174 0.0276199
4741.4965163756 0.0740639
4741.6631076399 0.1696867
4741.8085580747 0.1649332
4742.2751646934 0.1490934
4742.3953551079 0.1810774
4742.8604454860 0.4361908
4743.4515121324 0.0179800
4743.6217980364 0.0550253
4743.8802384803 0.0342702
4744.1191926331 0.1770839
4744.4151583770 0.0233429
4745.1510312927 0.0346701
4745.7134563074 0.2571973
4745.9775787283 0.0131002
4746.2499343203 0.0420405
4746.4642850481 0.0613467
4746.6359752760 0.0598329
4747.1317030066 0.3726303
4747.4402642701 0.0128156
4747.6045870771 0.0289027
4749.0064022934 0.0193993
4749.4645846727 0.3319715
4750.0630652972 0.0205106
4750.5671865174 0.0128920
4750.9923249260 0.0976916
4751.2785562786 0.1690587
4752.4217486531 0.1261098
4752.8675386653 0.0111498
4753.1565622996 0.0540242
4753.4350097725 0.2261372
4753.7566965602 0.2948415
4754.2298778407 0.0122161
4754.5270754318 0.0108737
4755.3718429923 0.6567152
4755.6915150985 0.0296976
4756.0918343099 0.2213673
4756.4758262765 0.0379438
4757.0383708659 0.1369225
4757.4462515725 0.3666027
4757.8506921583 0.4271969
4758.3477923026 0.0127943
4758.6471884905 0.0310115
4758.9130667490 0.3200601
4759.4541018549 0.2469478
4759.7520216929 0.0175488
4760.0539280674 0.0507868
4760.2448847680 0.0378631
4760.6054282781 0.2736760
4761.3977635458 0.0332607
4762.4364120441 0.0493835
4762.8583689179 0.4024681
4763.7073849994 0.5360773
4763.9606655649 0.2524587
4764.1155414888 0.1581317
4765.2517679805 0.4320336
4765.6291589708 0.1229114
4765.8627121813 0.1700192
4766.0876472486 0.0388578
4766.8017692988 0.2234298
4767.1963067743 0.4531014
4767.7585007424 0.5082495
4767.9698265854 0.0652666
4768.1302801092 0.1896867
4768.6048782997 0.0221020
4769.1926975005 0.0819232
4769.4097489716 0.0497729
4769.6874676976 0.4789943
4770.0347689611 0.1191612
4771.1344045713 0.0571085
4771.3331261070 0.0430184
4772.0026209155 0.0198822
4772.4258080897 0.0730986
4772.8054270300 0.2836797
4773.0430838539 0.1998612
4773.6499037788 0.0211476
4774.1561714105 0.4995170
4774.4810512881 0.0461939
4774.7521456139 0.0703683
4775.0407478292 0.0235469
4775.3015114179 0.0480640
4776.4746306312 0.0250034
4776.8594455039 0.0107923
4777.2205440524 0.0541960
4777.4069012559 0.1245848
4777.6929956994 0.1475977
4779.5911415751 0.0689583
4780.7789169703 0.2181203
4781.3197060432 0.3437241
4781.8162708972 0.0133746
4782.1496285705 0.0399659
4782.7668411292 0.0210672
4783.0608633791 0.0570770
4783.4108858102 0.0509875
4784.1380369673 0.0148834
4784.3316866781 0.0802171
4784.7636713924 0.6740322
4785.3358529926 0.1088973
4786.0284909278 0.0103229
4787.0358055528 0.0628626
4787.2977837945 0.1327887
4787.6244799587 0.1858405
4787.8808509649 0.4144059
4788.1508095224 0.4376177
4788.4392111983 0.0110971
4788.8324420177 0.0118530
4789.1686443731 0.2084197
4789.5580865095 0.0151538
4790.1023228828 0.3804829
4790.6793965204 0.3350483
4790.9941084221 0.4804960
4791.6766495350 0.0591847
4791.9041517933 0.0361686
4792.0815884922 0.0431904
4792.3099412362 0.0582826
4792.5846347730 0.2087456
4792.9372122030 0.0164539
4793.6641704934 0.0585576
4793.8464012040 0.2955774
4794.1975183086 0.1686274
4794.7598820055 0.0215173
4795.0563378428 0.0112117
4795.3101181790 0.0388290
4795.7006428507 0.0608959
4796.1617364779 0.0109563
4797.1821160818 0.0201573
4797.5269996781 0.0857069
4797.9991764961 0.0127460
4798.2462481366 0.0317292
4798.3865644200 0.0168764
4798.9747901704 0.0297660
4799.3295068854 0.0321051
4799.6088637450 0.2246660
4799.8782714577 0.2482780
4800.0760750702 0.1803079
4800.4050006399 0.0183419
4800.7522350733 0.1883739
4801.1511380033 0.2692173
4801.4730005321 0.0773542
4801.9951907841 0.2798696
4802.3716899170 0.2519664
4802.9563058287 0.0180477
4803.8646811659 0.0666469
4804.2275447565 0.3411104
4805.3968151489 0.0192900
4805.8618256201 0.0848084
4806.4349589149 0.4467810
4806.7661723385 0.1359639
4807.6286188419 0.0508936
4807.9480910943 0.0106748
4808.3366256155 0.3128517
4808.5833353991 0.0330551
4808.8824814539 0.0394774
4809.0563025047 0.2546735
4809.4954759422 0.1436999
4809.8924271269 0.1499291
4810.0271806612 0.1932034
4810.2169094399 0.1022771
4810.4885604873 0.0505739
4811.2855235714 0.0899883
4811.8814781872 0.3965735
4812.0722671083 0.0336572
4812.3922140914 0.0629795
4812.6982378136 0.0415607
4813.3306751547 0.0974757
4813.6918931910 0.1444066
4814.2887020583 0.0476650
4814.4611853777 0.1128213
4814.8268894148 0.1937598
4815.0830829383 0.0158780
4815.3239492683 0.0252140
4815.6972856801 0.0678523
4815.9456804166 0.0788528
4816.2195294821 0.0115588
4816.5831619322 0.0607496
4816.9762301371 0.0153477
4817.2818211494 0.0703600
4817.4844027807 0.0165282
4817.8017531913 0.0114569
4818.0391495236 0.0106405
4818.3035769030 0.0103017
4818.7166363907 0.0179176
4819.1523404230 0.2456423
4819.3798783725 0.0522926
4820.5214558736 0.0194974
4820.9995103376 0.0110548
4821.7591096337 0.2106032
4822.4746471386 0.1283035
4822.8386248381 0.0347268
4823.2043661257 0.0116675
4823.6730514598 0.0263727
4823.9196841260 0.0428344
4824.6613533553 0.0871797
4824.8612878298 0.6543901
4825.2293361016 0.0109069
4825.4911243277 0.4059159
4825.8136001562 0.0274713
4826.3076368169 0.0258706
4826.7023729472 0.1171434
4827.0812085918 0.0263256
4827.7260526441 0.0159715
4828.1904484280 0.0355461
4828.8066097869 0.0606950
4828.9681863427 0.0825161
4829.6557809756 0.0134574
4830.0605106105 0.0177745
4830.3776427269 0.4097120
4830.7166008916 0.2824460
4831.0336304016 0.0139894
4831.6722356081 0.0126194
4832.5308522099 0.3893628
4832.7385705640 0.0771581
4833.0020511656 0.0936865
4833.3959665273 0.0235597
4833.6158204202 0.0139304
4833.7819248494 0.0746820
4834.0667235054 0.3445264
4834.5397790759 0.0440167
4834.7092193803 0.0124200
4834.9164162576 0.0118782
4835.1932200045 0.0334807
4835.8657533177 0.1741529
4836.1464643417 0.0106906
4836.6243803846 0.0251783
4837.2225686846 0.2820345
4837.5910576589 0.1352010
4837.8069155551 0.0202004
4838.2058806525 0.0738352
4838.7542435217 0.0130917
4839.0041721647 0.0116613
4839.4457432932 0.0553841
4839.8670725940 0.3003777
4839.9988731190 0.2364294
4840.4650842038 0.0156137
4840.9023135630 0.3734158
4841.2232267840 0.0275752
4841.6494135357 0.3874101
4842.2338392659 0.3902112
4842.8565372278 0.0157562
4843.1421843276 0.1217412
4843.3249456399 0.0257201
4843.5419290689 0.0158947
4844.1397914466 0.2085167
4844.5046430247 0.3719843
4844.8546868959 0.0964910
4845.3740309808 0.2392796
4845.6640478820 0.0441754
4845.8602315760 0.0605971
4846.5196111047 0.0161176
4846.6932394968 0.0158404
4847.0072187650 0.2333432
4847.5097718501 0.0104659
4847.7397236919 0.0525257
4848.0708580513 0.0100523
4848.6668036798 0.0958640
4849.0823950818 0.0201162
4849.6067921544 0.3126923
4849.8057137972 0.0602375
4850.2420247166 0.2177483
4850.5253309426 0.1253796
4851.0230540725 0.0522534
4852.8514991607 0.1591121
4853.2253869564 0.0493130
4853.3755309031 0.0501809
4853.9150221271 0.2293835
4854.3910775452 0.0192383
4854.6329979871 0.0331840
4855.1440144401 0.0930957
4855.5273265587 0.0101917
4855.9631896677 0.0151529
4856.2280615091 0.2425830
4856.5141067273 0.0306325
4856.7730435348 0.4008403
4857.0361818471 0.3292150
4857.3717420809 0.1886869
4857.5495204102 0.0868581
4858.2600259173 0.0103641
4858.4500723215 0.0124238
4858.7524023518 0.2380593
4859.1352801298 0.0107283
4859.6264497256 0.0520710
4860.4822831502 0.1226056
4860.6758718855 0.0163433
4861.1077948268 0.5328568
4864.4381133403 0.0107079
4865.0089205523 0.3116708
4865.2931604800 0.1283587
4865.6800306455 0.2766492
4866.0957318104 0.1623887
4866.9755478461 0.1994417
4867.6366201306 0.3571649
4868.2604695111 0.0138180
4868.8992385012 0.0559928
4869.2326706337 0.2668158
4869.6262023217 0.1416182
4869.7723332418 0.1078894
4870.2923660729 0.0184447
4870.4985012433 0.0145223
4870.8275137950 0.1073478
4871.4868135177 0.2189013
4871.7875554998 0.0122037
4872.1777349117 0.3644614
4872.6886456166 0.6048362
4873.3011825661 0.2738836
4873.5067969604 0.6159307
4874.0527363016 0.0264341
4874.2751679385 0.0457196
4874.6188262802 0.1177431
4874.8082379364 0.3261235
4875.1132104043 0.0774708
4875.3758097496 0.1874221
4875.7191847675 0.1206040
4876.1583818204 0.1086876
4876.3936550261 0.1592849
4876.8516978804 0.2134560
4877.2438238854 0.3051696
4877.5403117944 0.0295696
4877.7752878824 0.2985915
4878.9705071416 0.1195264
4879.5639571093 0.6715616
4880.0863877634 0.0174461
4880.5238197143 0.0129458
4881.4238727919 0.0258525
4881.6288198647 0.0113122
4881.8954100146 0.0562680
4882.3089849076 0.0482244
4882.6050961517 0.0111011
4882.9255833743 0.2644849
4883.0857863050 0.3336828
4883.5127193742 0.3843748
4884.0688101272 0.0277336
4884.8133787957 0.0338575
4885.0527522162 0.3345815
4885.2572498021 0.0156445
4885.4267606540 0.0289936
4885.9695151815 0.0889940
4886.4518696717 0.2866457
4886.7997378145 0.3985399
4887.1390240302 0.1641698
4887.3197440677 0.0659848
4887.7008285860 0.3894601
4888.0877657880 0.0398637
4888.3751288462 0.3179706
4888.5595655107 0.3337981
4889.0557101346 0.0228367
4889.5331910765 0.0208141
4890.0055439782 0.3813122
4890.3922218042 0.3995451
4892.1316918585 0.6049955
4892.5316172830 0.0147667
4892.8694050074 0.5668752
4894.2287603162 0.2678458
4894.7766088713 0.0104740
4895.1835112308 0.0623165
4895.7305271666 0.0109411
4895.9284628781 0.0455796
4897.8081094672 0.1561338
4898.8204923489 0.0230256
4900.8861020027 0.0267105
4901.2865055755 0.3211790
4901.4914684557 0.2933246
4901.9932855362 0.0129035
4902.1894116614 0.0643760
4902.3433706849 0.0874081
4902.9878153130 0.0129646
4903.2631422605 0.0158229
4903.5905439800 0.0380707
4903.7571124711 0.0407231
4904.6824907090 0.5795968
4905.7873787168 0.4475371
4906.5069575751 0.1386551
4907.5125429310 0.0179690
4908.1443228481 0.0346804
4908.4417997497 0.0136696
4909.1068259836 0.3377890
4909.3981445314 0.1778506
4909.9802930581 0.0282357
4910.4794919074 0.0179894
4910.7587759619 0.3302012
4911.0922228141 0.0124635
4911.3934111536 0.4379522
4911.7016498350 0.3748288
4911.9409468361 0.3630830
4912.5693693911 0.2360472
4912.9019999785 0.0983540
4913.1528411850 0.2127460
4913.3959462481 0.2219854
4913.8627781609 0.0464447
4914.5080184941 0.0613281
4914.9921897415 0.2445581
4915.3498377826 0.3007680
4915.7642703483 0.0176876
4915.8932910183 0.0200805
4916.6057421479 0.0363344
4917.2086915700 0.0300813
4917.6076210726 0.0298834
4917.8624014386 0.0577550
4918.0358353899 0.0205038
4918.2309010638 0.0174974
4918.6067524912 0.2998320
4919.3891199078 0.2649502
4919.7427650714 0.3477401
4920.0827268027 0.1937121
4920.3749142314 0.6157581
4921.2403905362 0.0927372
4921.8885185013 0.5492778
4922.3356083957 0.1425225
4923.1567054438 0.2050224
4923.6401680864 0.3582179
4924.1973436897 0.0310791
4924.5319493839 0.0677980
4925.3084861374 0.5927981
4925.6749612739 0.0590691
4926.1506696417 0.4760730
4926.6543039545 0.0977453
4926.9478977627 0.2414318
4927.5281203209 0.0273938
4928.0625787097 0.0190175
4928.2115612447 0.0189465
4928.8039349914 0.2321379
4929.2484927433 0.3442465
4929.7136343009 0.1355556
4931.6864551434 0.3323428
4932.1805444407 0.0835503
4932.4948219259 0.0217691
4933.4435946509 0.1203280
4934.7128294783 0.4218932
4935.4561590496 0.7776358
4936.2580454111 0.0171749
4936.8031126817 0.0163119
4937.2124823814 0.3142495
4937.7195316386 0.2259735
4938.0845261765 0.0222977
4938.4459345525 0.0689477
4938.7266518726 0.3501502
4939.1131677863 0.0374099
4939.5566263508 0.3537087
4940.1992891625 0.5688446
4940.6200192633 0.3942531
4941.0714411846 0.5517048
4941.4334089025 0.0665068
4941.8737996157 0.0314026
4942.1123911425 0.0152784
4942.5743305888 0.0155696
4942.9543914331 0.0154029
4943.2614381489 0.0299002
4943.8625738306 0.3805034
4945.6683975542 0.0455810
4945.9599039959 0.0209560
4946.8302918052 0.2023143
4947.0194444367 0.2100755
4947.4158780543 0.1178709
4947.7753139071 0.4772110
4948.9880958599 0.0675577
4949.3370026984 0.0121451
4949.5851995617 0.0353918
4949.7160684264 0.0345813
4951.4925718865 0.3717759
4952.0035487997 0.0136243
4952.8160580842 0.0213263
4953.6663166764 0.1551175
4954.0302195526 0.2571035
4954.5942805482 0.2647468
4955.1008354118 0.0197895
4955.3733195200 0.0144498
4955.9953777513 0.1600499
4956.1896903787 0.2190251
4957.3703597847 0.0226416
4958.6930908561 0.5346280
4958.9931861509 0.5036906
4959.6321686743 0.0687769
4960.5587428843 0.0672998
4962.2557908305 0.0269382
4962.4330820607 0.0747110
4962.7763203481 0.0108893
4963.3067667206 0.1325264
4963.6749267185 0.0245894
4963.9614198950 0.2869813
4964.4405678437 0.0154452
4964.9320587917 0.0147025
4965.5168587851 0.0481639
4966.1136855141 0.0472507
4966.3175255083 0.2075729
4966.5607316891 0.1156633
4967.2390305510 0.1006781
4967.4818327252 0.5359692
4967.9755570811 0.0232295
4968.1939376689 0.0154008
4968.6557612521 0.0131822
4968.9140320663 0.0547690
4969.2892125055 0.3941041
4969.7895651748 0.0961147
4970.0838200685 0.2413224
4971.3089164869 0.3793927
4971.8854050740 0.2645655
4972.0375007665 0.1531996
4972.7383424582 0.3059181
4973.3068123077 0.0126721
4974.0574359965 0.0113217
4974.4906376147 0.4213651
4974.7470162310 0.0316053
4975.7802859981 0.0627425
4976.7677812783 0.1384376
4977.5285773074 0.1437885
4977.7181498786 0.2052049
4978.0883639386 0.0296750
4979.0482685061 0.1343001
4979.5662008407 0.1297302
4979.9839452399 0.4275270
4980.6168055085 0.0346969
4980.9780410565 0.0767802
4981.5681575513 0.4698307
4981.9340723435 0.0316861
4982.7268849006 0.0314792
4983.1281274297 0.6084986
4983.5260643812 0.0466447
4983.8969792440 0.5190017
4984.2122865236 0.3119719
4984.6475173345 0.4584109
4985.2490337446 0.4964443
4985.5108404115 0.4389180
4985.8345077737 0.0114464
4986.0096001326 0.0791445
4986.6495872963 0.4638080
4986.9445511136 0.4963619
4987.3756160914 0.1149396
4987.6183785801 0.2361614
4988.2967686002 0.0741938
4988.8256072873 0.0110605
4989.0165637527 0.0175040
4989.2461823004 0.0205484
4989.5248125103 0.0207356
4990.3474669647 0.3997181
4990.5271395929 0.1428244
4990.9435013888 0.0156400
4991.3440153345 0.0203860
4991.8454723411 0.1473648
4992.4668019889 0.5806879
4992.6654951121 0.3843764
4993.2588322237 0.0653962
4993.7042381403 0.0362318
4994.1808847182 0.0430715
4994.7472425840 0.1955178
4995.0932395986 0.2271056
4995.5296708729 0.5684910
4996.4372689531 0.0262732
4996.8057931753 0.0610569
4997.0505094701 0.0855770
4997.2576989837 0.0130886
4997.5940733641 0.0100506
4997.7681467984 0.0395526
4998.2396807538 0.2211931
4998.4953397974 0.1480940
4999.3573801100 0.0380917
4999.6232961601 0.2739174
4999.9372529459 0.0104119
5000.5104434672 0.1469663
5000.9038995090 0.5416027
5001.7434878717 0.3193728
5002.1295578423 0.0386981
5002.3863352562 0.1584984
5002.6250586627 0.0117895
5002.8776493444 0.0439506
5003.2664779693 0.5277085
5003.9870125111 0.0445116
5004.1936585046 0.3808587
5005.1420717548 0.1850487
5005.4438582217 0.2415091
5005.7594631611 0.0586116
5006.2926966741 0.0633456
5006.5721030647 0.1100128
5007.1153661444 0.5106550
5007.5231695568 0.5899041
5008.6416565538 0.6565626
5009.1307400985 0.1173831
5010.0399155652 0.0645661
5010.5891533383 0.0140179
5010.8404632957 0.0493364
5011.0467310430 0.1165092
5011.2351911078 0.0169696
5011.4247051829 0.1491809
5011.6206659613 0.0969827
5012.3403453039 0.2416884
5013.4837756962 0.6763706
5013.8457496965 0.2828716
5014.0990225780 0.1734902
5014.7017895243 0.2873796
5015.0943691600 0.2148128
5015.3127347352 0.0689622
5015.6516775565 0.6030575
5016.3476328225 0.4837730
5016.7073005631 0.0343717
5017.5662644053 0.3618244
5017.8775499282 0.1592368
5018.2849049647 0.2200397
5018.9825557869 0.4469719
5019.8494665372 0.5804654
5020.5803710010 0.0401381
5020.8642374991 0.0197551
5021.1321533179 0.0828075
5021.4283537746 0.4284978
5021.8972910934 0.0473237
5022.0799925438 0.0455144
5022.2196122835 0.0923620
5022.4020057922 0.0300882
5023.0055272440 0.2827018
5023.3315977317 0.0782996
5023.6414474983 0.4398459
5024.2734880226 0.3986157
5024.5902626307 0.1651642
5024.9011111840 0.1214046
5025.2380087314 0.0158080
5025.6066697919 0.0597360
5026.2500268879 0.3827481
5026.4856672820 0.1045497
5026.7066108899 0.0783804
5026.9660391173 0.2712943
5027.1745719165 0.0402442
5027.8891875266 0.0119943
5028.5396403231 0.4652646
5029.1634660030 0.2409454
5029.5342400795 0.4026870
5031.0248783944 0.2475733
5031.2229132056 0.0522474
5032.1847969233 0.0994675
5032.4250783253 0.3617355
5033.1578900035 0.0256362
5033.3224012146 0.0936940
5033.7784238069 0.0170243
5034.1309871276 0.0872016
5035.0129271222 0.0126530
5035.1780325221 0.0238134
5035.5992268485 0.0190085
5036.3446446147 0.0110293
5036.7729760799 0.4451301
5037.3431673070 0.5121142
5037.6788454127 0.1875688
5037.8733674140 0.3591882
5038.3286204279 0.1201158
5038.6082913055 0.0132570
5039.1213511178 0.0479353
5039.8095990636 0.3271596
5039.9984835974 0.2761572
5040.6679463709 0.3800039
5041.3688168555 0.4392130
5041.6650912397 0.0402123
5042.0322107083 0.0666963
5042.3011780735 0.4234231
5042.4800035445 0.5869364
5042.8457700043 0.0418625
5043.0288236296 0.3911939
5043.1739276360 0.5426437
5043.5971411592 0.3086550
5043.9637178856 0.0162776
5044.7128010047 0.0255394
5044.9948137602 0.0630716
5045.6236961649 0.3836492
5046.1955141594 0.0114632
5046.6819049929 0.0537697
5046.8117891844 0.0449508
5047.6198098393 0.0102899
5048.3380219688 0.0196307
5048.5234547096 0.0200684
5048.7100439881 0.0201969
5049.1173522994 0.0123791
5049.4637791944 0.0713325
5049.6250263356 0.0940664
5049.8470914967 0.3046874
5050.2590932672 0.2709291
5050.6410666845 0.0127460
5050.8234066142 0.0160881
5051.2373645961 0.5997482
5052.1607546558 0.0146010
5052.3735620671 0.0334757
5053.0510375655 0.6256983
5053.3109985947 0.0903420
5053.5578717543 0.1066417
5054.0411693858 0.0537147
5054.2964247346 0.0652245
5054.7258527339 0.0276795
5054.9753228450 0.0285819
5055.4812552269 0.0143181
5056.0554743863 0.1893324
5056.9929200364 0.0243246
5057.2017216756 0.0140374
5057.3987068630 0.0785858
5058.2557413256 0.1056446
5058.8965344517 0.0989721
5059.3941418057 0.1305316
5059.6828168649 0.0125587
5059.9126987510 0.0572940
5060.3440515692 0.0142848
5060.6465319800 0.0144362
5061.1988821931 0.0518329
5061.4853928582 0.3339723
5062.9186796726 0.0124253
5063.1280414643 0.0375013
5063.5145380687 0.0665244
5064.5778302537 0.0402452
5064.9377133126 0.0121754
5065.4775281091 0.0249344
5066.0693829650 0.4699048
5066.4264047546 0.5206651
5066.6076908226 0.3128257
5067.3744451804 0.1119169
5067.7231568715 0.0139778
5068.1379340215 0.0492030
5068.5677752680 0.3269523
5068.9190590943 0.0153315
5069.1451938501 0.1310668
5069.7201517589 0.0505589
5070.1864785600 0.5212889
5070.5021723534 0.0497687
5070.8232214312 0.0659272
5071.2072524885 0.0110365
5071.4173185225 0.0552059
5072.3461725896 0.0115147
5072.9047366538 0.1320560
5073.2059671733 0.0267558
5073.4954022962 0.3721847
5073.7021077379 0.1144486
5074.0919308087 0.2822612
5074.3456441923 0.1402344
5074.8642410206 0.0551549
5075.1755260558 0.0200483
5076.1712770241 0.4998799
5076.7170176241 0.0658754
5077.6945587739 0.3526313
5078.0320926226 0.0507933
5078.8012774020 0.0187989
5079.5015563170 0.0173157
5079.7821030812 0.0257807
5079.9362789959 0.0136352
5080.3972663406 0.4100806
5080.6447293065 0.5224832
5081.1624330467 0.5519673
5081.3775305450 0.2630683
5081.7776315279 0.1318656
5081.9543331746 0.4552738
5082.5335309522 0.4251394
5082.9945826275 0.0349943
5083.2563020670 0.0472926
5083.7655080609 0.2860127
5084.4505082222 0.0345381
5084.7629065320 0.5604092
5085.1355268897 0.0275549
5085.2823393482 0.0168429
5085.5199608399 0.4302813
5085.9732110241 0.0434069
5086.1213658801 0.0145130
5086.4394856432 0.0169947
5086.9073024831 0.0826055
5087.0920268862 0.0265191
5087.3464174594 0.0166227
5087.6670629654 0.0586847
5088.1939569005 0.0205930
5088.4804453720 0.1046662
5088.8435314877 0.2546127
5089.5725801052 0.1701756
5089.9605621741 0.1325241
5090.3799101564 0.1334098
5090.6362710361 0.0448993
5091.2696823985 0.0138279
5091.6425900395 0.0351784
5092.1998866176 0.4156333
5092.7327958395 0.0172716
5093.1540851815 0.0362556
5093.3051839536 0.0466004
5093.7291441167 0.0561785
5093.8928219851 0.0261221
5094.2295008720 0.0319622
5095.0977748152 0.0100503
5095.4507448968 0.0360427
5095.8354739768 0.1430017
5096.3696230841 0.0547166
5096.6001432543 0.0505397
5096.7581878955 0.0432591
5097.2835333323 0.0131886
5097.6104927870 0.0126651
5098.4260803732 0.4008263
5098.7395002372 0.0515565
5098.9121634682 0.2134802
5099.5537802783 0.0672547
5099.7349884127 0.0146992
5100.1254923136 0.5336214
5100.5013925301 0.2389718
5100.7509481268 0.2818544
5101.3560665409 0.4009320
5102.0809137267 0.0839974
5102.3122328531 0.0601479
5102.5059238697 0.0466715
5102.8894119673 0.0228896
5103.6778480727 0.0137561
5103.8658906574 0.0385050
5104.3933084561 0.2272761
5104.8174690459 0.0115012
5105.1746722233 0.0465909
5105.4550586753 0.1245231
5105.6176828588 0.1286664
5105.8664570312 0.1526747
5106.2965157119 0.0112543
5106.4787363991 0.0104977
5106.9664225916 0.4554409
5107.8608772512 0.0397759
5108.0151312790 0.0423113
5108.2898611584 0.0104773
5108.8787875276 0.5518830
5109.0702008818 0.5618331
5109.3225162587 0.0355346
5109.6140156806 0.0153284
5109.8175075886 0.0790644
5110.0524599667 0.0152243
5110.3376324259 0.0220647
5110.5489846256 0.0436458
5110.7381221152 0.0154372
5110.8826358128 0.0154250
5111.0780101220 0.3573767
5111.4466017356 0.0227329
5111.8355795034 0.6657737
5112.1760771234 0.1035732
5112.7878338831 0.0328085
5113.0720273440 0.0533534
5113.2671082463 0.0408899
5113.7018947838 0.0404530
5113.9146305936 0.0167354
5114.5526197657 0.1009926
5114.8701641713 0.1457293
5115.6853686753 0.0555816
5115.9311836975 0.0446980
5116.8232924655 0.3609950
5117.2089073544 0.1037202
5117.5189941582 0.0165522
5117.9010969334 0.0156664
5118.1723899259 0.0211597
5119.3641463874 0.0992814
5120.2337333615 0.0138692
5120.5574662988 0.0723046
5120.8042006089 0.0288016
5121.0733982761 0.0110087
5121.3314850972 0.0198567
5121.5363686222 0.0105677
5121.8334145598 0.1714647
5122.0722735854 0.0445721
5122.3218166838 0.0176542
5123.0640686135 0.3870441
5123.5453022317 0.0503879
5123.7227830566 0.0103843
5124.2337252207 0.0764366
5124.4263940572 0.0394315
5124.6567321772 0.1477700
5124.8926677567 0.0682487
5125.1573888558 0.5634518
5125.4696892655 0.0510787
5125.8307459790 0.0153109
5126.0452935381 0.0790559
5126.5560367026 0.4592705
5126.9539191964 0.0227989
5127.0905475023 0.0132763
5127.2614188402 0.0190328
5127.6250033081 0.3348547
5128.1135360348 0.0223051
5128.2911763743 0.0115121
5128.7950509643 0.5248441
5129.1150490655 0.1040783
5129.3053783721 0.0252480
5129.5138726125 0.0524976
5129.9212436644 0.0360892
5130.5926012945 0.3603478
5130.8023811677 0.3027097
5131.0608783250 0.1922380
5131.3562749516 0.0129250
5131.7960886088 0.0890406
5132.0121549456 0.0587883
5132.9051761964 0.3872732
5133.1992227653 0.2149196
5133.7768684736 0.0361630
5133.9269069107 0.0155582
5134.1017118086 0.1051035
5134.6034990412 0.0102633
5135.1287609415 0.5082447
5135.7411625520 0.0181095
5135.9658264392 0.0441836
5136.5999476811 0.0224696
5137.0179770975 0.0501912
5137.5241689263 0.0956970
5137.6974993235 0.0489154
5137.8759350295 0.0254467
5138.2326957922 0.0443151
5138.5100791008 0.4721591
5138.8209079405 0.4452988
5139.5430008392 0.0199109
5139.7702577188 0.0295269
5139.9411009751 0.0211599
5140.1446159866 0.0321707
5140.6946048555 0.5479447
5140.9036646630 0.5444573
5141.3546592475 0.0262313
5141.5906536735 0.0254736
5141.8131355836 0.0153088
5142.2555348216 0.0774018
5142.6445131329 0.0537709
5143.1779466897 0.4364364
5143.5451511571 0.0224966
5143.9636210887 0.4868880
5144.2170509868 0.3537740
5144.3679076160 0.5342444
5144.7658460742 0.0206610
5145.1604040732 0.0963255
5145.8199502079 0.0161277
5146.0990702346 0.0881334
5146.5331319389 0.2613987
5146.9002040844 0.1880254
5147.1796145293 0.0168412
5147.5553751079 0.1273010
5147.7394466287 0.0343786
5147.9228670963 0.3774918
5148.2131757824 0.0435720
5148.5304363122 0.0563301
5148.9180016241 0.2081053
5149.1305939365 0.0641838
5149.4831678959 0.3470314
5149.6690273335 0.4161385
5150.1035028021 0.0379099
5150.2748167387 0.0528344
5150.5418959540 0.0735952
5150.9359524558 0.0144579
5151.2350734898 0.0399528
5151.6233720098 0.0656916
5151.9951554545 0.0580765
5152.2876397630 0.5250310
5152.6030341195 0.0180117
5152.9067923493 0.0133612
5153.3508786098 0.4843242
5153.6253378317 0.1660690
5153.9481379906 0.0111544
5154.6733165706 0.1666854
5154.8572423062 0.1346301
5155.5110296156 0.3086984
5155.8397532429 0.0887005
5156.5671060154 0.2298043
5156.9634050805 0.0524764
5157.2056952825 0.3169718
5157.4999142269 0.0340669
5157.7968102241 0.0267287
5158.0795548047 0.1168478
5158.4433842587 0.0200554
5158.6381337072 0.0357318
5159.0692516328 0.0597336
5159.4225769018 0.0983156
5159.9652028799 0.0455006
5160.3021710657 0.0119936
5160.5008600339 0.3083403
5160.9018701473 0.0517292
5161.2102908250 0.0155628
5161.3932077153 0.0206925
5161.6730095453 0.0401011
5162.2748247524 0.0251054
5162.4749664383 0.0495346
5162.6219258777 0.0374394
5163.1833312195 0.0579559
5163.7205856033 0.5131326
5164.3395773260 0.0255043
5164.5221190480 0.0487727
5164.8630253163 0.0418786
5165.0327873566 0.0304242
5165.2909396664 0.0247890
5165.4151004979 0.0116306
5165.6707452304 0.0208157
5165.9906311041 0.1850516
5166.5028890879 0.0489599
5166.8554637442 0.3540112
5167.7235991255 0.5582928
5168.7731871231 0.5435759
5168.9390018343 0.5408964
5169.6179573989 0.0508016
5170.1018947284 0.2855035
5170.4842235891 0.5622926
5172.0260862861 0.0102764
5172.2088087900 0.1410631
5172.4727862155 0.0239066
5173.0512623969 0.5916816
5174.1391592882 0.5702385
5175.1890428526 0.3592547
5175.8520961950 0.0208611
5176.3639454436 0.0132394
5176.6958334619 0.0174251
5177.1697977156 0.0184907
5177.5539435473 0.0493889
5178.0067918603 0.2703112
5178.2180954464 0.0320148
5178.6827204455 0.1066354
5178.8441814921 0.0720473
5179.9214066092 0.0180462
5180.2475219538 0.1058038
5180.5632012001 0.0548585
5181.2236055068 0.0141407
5181.5095098966 0.1916494
5181.8441581544 0.0214374
5182.0211905181 0.0137558
5182.3413860384 0.0100307
5182.7682121689 0.0675199
5183.2948100738 0.0277098
5185.0617734974 0.5916961
5185.7055581070 0.2245086
5186.0046599442 0.1862824
5187.3519476182 0.3104436
5187.7784008251 0.0322270
5188.0009430191 0.0775857
5188.6950832616 0.0104524
5188.9112721445 0.0259678
5189.3606093764 0.2369032
5190.1422316148 0.4772132
5190.2950193569 0.4512302
5192.9091319257 0.5524796
5193.4515301321 0.1049651
5193.7987483676 0.5275658
5194.4221375914 0.4500974
5194.9420921638 0.0455618
5195.3265856563 0.0119713
5195.4996239029 0.0516583
5196.3961620542 0.5844131
5196.9261222336 0.4332331
5197.5112920953 0.3227988
5197.9009930071 0.1703748
5198.6139588409 0.1080975
5199.0234200058 0.3738067
5203.7751564025 0.6255015
5204.9527348758 0.0105260
5205.9907458348 0.7453080
5207.1819931651 0.2394198
5207.4959052234 0.6477388
5208.0006437316 0.0460054
5208.2570253695 0.0242424
5209.0716212284 0.0129607
5209.3858692978 0.0909300
5209.8857872047 0.6478344
5211.3359545532 0.0377387
5211.8431463098 0.4280989
5212.3056782031 0.0278417
5212.6574580108 0.0404329
5212.9853742434 0.1557723
5213.6877387521 0.0592702
5214.1434360674 0.0649700
5214.7943734216 0.0421187
5215.2620528694 0.0334117
5215.5880231259 0.0801148
5216.0684711254 0.0966493
5216.6404269473 0.4969898
5217.0039151174 0.0559732
5217.7346145702 0.5473083
5217.9309835509 0.1094321
5218.8487272832 0.4783418
5219.3662658256 0.1844861
5219.6613328647 0.2286190
5219.9636851345 0.0115792
5220.4809555770 0.0110601
5221.1563954482 0.1340739
5221.5379783621 0.0606026
5221.7462355912 0.1166828
5222.3446307838 0.0514728
5222.4930316705 0.0903905
5223.2122433940 0.1321981
5223.8578356700 0.0886376
5224.1312435136 0.0731488
5224.6421517271 0.1448159
5225.0746916373 0.0607102
5225.3383220274 0.0108726
5225.5333590372 0.0508317
5225.7642083361 0.2067243
5225.9992308067 0.1101814
5226.4032007485 0.3066544
5226.9875419348 0.4084027
5227.2766821011 0.0394305
5227.5449759249 0.0344108
5228.0019093060 0.3877409
5228.3274735552 0.5299459
5228.6494345549 0.6676131
5229.1783359873 0.0172721
5229.5514374900 0.0675366
5229.8373725845 0.2891118
5231.3156213489 0.4834076
5231.6712820779 0.1130520
5232.1373438154 0.0280169
5232.8644086489 0.0352010
5233.9674254200 0.0630475
5234.4090172320 0.5133777
5235.6544499850 0.0245019
5236.0882156341 0.3914866
5236.6497810480 0.0708387
5236.8535939113 0.3238373
5237.6643679931 0.1650423
5237.8519663275 0.0258893
5238.5558687415 0.0104312
5238.7832579264 0.2322802
5239.3068674130 0.0135683
5239.7056418046 0.0131127
5240.0372098231 0.0649498
5240.4241178043 0.0750731
5241.2822710754 0.2399429
5241.9316533713 0.0363100
5242.3425128452 0.0211205
5242.9220402733 0.0158208
5243.5208128992 0.0537518
5243.9577633956 0.4318104
5244.6364962153 0.0544763
5244.8194800438 0.0749397
5245.2416549352 0.2764710
5245.9996665480 0.0105092
5247.4675201847 0.0128069
5248.0341098736 0.0242048
5248.2326990012 0.0624839
5248.5176713931 0.3988650
5248.7423556932 0.0491548
5249.0337744529 0.4357508
5249.3831789613 0.0592705
5249.8373320074 0.0281225
5250.5671732939 0.1391774
5250.8954834136 0.0491961
5251.0559373326 0.0277457
5251.4826502898 0.0235828
5251.6767380199 0.3850559
5252.1138764855 0.4959439
5253.4341148160 0.2029826
5254.4885245150 0.0949379
5254.9300190644 0.3798609
5255.4171688585 0.0253945
5256.1150012369 0.0200794
5256.4147612645 0.4806255
5256.7797538929 0.1382825
5256.9791792978 0.0213132
5257.1830250306 0.1429299
5258.4022150644 0.0916423
5259.1074386176 0.0814949
5260.2980593851 0.0263779
5260.9362697760 0.0319870
5261.2066814374 0.0115646
5261.4359817548 0.0293279
5261.8518992169 0.1378523
5262.1568996752 0.0379078
5263.1731035175 0.4229131
5263.6991726622 0.5657945
5264.0906850638 0.0454981
5264.3514524075 0.0880938
5264.7790159959 0.4879781
5265.3257021064 0.1835460
5265.6599233036 0.6290011
5266.2744296469 0.2249334
5266.6235898957 0.1378186
5267.0236767650 0.4559451
5267.1870518489 0.3784023
5267.4395359875 0.1514318
5268.0308518640 0.5612150
5268.5389770036 0.0134029
5268.7411473359 0.1127140
5269.8059329910 0.1353877
5270.0756236364 0.1070689
5271.0171620026 0.5697679
5271.8119166664 0.6676363
5272.5266360640 0.0975664
5272.7569131183 0.0725271
5273.0809434962 0.0125000
5273.4708733853 0.1075698
5273.7310139582 0.0619773
5274.6391798799 0.4769870
5274.8523486763 0.4183279
5275.7039969593 0.0302703
5276.0029719426 0.0410059
5276.4551848524 0.2042267
5276.7418348318 0.2922558
5277.2262014311 0.3029507
5277.4989448651 0.4780342
5278.3500437673 0.0109671
5278.7808247583 0.0306333
5279.7030224910 0.0197075
5280.2559841845 0.0360025
5281.1344675207 0.0188538
5281.3503460327 0.0719941
5281.5417101617 0.0551388
5281.8226323583 0.2416667
5282.1036315056 0.0739256
5282.6332545325 0.0202222
5282.7975206303 0.0397120
5283.2682070912 0.5312798
5283.8739910573 0.0784301
5285.1005713431 0.5217642
5285.5815577818 0.2503512
5285.8952191767 0.1027343
5286.0825516233 0.1085204
5286.6027828125 0.1141207
5287.1160016235 0.0163028
5288.6522718579 0.0443070
5289.2582220664 0.0140403
5290.0041535142 0.2966698
5290.2834072020 0.0140021
5290.7497327994 0.0152144
5291.2960355935 0.0164706
5292.2862555051 0.0222003
5293.6744609151 0.0115314
5294.0598830530 0.1254377
5294.5093043292 0.0469078
5294.8467060788 0.0230932
5295.4362393509 0.1327322
5296.0252581469 0.0559807
5296.7911238405 0.1335969
5297.2550024333 0.0578796
5297.5570067802 0.0168375
5298.1734438374 0.4794589
5298.8581379492 0.3720928
5299.4969810707 0.3157632
5299.7562302330 0.4927470
5299.9666406375 0.2256308
5300.2599382657 0.1730911
5301.4596228526 0.0634974
5301.8805564637 0.0189427
5302.2267183044 0.3006744
5302.5231200516 0.0835552
5303.3485303197 0.0371124
5303.7834277749 0.4802212
5304.7015327842 0.0144874
5305.0194774758 0.0130505
5305.3218008536 0.0216368
5305.6601033023 0.0661499
5307.3443157640 0.1141747
5308.8427444283 0.4122964
5309.9079872621 0.0994464
5310.1622773091 0.0265316
5310.3858035054 0.0132287
5311.9515657706 0.0201000
5312.1712130638 0.0493994
5313.1085860087 0.0112063
5314.1362785934 0.0259016
5314.3370285101 0.0801760
5315.0626173313 0.1343245
5316.5547090447 0.1300211
5317.2580083076 0.0195071
5318.1013795239 0.4048328
5319.0264589850 0.0335191
5319.8379687709 0.0491633
5320.2542449793 0.0685798
5320.5166010932 0.0262404
5320.7659920008 0.0256753
5321.2991624843 0.0543463
5321.5206247565 0.0869373
5322.2918658315 0.0187523
5322.5933586607 0.1706621
5323.5281759682 0.3084499
5325.6713227812 0.4819732
5326.7556206894 0.0315037
5327.0399695011 0.1856092
5327.4372901331 0.0157624
5327.6292099220 0.1568445
5328.3032049310 0.0503683
5328.7497667628 0.0238975
5329.5326982383 0.6307387
5329.8104421909 0.2656693
5330.0214792881 0.6090362
5330.6280281782 0.3016738
5331.2766965393 0.1352370
5331.4759766626 0.2683365
5332.0400706552 0.0141382
5332.9460627486 0.0575338
5333.8303496967 0.0126288
5334.1492037935 0.1964944
5334.3896894349 0.4596473
5334.7162955991 0.0257355
5335.1402614630 0.0241581
5335.7128253790 0.0249949
5336.3529377168 0.1270075
5337.6557087471 0.0131116
5338.2768926108 0.3343518
5339.2311876076 0.1408106
5339.8133548900 0.0379507
5340.6806022293 0.0142157
5340.9146172191 0.0277961
5341.4230533635 0.5047263
5341.9364141416 0.0548686
5342.5192488558 0.6917894
5344.1917328319 0.1319861
5344.9200729396 0.2933357
5345.9370865064 0.0225230
5346.2474771156 0.0361842
5347.2928875982 0.5480096
5347.5650631778 0.0393327
5348.0429944757 0.0588300
5348.3012740802 0.0105703
5348.9886413389 0.0153958
5349.1996270322 0.0214115
5349.5479786670 0.0182357
5349.8118477830 0.4721213
5350.2436708477 0.0172811
5350.5864182189 0.0185273
5350.9553694981 0.4194738
5351.2320066100 0.1991932
5351.5708775382 0.0187931
5351.8408718289 0.0225837
5352.5562769205 0.0334803
5353.5352490912 0.0921142
5354.8734463731 0.3510999
5357.2098350041 0.0188209
5358.6791118557 0.0199514
5359.6092058852 0.0342866
5360.4211452054 0.0106997
5360.6928362344 0.0403189
5361.2009989100 0.0121134
5363.1163430126 0.1590450
5364.3470582492 0.4281385
5365.9232739073 0.0130801
5366.3717700756 0.4626886
5366.8972042946 0.3884161
5367.9175011207 0.0267975
5368.9683877481 0.4700009
5369.7739586479 0.0141721
5369.9890868265 0.0322422
5370.8636631634 0.0213105
5371.0884136391 0.1755134
5371.4648705384 0.4873321
5371.8188748494 0.0440626
5372.9955527784 0.6379072
5375.2080374013 0.2699060
5378.3304255412 0.0695098
5378.5417287240 0.0186058
5379.1103362442 0.1897735
5379.7198949186 0.0126665
5381.0759331430 0.2907802
5381.8210019071 0.0563527
5382.2096132581 0.0147606
5382.5237530844 0.2714321
5383.2710776427 0.0209343
5383.7729288820 0.0924966
5384.8762657401 0.4957224
5387.0863597174 0.0205496
5387.8341987711 0.1421723
5388.4686023157 0.1045924
5389.0086483301 0.0924225
5389.8491981692 0.0587977
5390.6714948005 0.0176639
5390.9841750737 0.3738348
5391.3439722363 0.0462143
5392.0299842638 0.1092914
5392.9606275133 0.2967263
5393.5247925877 0.0248105
5393.8357496032 0.0541547
5394.6754796431 0.4981449
5396.1750339925 0.3222478
5396.7210946712 0.0834781
5396.9394821831 0.0117741
5397.7511895231 0.0461307
5398.0644804343 0.0283922
5398.6415868580 0.6624240
5399.1219442611 0.1087553
5399.7860752034 0.3248786
5400.3575316821 0.0120797
5400.9812836035 0.1146156
5402.0139880519 0.4090586
5402.7738994025 0.1070578
5403.5702690415 0.0503320
5404.2820405511 0.0446323
5405.3310210399 0.2673934
5405.6497781150 0.5516271
5406.0681212103 0.0300408
5406.5041955867 0.0367003
5406.8591962827 0.1907238
5407.2892047816 0.6463740
5407.8410398451 0.0375067
5408.2820234332 0.1531419
5408.9321229759 0.1993408
5410.6431088380 0.2549720
5411.2988781371 0.5824298
5411.9536832399 0.0219608
5412.4221858248 0.4367551
5412.7254065097 0.1509637
5414.2937306314 0.0769001
5414.6052644458 0.0356511
5415.1826598288 0.0699296
5415.5797714182 0.1114195
5416.7149177459 0.4826750
5418.5480657756 0.1428867
5419.6406550053 0.0277352
5420.2792632789 0.2181659
5420.6972085922 0.0128064
5421.4039057260 0.0118142
5421.8683910091 0.2539952
5422.4417047627 0.0715500
5422.6808392237 0.0985798
5423.3510259983 0.0463445
5423.6657763875 0.0385741
5424.9928088507 0.0178688
5425.5877224122 0.4891719
5426.1551834688 0.1885638
5426.7618719741 0.1813509
5427.7631828065 0.0287574
5429.3168407387 0.0178590
5430.3419849271 0.0114051
5430.6570803635 0.0415805
5431.2142181018 0.5074143
5431.8726244157 0.0355092
5434.0543172546 0.2021770
5434.4632716617 0.3176208
5434.9177526889 0.0229142
5435.1442449229 0.0193315
5436.0441544433 0.6323061
5436.6859766986 0.0359838
5437.3730298858 0.2444712
5437.8101783404 0.1662964
5438.1047726608 0.1759903
5438.7092398699 0.0871400
5439.5520255323 0.0100145
5439.8207810580 0.0121741
5442.1613992515 0.0138506
5442.8555202336 0.1282926
5443.9245395335 0.0341555
5444.9203349031 0.0140102
5445.1197140060 0.0164807
5446.1030652570 0.0480983
5446.5638882088 0.4159415
5448.1041930937 0.3306909
5448.4376206457 0.6657044
5449.0304879428 0.0107457
5449.8906184644 0.0713539
5450.6766304550 0.0126083
5452.3098182054 0.0372324
5452.6269669956 0.0159127
5453.6027493631 0.0470291
5454.3612095563 0.0602728
5454.7492574119 0.0379465
5455.1686039221 0.0219457
5455.5138574059 0.0236792
5456.0949283539 0.0471125
5457.1374453318 0.6036537
5457.8583965991 0.0115789
5458.0348530692 0.0234955
5458.9730425441 0.0294987
5460.8882200963 0.0122245
5461.8725901443 0.0307999
5462.0194058740 0.0437363
5462.3946428867 0.0343141
5463.0717010659 0.0997568
5464.0172891264 0.1586110
5464.4844325940 0.3976371
5464.8024154855 0.4180144
5465.4771388652 0.0351098
5465.8023963293 0.1726815
5467.9210860872 0.3110451
5468.5088290625 0.1519793
5469.2946405224 0.0194843
5469.6304521667 0.0560216
5469.9162149708 0.0179299
5470.8044407128 0.0270493
5471.6152023573 0.0986189
5472.1590607322 0.1802821
5472.7210104774 0.0332047
5474.2302454884 0.1817655
5474.6879559385 0.0824423
5474.9036671547 0.0285951
5475.4269335164 0.3447676
5475.7510050211 0.0462474
5475.9717234346 0.0132595
5476.9578020419 0.0176126
5477.8096673408 0.2737105
5478.0938545194 0.3864766
5478.4358166923 0.5337975
5479.2415203802 0.0637788
5479.9580166238 0.1517865
5482.0362184793 0.0481319
5482.3825347476 0.2792891
5482.7766717733 0.2712573
5482.9554705886 0.2481213
5483.3974724537 0.0435552
5484.1088604800 0.0144011
5484.6267330523 0.2057553
5484.8815558955 0.1824660
5485.4454163667 0.0159168
5486.1499061445 0.0100393
5487.0785516101 0.0172142
5487.2728266191 0.0194971
5488.6742965266 0.1554387
5489.0456029622 0.0919662
5489.2741801704 0.3845114
5489.6919222545 0.0632478
5490.4977838247 0.0413511
5491.1967437339 0.0207591
5491.3768199836 0.0458270
5491.6798003785 0.1022616
5492.2230697304 0.0898237
5493.3628410793 0.0542175
5493.7226860184 0.0139864
5494.4142121078 0.0394598
5494.7650106824 0.0597596
5495.0285239116 0.1598760
5495.3800603437 0.0865019
5495.9947308946 0.1145655
5496.2190324147 0.0188182
5496.4120750286 0.0717765
5497.2060046847 0.0125358
5498.0890069257 0.0450226
5498.6971750140 0.0178754
5499.0506802946 0.5428901
5499.4200078203 0.0140425
5500.5540889778 0.0110562
5501.1171268688 0.0111080
5503.0022924363 0.5165753
5503.6172968866 0.0662551
5504.6009726724 0.1765425
5505.0325930664 0.0257485
5505.4311286763 0.0617455
5505.6270300974 0.0355839
5505.9251403213 0.0360980
5507.4137410729 0.1965471
5508.3170665406 0.5290537
5509.9448966795 0.0708542
5510.1576736389 0.0502352
5511.0721653639 0.0219911
5511.5360678946 0.1598086
5512.2048145279 0.0824794
5512.9710856954 0.0112267
5513.3201150418 0.0214275
5513.5855407224 0.0295676
5513.7903973285 0.1537536
5514.0599365579 0.2136294
5514.5162397823 0.3620498
5515.8817156012 0.1536335
5516.0708983626 0.2069308
5516.3375713179 0.0403333
5517.1675711413 0.0245503
5517.8201495649 0.0195557
5518.0213309914 0.0210083
5518.3056255338 0.1428275
5518.6037330652 0.0720029
5519.0720157633 0.0415638
5519.6295978601 0.0112235
5520.3528339070 0.0136427
5521.1157844113 0.0720577
5522.0315742247 0.0317882
5522.4727749236 0.0361037
5522.6596696966 0.0210240
5522.8303583817 0.0175959
5523.1043046133 0.0220387
5523.9842529786 0.2002781
5524.8312142056 0.0274392
5525.1136665501 0.0125482
5525.5220002542 0.0305439
5525.7871452469 0.0154993
5526.6555673888 0.0409345
5527.0829210740 0.2308841
5527.7181648920 0.0108983
5528.3525975342 0.3516028
5529.1176310580 0.0126298
5529.9540360250 0.5224569
5530.4333240939 0.0680493
5530.6998626517 0.0565211
5531.4999253151 0.0165430
5532.0119568309 0.0316017
5532.3234284505 0.0432376
5533.5160950565 0.0562899
5533.9052109851 0.0127024
5534.2940342858 0.1569678
5535.8429889791 0.0114461
5536.3826344752 0.2478598
5536.7474231985 0.0149844
5536.9689581495 0.2969671
5537.6189924015 0.0118576
5537.8129977398 0.0120044
5538.1312727205 0.0247933
5538.6476557659 0.0131583
5539.3035484450 0.0919730
5540.0575490899 0.1622126
5540.8225562559 0.0748231
5541.3543970931 0.0303637
5541.9861890686 0.0160479
5542.4263632823 0.0210436
5544.7352646531 0.2585950
5545.4809794235 0.2831105
5546.1499553770 0.0240845
5547.5192556704 0.0324437
5548.0520614930 0.2254018
5548.5380836493 0.0897690
5551.1898402058 0.0295016
5551.4968028437 0.0363992
5553.0988344423 0.0129086
5553.3083677851 0.0105267
5553.5140767063 0.0301848
5553.7682784717 0.0184881
5554.2349174060 0.0315773
5554.6973798851 0.0232185
5555.1317484298 0.1785629
5556.4358885427 0.3435751
5557.2528922057 0.0222588
5558.2235139078 0.0111061
5558.5696394623 0.0337625
5559.0221469563 0.0142161
5559.4970510138 0.2199330
5560.3651681968 0.0143367
5561.1928221018 0.0311286
5561.4187281921 0.0133619
5561.7523753454 0.2217699
5562.7875360484 0.0325693
5563.6681773733 0.0216003
5564.2577028171 0.2460396
5565.1636691505 0.3545028
5567.0318347956 0.0602933
5567.2556644340 0.3399527
5567.6252337084 0.0547928
5568.3092663258 0.0251385
5568.9425985389 0.2440621
5569.3102776296 0.0221019
5569.6309805101 0.0103574
5570.4155727666 0.0356684
5571.1742742572 0.4473748
5571.9352970392 0.0152260
5573.6989382148 0.0103016
5574.4003279083 0.4812168
5574.6466244527 0.2220808
5575.2068682667 0.0206358
5575.9387965216 0.0153795
5577.6457040238 0.4488716
5583.5250694913 0.4295736
5584.5218930381 0.0120148
5585.5365407695 0.0201569
5586.0657690888 0.0135888
5586.3240091806 0.1484858
5586.7261614459 0.0148852
5587.8342603224 0.0298161
5588.3183990062 0.4798006
5589.1282487123 0.1562223
5589.4169409427 0.2640948
5590.3122342719 0.6097311
5590.9141219718 0.1146430
5591.4098557069 0.0576836
5591.6728512223 0.4270835
5592.3135743312 0.0378201
5592.9147104328 0.0186096
5593.8056086740 0.2535261
5594.1958213052 0.0274198
5595.2939973873 0.1837680
5596.0227953764 0.5223346
5596.2118327611 0.2487543
5596.6144293134 0.0236822
5597.7297894230 0.0126185
5598.6178913759 0.0187569
5599.8591891042 0.3129677
5600.0419331187 0.5311719
5601.5884456336 0.1066672
5601.7817452895 0.1634467
5602.8356598807 0.4162270
5603.3633828167 0.0281988
5605.3149918099 0.0564232
5606.4965018976 0.0128759
5607.4571540152 0.0151972
5608.5630215728 0.0113271
5609.2247937494 0.0505325
5609.7212311914 0.0132160
5610.5396263271 0.0346435
5611.5267434654 0.0171502
5611.8168555786 0.0179922
5612.9188965936 0.0380351
5613.2219802944 0.0142599
5613.8982718177 0.0128438
5615.8340677569 0.0503540
5616.3387993223 0.1670012
5616.8663517674 0.3187101
5617.2144547426 0.4986905
5618.7421507131 0.1078789
5620.1970509322 0.2139971
5620.7971308560 0.0165495
5621.1642020037 0.1366624
5621.5933985661 0.0279803
5622.0423803170 0.1328518
5622.9045587755 0.0163088
5623.1691667588 0.0320430
5623.7818303796 0.0164427
5624.3369319160 0.0108497
5624.5148923110 0.0321910
5625.5890042796 0.2033275
5626.1135632245 0.4331530
5626.4324748640 0.0226243
5626.8846166139 0.1615530
5627.2384022452 0.0644817
5629.2021758952 0.0703449
5629.5684286404 0.0127375
5629.9091292161 0.0494700
5630.2106963720 0.0626763
5631.6680860605 0.0115241
5633.3680261462 0.0277050
5635.5141710185 0.2469998
5636.0871301715 0.0104290
5637.0599076382 0.0113602
5637.3906098164 0.1487178
5637.7777305658 0.0195499
5638.2653198215 0.0851442
5638.6846509217 0.1434904
5638.9737683851 0.1529457
5639.2742473957 0.0154188
5639.8320989046 0.3359193
5640.3159819715 0.0378482
5640.9140349180 0.0162523
5641.8780254252 0.0657279
5642.5499675352 0.1387828
5643.0096870755 0.2446495
5643.4534774081 0.0888782
5643.9404159354 0.0182482
5644.3203287031 0.0349717
5644.6507925925 0.0649246
5645.6918705641 0.1467639
5646.5956232876 0.0134102
5647.1808335984 0.1097411
5647.3970117682 0.0427315
5647.6768621594 0.0134711
5648.2552668621 0.0296485
5648.8060470708 0.0558445
5649.8305595226 0.0165276
5650.1369478095 0.0399875
5650.6523183641 0.0424702
5650.9556959366 0.0240038
5651.2432734654 0.1201703
5651.5587888231 0.1414814
5652.2574758661 0.1377657
5653.0424398549 0.0760230
5653.8899951981 0.1017253
5655.4389595077 0.1591336
5656.0655799095 0.0415619
5656.5055709980 0.0612550
5656.7485203090 0.1888782
5657.0642904783 0.2866892
5659.0148011803 0.0213273
5659.4485789303 0.2903288
5659.9131565850 0.1204957
5660.1180654874 0.2465655
5660.3969677222 0.4543276
5661.1465650284 0.0690794
5662.0893753221 0.0411547
5662.3597071266 0.0601825
5662.5885636226 0.0145826
5662.9207191563 0.0849575
5663.7292467618 0.0785435
5664.0939980910 0.3753920
5664.5046061207 0.2189308
5665.5752551098 0.1247074
5666.1520975155 0.0148317
5667.1318225182 0.1359934
5668.2585737528 0.0749754
5668.7181323737 0.1140205
5669.0900683575 0.1780469
5669.9468804927 0.0220044
5670.6080326654 0.1457378
5671.3176227600 0.0507672
5671.5198533610 0.0617153
5672.4267919929 0.0678954
5673.0579805774 0.0214500
5673.3907471214 0.0433231
5677.0027125304 0.1719546
5677.3138605765 0.0234857
5679.2651298997 0.0268454
5679.9600434121 0.0192740
5680.6044707358 0.2471282
5681.4974445499 0.0180632
5681.8224748408 0.0407103
5682.6480402423 0.0151780
5682.8184297336 0.0127159
5683.7815999119 0.2282928
5684.2210646338 0.3657056
5684.5883948674 0.0160453
5685.0410488468 0.0118786
5685.7721196556 0.1640656
5686.0667834992 0.2176401
5687.7794181637 0.0804940
5688.1149678916 0.2871104
5688.4197121821 0.0326080
5689.0019200686 0.0102773
5689.7929604094 0.4675648
5690.1259728501 0.0176863
5691.0458735314 0.0531437
5692.0080955417 0.1604943
5693.0804804831 0.1662558
5694.4531279422 0.0142799
5695.2269225597 0.1885888
5696.3290819901 0.0742882
5696.5686939477 0.1767494
5697.6752990899 0.0533912
5699.6059527778 0.0599190
5699.9171839799 0.1264690
5700.1054976404 0.1271937
5700.9884400759 0.0175740
5701.8081642762 0.0841732
5702.1006283908 0.0158335
5702.6878850730 0.1215374
5703.1348363833 0.3937055
5703.4802297038 0.0110655
5703.9066281782 0.0809758
5704.2471299010 0.0282890
5704.4874918528 0.0158017
5705.1657512355 0.1116182
5706.3195560193 0.0774956
5707.0523283335 0.1605913
5707.5910702464 0.2935887
5708.2990340875 0.0355647
5708.6151380180 0.1516772
5709.6854951017 0.1455841
5709.9852308955 0.2483356
5710.4907225787 0.0148806
5710.9693454664 0.4140370
5711.1323345179 0.3749546
5711.5171176786 0.0407420
5712.6783216956 0.3674664
5713.4648509163 0.3351679
5713.7202822928 0.2128413
5714.3646361593 0.0475250
5715.4746610344 0.0194228
5715.7441930732 0.0678242
5716.1379729536 0.0249080
5716.6745392741 0.2908597
5717.0555319951 0.0123113
5718.0400706528 0.0208565
5719.4243669942 0.2366856
5721.4119453790 0.0187140
5722.0284591486 0.0135065
5722.4843655109 0.0495777
5723.3016010996 0.0200458
5725.2938368050 0.0180711
5726.0490026858 0.0194487
5728.6401185024 0.1411294
5729.2520322801 0.0279122
5730.4767295104 0.0197687
5730.7944109064 0.0103819
5732.4433104407 0.0280481
5732.8442886892 0.0271233
5733.3576125797 0.2316715
5733.8911471269 0.0480594
5734.3095920088 0.0104745
5734.4602449277 0.0119572
5736.1551889104 0.0276447
5737.2940368020 0.0236454
5738.6587447844 0.0375767
5739.8321043635 0.0458776
5740.1341092216 0.0115133
5741.0689925797 0.0312424
5741.5799820037 0.0304844
5743.4455896240 0.1300264
5744.5590638636 0.0473751
5744.7780251990 0.0132327
5745.0304115362 0.0215395
5745.5239485153 0.0129601
5748.0089616733 0.0133764
5749.2649474277 0.0840473
5749.5466799979 0.1358287
5749.9519955097 0.1168916
5750.8997804166 0.0197072
5753.6334202954 0.2224663
5754.7248343246 0.3249443
5755.2368691215 0.1290966
5755.6497980146 0.0127404
5755.8089682883 0.0148451
5756.0087720631 0.0470456
5756.2569867096 0.3409709
5758.4157556042 0.1022334
5760.3679177410 0.0121102
5760.8653770737 0.0302723
5761.1385039477 0.0455088
5761.9471446869 0.0851520
5762.4346321732 0.1398139
5762.8492522143 0.0114268
5763.1841186377 0.0149202
5764.0142168610 0.1162897
5764.5971784835 0.3704138
5767.9275293976 0.0320243
5770.9295723989 0.0232134
5773.2080294977 0.0221735
5773.7476443019 0.1692064
5775.6382310488 0.0396789
5775.8465013264 0.0128103
5776.6866972912 0.2552660
5780.0623431006 0.0931493
5781.2833252140 0.0150663
5781.9876747869 0.0948351
5782.2082594821 0.1441490
5782.4137322436 0.0832416
5782.7861934791 0.0621023
5783.3571856692 0.0703258
5783.7317445265 0.2624095
5784.6733441083 0.1203485
5785.4678068691 0.1587488
5786.2671571290 0.1063578
5786.5787397363 0.1278044
5786.8872372283 0.1775441
5787.3306089121 0.1145839
5787.5785617331 0.0430918
5788.6210493589 0.0238855
5789.5291578170 0.1790221
5789.9909321175 0.0298998
5791.7478795190 0.0272819
5792.5948145421 0.3381680
5793.1391866288 0.0350948
5793.3742132533 0.0130224
5794.6819204852 0.1395508
5795.5255572401 0.1397323
5797.6924443451 0.0330681
5798.3384367220 0.0128517
5799.1944969874 0.0121606
5799.4686737818 0.1445126
5799.7887977025 0.1630876
5802.8588899226 0.0165938
5805.6483287790 0.0927019
5805.8732772117 0.0489140
5806.0725983958 0.0742996
5806.8324149055 0.1689674
5807.3773452359 0.0522315
5808.3392747696 0.1968766
5809.3973068555 0.0312114
5809.5943711969 0.0122678
5810.8305950160 0.1793070
5812.4069392480 0.0198151
5813.5309302851 0.0475912
5815.2856468655 0.0135458
5815.6147295633 0.0199487
5816.4257077896 0.0884003
5816.8335718439 0.0407955
5817.2361096629 0.0136591
5817.6737654115 0.0439155
5817.9878264401 0.2621195
5818.6904679133 0.0455448
5821.5370112948 0.0107526
5823.4947618949 0.0209808
5824.0695014907 0.0213717
5825.3111251777 0.0113232
5826.0321154916 0.0103770
5827.3762202439 0.0173526
5828.2493246068 0.0104111
5829.0512527692 0.0187011
5829.4976001237 0.0442667
5831.6441448077 0.0107310
5833.2189990503 0.0848302
5835.6329245019 0.0587453
5836.7213163269 0.0545855
5837.0568575264 0.0200818
5839.3274241189 0.0402029
5839.7654387611 0.0170746
5839.9933775582 0.0700695
5840.2964132381 0.0158201
5846.2205302547 0.0167251
5846.5513270598 0.0131880
5846.9122856194 0.0241440
5847.5773028671 0.0149580
5847.8724045372 0.0121298
5848.6225194072 0.0911338
5849.7400937300 0.1485704
5851.3104710952 0.0327583
5852.8296298430 0.0163958
5853.8465085163 0.1684343
5854.7776652923 0.0306087
5855.3067834266 0.2972647
5855.9342334768 0.0107056
5856.7057434955 0.0888900
5857.7166747236 0.1394135
5859.0805023026 0.4795589
5859.3780215160 0.1846748
5859.8958720580 0.0125540
5860.4083519727 0.0504081
5860.8668377720 0.0163154
5861.2160724721 0.3063744
5862.7362305441 0.0319008
5863.9900324677 0.3277518
5865.5572365231 0.0133736
5865.8752058851 0.0250104
5867.8762951543 0.0113115
5868.0834655622 0.1969884
5868.6993242531 0.0119342
5869.1903306364 0.0830015
6007.2109279101 0.0904296
6008.0065561811 0.0132482
6008.9806623216 0.1048936
6009.3943493817 0.0208508
6009.6303522161 0.2505021
6010.2284849248 0.3253545
6013.8954972004 0.0826761
6015.1610450138 0.3020101
6015.5787092939 0.0100823
6016.9109944459 0.0157413
6018.3117574926 0.3378863
6019.9718370187 0.0345481
6021.0341858673 0.0194330
6021.8440321566 0.3369349
6023.4676766075 0.3389268
6023.8764831594 0.0106129
6025.7350989297 0.3688891
6027.4282141698 0.0178523
6028.7262451068 0.2586041
6029.3907025600 0.0101677
6029.9308484967 0.0117820
6031.5653121286 0.0209154
6032.7017577964 0.0119844
6035.7107734365 0.0318902
6037.0144687491 0.0229810
6037.8476214061 0.0104945
6038.1281233483 0.0275749
6041.4037710708 0.0426136
6043.7734710928 0.2076530
6047.6726189795 0.0272961
6054.3570425374 0.0201521
6055.1494627789 0.0143523
6055.3645300988 0.0594371
6055.7522201812 0.0315431
6056.7580869004 0.0115576
6057.0886000170 0.0104547
6057.6867694814 0.2772426
6058.0293738596 0.0140103
6058.9298765985 0.0205911
6059.8497232940 0.0103329
6064.5348939691 0.0766902
6066.3124289649 0.0328519
6067.1730211267 0.4737183
6069.3019848899 0.0103470
6078.5787575599 0.0292378
6080.1802040968 0.2820507
6080.6965363928 0.1814672
6083.1182630508 0.0209021
6084.3999372377 0.1523636
6085.7939008924 0.0727555
6086.9404310819 0.1645001
6087.9712731067 0.1694670
6088.3536675693 0.0138535
6089.5115526077 0.0338633
6091.2595278281 0.1437060
6091.9013265522 0.1403825
6092.8657955594 0.0590215
6093.6060319578 0.0721256
6094.4879240573 0.0157125
6094.8357882557 0.0302419
6095.3353655012 0.1215000
6096.0653607466 0.0697608
6098.3575616440 0.1551052
6098.7704985520 0.0118545
6098.9568019943 0.0104216
6099.9392046606 0.0568542
6100.3530333587 0.0204579
6101.9674792956 0.0228963
6103.8721596075 0.2884306
6104.4167025168 0.4645461
6104.8968466091 0.2764022
6106.8246169808 0.0435160
6108.2950738350 0.0241646
6109.8134148121 0.2599888
6112.7697405299 0.1176500
6113.3493241128 0.0376794
6114.6219991369 0.0261609
6115.0174583486 0.0329896
6117.8949969232 0.1652327
6118.6897442376 0.0231538
6118.8975867115 0.0110836
6119.7942388836 0.0117485
6121.2291303200 0.0847204
6121.4543135747 0.0355516
6121.9498687623 0.0199611
6122.6958010815 0.0140319
6123.9210989591 0.5403503
6126.7209174211 0.0973348
6127.9196905432 0.0864217
6128.6991162911 0.0102553
6129.1379839623 0.0141074
6129.6086959435 0.2079600
6130.6786312301 0.1032128
6131.2150571851 0.0149013
6131.4044273692 0.0169446
6131.8374185162 0.0859877
6132.9797745180 0.0134705
6133.2748977831 0.0692523
6133.5538063700 0.0687700
6135.6642221086 0.0192092
6137.0692573830 0.0347254
6137.4771214951 0.0434531
6138.3261463998 0.5010452
6138.6999942601 0.2732135
6138.9988721247 0.0208017
6139.4024259021 0.4766173
6140.2159326537 0.0539225
6141.3452872232 0.0111190
6143.4278741034 0.4900640
6144.1931513953 0.0984713
6146.7215982327 0.1207888
6147.9166287676 0.0118694
6149.5037020009 0.2175975
6150.3679624373 0.0127960
6150.9526100216 0.1460889
6151.8477215644 0.0319632
6153.3271006128 0.2157768
6155.9336262568 0.1101168
6156.8489881776 0.2248436
6157.4030306090 0.0199808
6157.7242894550 0.0352387
6157.9840393235 0.0130294
6158.4972429522 0.0123943
6159.4383272758 0.2529300
6159.8644310239 0.0101811
6161.0844124348 0.0471362
6162.4573822027 0.2007335
6163.0021996343 0.2240618
6163.8883541108 0.5492103
6165.1830957817 0.1895129
6165.4621361674 0.2538382
6167.0716777993 0.1722308
6168.1475660334 0.2774075
6170.7504436870 0.3411932
6171.2731148650 0.3892705
6171.6693806972 0.0141856
6172.2265067980 0.2709119
6172.7240521076 0.0113141
6174.4272559909 0.0154502
6175.0508689484 0.2889955
6176.8568172681 0.0109701
6177.0804546372 0.1866377
6178.5266828591 0.2395324
6178.9568109589 0.0599012
6181.1015462983 0.0107358
6181.9209778103 0.2141590
6185.3069735924 0.0357840
6185.5764929624 0.0117099
6187.4132855646 0.0581724
6187.9211010705 0.0285571
6188.4306491815 0.1022355
6189.1190901428 0.0158449
6189.7080209301 0.1715030
6190.7126338099 0.0301971
6192.8994481451 0.2866071
6193.2839326194 0.4707712
6196.1328961981 0.0351007
6197.1717258969 0.0382035
6200.9119585794 0.0429945
6201.2260622366 0.0165713
6202.0377365820 0.2847586
6206.3275004627 0.0803264
6208.9510841089 0.0100114
6210.2754659386 0.0125858
6212.3826377890 0.0102998
6213.7595370256 0.0135587
6215.1573017232 0.3278550
6215.5839902035 0.0233614
6216.3715566078 0.0159972
6216.8709358918 0.1804845
6217.6013714292 0.0175327
6218.0807269018 0.1064642
6219.4082739784 0.0130483
6221.0081080442 0.3844945
6221.6711725898 0.0108375
6221.9487477757 0.0335373
6222.1987210558 0.0333460
6222.5085333814 0.0662266
6223.0611727402 0.0433568
6225.7121555221 0.1091195
6226.2353051710 0.0215343
6228.4634072283 0.1141519
6229.2776962876 0.0323817
6230.9582457941 0.1525894
6231.8188858134 0.0715813
6232.4611433464 0.4892043
6234.3727833585 0.2770624
6234.9233430287 0.0143710
6235.2321959326 0.0104057
6239.0526739855 0.1661710
6240.1156630022 0.1260789
6241.0918206605 0.0227054
6241.6712459419 0.0355383
6242.0366738500 0.0506154
6242.3796623570 0.2139924
6244.5566426383 0.0360611
6244.8416868676 0.0971221
6245.5481728579 0.1439599
6245.8344446271 0.0136405
6246.2030865899 0.1347933
6247.3502266691 0.1204393
6248.0549279331 0.3550949
6249.0700429767 0.0121794
6249.2934932092 0.2066803
6250.6381727633 0.0131600
6251.3613263923 0.0309678
6253.5582764007 0.0522222
6254.2971466404 0.4569492
6255.5667714526 0.0600895
6255.9813617512 0.3792659
6257.6871681103 0.0769346
6258.0967122159 0.3686824
6259.8414961104 0.2262992
6260.4444513219 0.2393914
6261.3241792802 0.0510088
6262.8392126350 0.2058237
6266.8745826706 0.3382000
6267.3585622481 0.0187973
6268.0621643573 0.0111159
6269.4772362292 0.0183064
6270.5710639186 0.0113022
6271.7205660118 0.0234889
6271.9656157184 0.2142162
6345.9110139151 0.2361158
6348.8555029889 0.1131103
6349.5950706343 0.0127630
6352.2611728581 0.0157614
6356.7955268924 0.2477412
6360.4447269571 0.3017311
6361.8468774310 0.0101308
6362.5760551497 0.0578615
6364.1106118298 0.0648921
6364.6354340293 0.1215234
6366.1284940814 0.0895496
6366.4540924884 0.0418138
6368.2477905097 0.0845719
6371.2271329416 0.0622692
6372.1145082086 0.0503334
6373.1229622988 0.0846108
6377.5693745164 0.0141722
6380.0213152622 0.1044685
6382.5126700502 0.1899098
6385.4818781778 0.0291148
6386.4302698770 0.0773397
6387.2262586712 0.0130328
6387.4873723707 0.0384974
6394.3127788672 0.0712041
6395.3817921906 0.4487849
6395.9889930250 0.0153381
6396.9198784262 0.0123734
6399.7539782667 0.0129248
6401.7806503953 0.3948450
6402.0907742220 0.2539023
6407.5285471975 0.0186110
6409.0594201007 0.0639447
6409.7973628794 0.3359653
6410.4410713503 0.0230578
6412.6947073541 0.0197217
6412.8887626523 0.0137732
6413.4306369157 0.3940550
6416.3684935650 0.0610972
6416.7616391355 0.1254739
6418.7022570672 0.1418346
6419.4767594646 0.0340035
6421.4308512320 0.0403984
6421.7307907014 0.2947813
6423.1349453882 0.3770199
6426.6302879810 0.0387295
6431.6813766294 0.0108601
6432.6330237010 0.4133841
6434.4643690922 0.1358467
6435.2325515281 0.0357966
6438.1909313440 0.0346483
6439.4795364035 0.0231460
6440.8632848016 0.5457421
6442.7216640441 0.0197571
6444.7366102874 0.0128749
6448.1861276291 0.0116166
6607.7378814600 0.0122036
6608.7819703715 0.0247342
6609.8575888401 0.0559886
6610.9449790545 0.2365503
6611.3961078083 0.0434567
6614.0160149644 0.0105304
6615.2548322421 0.0323831
6615.6250101563 0.0295176
6626.8569853243 0.0481104
6629.3802287811 0.0935680
6631.8513172136 0.0220258
6634.2763939531 0.0249959
6635.2486282893 0.0874009
6635.5874757391 0.2068852
6635.9484377645 0.0794371
6636.9613688341 0.0732035
6637.5242008737 0.0260367
6641.5325486747 0.0665922
6645.4709958909 0.3322174
6646.9638360227 0.0131246
6648.7723360377 0.0337485
6649.9358572916 0.0204653
6653.3556671590 0.0111070
6655.6949842912 0.0349779
6661.6887159806 0.0133035
6662.9199764161 0.0395588
6663.1679347582 0.0218655
6665.0748479995 0.1104140
6665.2912094562 0.2935866
6667.0388792134 0.0126208
6669.2660642015 0.0216355
6669.5620766268 0.0288839
6670.2215976969 0.0156452
6671.1279049566 0.0163956
6673.6279551879 0.0102760
6679.8402250981 0.3859639
6680.6696812023 0.0129921
6681.9887996204 0.0233485
6689.3399079303 0.0120483
6692.6464738107 0.0100515
6697.8772894895 0.1108020
6698.1646542489 0.0532948
6700.5245789945 0.0654844
6700.9961935447 0.0268301
6703.2312895276 0.0114451
6705.4250299143 0.1430969
6706.3422576677 0.0228961
6706.9595251823 0.1496492
6709.2945380118 0.0207082
6712.1780262247 0.0578831
6714.3111681963 0.0116584
6714.9073214579 0.0947636
6715.6012040637 0.0693662
6717.2438798442 0.0890793
6718.0933399140 0.0518776
6719.5428344332 0.3223345
6721.4778461752 0.0178722
6723.7025715109 0.1026817
6726.5083039081 0.0116539
6727.2187860376 0.0603109
6728.5298579217 0.1576474
6730.8801980508 0.0305356
6731.5936762496 0.0101158
6732.1501390776 0.0142758
6733.9271563120 0.0252453
6735.0152099916 0.0893118
6736.1220821040 0.0112491
6737.3059110468 0.0116774
6739.8503168874 0.0719810
6740.0860914542 0.0233145
6740.6992686521 0.0189532
6741.3878928437 0.0412592
6743.4950708020 0.0374317
6744.9954463986 0.0619080
6745.4346034622 0.0183772
6746.9687350818 0.0282385
6747.8277457390 0.0200507
6748.8251033398 0.0140321
6750.0051109016 0.0125371
6750.7029476084 0.0181358
6752.0242366454 0.2817106
6753.3224471465 0.0102865
6754.5771413640 0.1149118
6755.3318824911 0.0188049
6757.4765296111 0.0470705
6758.4101541990 0.0113173
6759.0436731313 0.0287588
6762.8973145043 0.0133063
6769.6506454912 0.3140130
6772.9148985286 0.0499172
6774.1924336079 0.1842479
6779.2769937616 0.0244430
6784.1026679780 0.0123675
6785.1471406540 0.0100247
6785.5783222416 0.0351516
6786.1135206224 0.0114063
6787.6350177421 0.0146361
6788.3018802452 0.0140799
6788.7380359525 0.0863143
6795.1369694069 0.0385108
6795.4998021111 0.0487685
6796.1870326396 0.0113715
6796.5008143478 0.0139298
6797.2853289599 0.0124765
6797.6794699780 0.0189658
6797.9938393848 0.0354086
6800.3438251898 0.0171444
6800.7756365541 0.0100837
6802.4757983164 0.0301052
6804.0940105740 0.0100669
6805.8846805433 0.0642913
6806.1524477348 0.0473106
6808.7308932974 0.1223603
6812.1475716149 0.1662943
6815.4812335592 0.0218195
6816.8328184116 0.0480411
6821.4602408936 0.0248267
6822.2574284368 0.1292495
6829.8324708605 0.0159945
6830.4828298835 0.1969412
6835.1187141206 0.0294837
6838.8972807626 0.0604907
6840.7032971486 0.0751229
6841.7261931228 0.1118815
6843.2336446048 0.2080516
6843.9325793982 0.0812564
6844.5796868161 0.1317168
6845.0602525402 0.0158250
6845.5499515421 0.2167280
6849.4909781930 0.0162223
6850.4587823719 0.0414876
6852.3244004688 0.0211418
6853.5319272291 0.0123515
6855.0868048724 0.0115536
6856.2207478250 0.0107588
6856.7214295382 0.0393505
6857.0604053165 0.2244955
6857.6172232165 0.0572101
6859.1461109226 0.0779362
6860.0480063552 0.1718038
6862.1905044410 0.0167497
7419.4323335054 0.0239626
7420.4018689788 0.0138072
7420.7191232694 0.1591245
7423.6102246751 0.0546570
7424.3322764725 0.2480981
7425.5568210283 0.2437912
7426.6672924076 0.0377374
7429.5999313873 0.0224895
7432.5949170752 0.0462271
7432.8936651690 0.0669075
7433.6591740296 0.0288375
7435.5097476974 0.0158800
7437.6370870356 0.0792561
7439.6649422222 0.0211758
7441.9285311467 0.0103984
7442.2755144492 0.0213630
7442.6485010835 0.0217880
7442.9681888661 0.1594289
7445.0776298910 0.1102540
7447.8127876041 0.2883750
7449.4536133644 0.1061140
7449.9661699762 0.0521046
7451.3948017105 0.0540838
7454.1659199146 0.0236652
7456.0591958383 0.0338184
7457.4551755448 0.0187739
7459.4059821173 0.0112873
7462.5976739922 0.0124521
7463.5836956955 0.0909556
7464.3915917555 0.2704779
7465.4527989451 0.0266579
7466.3306415085 0.0320505
7468.5836847582 0.0158486
7474.8098143265 0.0354258
7475.6199433260 0.0452016
7478.1942875394 0.0464879
7478.4408185127 0.0480427
7479.6486382522 0.0400753
7481.7610903017 0.0251993
7483.5448131234 0.0299568
7484.0072273070 0.0358924
7484.2821621913 0.0507538
7486.3694811908 0.0211807
7488.1871583760 0.0103438
7488.7240903275 0.0290038
7491.6324998806 0.0210282
7493.7199573097 0.1919716
7496.0249606121 0.0117239
7496.4651838556 0.0406567
7497.1435409716 0.3255558
7497.7158149884 0.0106688
7498.1678043757 0.0114728
7500.6027872308 0.0605184
7503.3422803755 0.0116037
7506.3372219399 0.0189058
7506.9979058448 0.0128186
7508.0946015119 0.0488214
7509.3404758433 0.1797875
7513.1026266402 0.3386278
7514.2115963929 0.0135597
7516.2718676973 0.0496521
7517.1706068624 0.0105965
7517.9080298100 0.0382021
7523.1156080788 0.0115687
7524.8457337134 0.2097237
7525.2951968691 0.0415376
7527.1929032155 0.2089788
7530.2332216653 0.0140921
7533.2282953691 0.2540668
7533.8643897158 0.0290883
7535.4463223643 0.0470360
7542.5176924367 0.0379083
7543.6192705014 0.0111766
7543.9969616249 0.0327051
7547.7080812898 0.0140175
7548.2624496997 0.1247070
7549.9837224505 0.0563157
7553.1871972535 0.0311654
7553.9067089307 0.0100740
7554.5770735216 0.0262294
7554.8957931515 0.0131360
7556.0378322507 0.0126400
7556.9186423976 0.0357656
7557.6893499663 0.2709522
7559.7740018574 0.0142664
7561.7901730398 0.0782403
7565.0991271046 0.0478815
7566.5803528965 0.0143445
7569.2488500522 0.0249207
7570.9926322029 0.2110954
7571.6474235018 0.0218648
7575.5143406931 0.0408936
7576.1365218377 0.2066907
7577.5006391218 0.0112206
7580.8802810252 0.0139202
7584.2082879885 0.0302482
7585.8895948360 0.2559219
7588.1194002293 0.2987455
7761.4820584419 0.0186353
7762.7931146131 0.0294318
7766.7933235679 0.0111567
7774.1006603799 0.1261182
7776.3185430553 0.1103387
7777.5413899326 0.0913654
7791.0798071023 0.2793117
7801.3619579827 0.0189964
7802.1533637876 0.1051609
7804.6278246527 0.0423105
7810.0647680044 0.1667085
7812.9721699753 0.0525472
7813.2984050747 0.0291824
7822.9631964995 0.0167887
7828.9226118155 0.0333462
7834.3638139790 0.2880433
7837.4643673390 0.0828354
7838.2874702403 0.1172004
7840.2892560013 0.0181005
7852.1368798985 0.1013405
