3783.4092191450 0.1194723
3783.5300264623 0.4861054
3783.6919965942 0.4373662
3783.8689742819 0.0686896
3783.9613118198 0.0753267
3784.0614073115 0.0848254
3784.1511923070 0.0730055
3784.2522146194 0.0745699
3784.4306951080 0.3970314
3784.6179473237 0.9085050
3784.8970489616 0.1252119
3784.9916753044 0.1239981
3785.3504495046 0.1464898
3785.4581797993 0.0913792
3785.5672020195 0.1586093
3785.7434440189 0.0552323
3785.9249397824 0.0609225
3786.1098812605 0.0544461
3786.3938279596 0.0723243
3786.5721866297 0.0621309
3786.6630467862 0.1150438
3786.7836630372 0.4671976
3787.0336199743 0.8222789
3787.2460906106 0.8178695
3787.4074387361 0.4357013
3787.5246795015 0.2754959
3787.7624914173 0.8202959
3788.2457078614 0.5089598
3788.9747925871 0.8225961
3789.5234799932 0.1310176
3789.7763133727 0.4922436
3789.9330817625 0.1763090
3790.2589730002 0.6966485
3790.5086979243 0.5252749
3790.6497652587 0.3094069
3790.8979114937 0.4439388
3791.1778459623 0.8374322
3791.2912554266 0.5127107
3791.5645832609 0.5234130
3791.7324173660 0.5296202
3791.8401793546 0.4777349
3792.1833271679 0.1835072
3792.4570335824 0.2663933
3792.5840728968 0.5855166
3792.8209441383 0.5043261
3793.2325371558 0.6228279
3793.4215860716 0.5879397
3793.7612358710 0.4407170
3793.9063199021 0.5213112
3794.1975284750 0.0637820
3794.4290811886 0.4476526
3794.5621560023 0.5991066
3794.6801664344 0.7373345
3794.9525745074 0.5501810
3795.4215564639 0.7395391
3795.6924003224 0.0923829
3796.0862609350 0.7009450
3796.5038258542 0.0608220
3796.6124615739 0.4319561
3796.8429503359 0.0745647
3796.9755703940 0.1665981
3797.0905834002 0.1477112
3797.2591146840 0.1342873
3797.4644313004 0.1175442
3797.5736265262 0.0765455
3797.9638884104 0.3290909
3798.2171070875 0.2060323
3798.5979847067 0.6845178
3798.8000454598 0.2425302
3799.0296205586 0.4134285
3799.3455957855 0.3135415
3799.5983437632 0.6708250
3799.9755355294 0.1370745
3800.6341709291 0.6597210
3800.9887678105 0.1682986
3801.3937449472 0.0934601
3801.9299954090 0.0655258
3802.1853212516 0.1209817
3802.4394262876 0.2911050
3802.6267010568 0.1191685
3802.7618724939 0.6716458
3802.8948061999 0.5345979
3803.0674426979 0.6276442
3803.3606340875 0.5589510
3803.5741344097 0.0674660
3804.1632135425 0.1411202
3804.3339930399 0.2646187
3804.5594601820 0.3648487
3804.7633934513 0.0214971
3805.0928639182 0.5912483
3805.3701891215 0.0760794
3805.5698088918 0.0419241
3805.6936846780 0.2978908
3805.8753783525 0.5271106
3806.4279542444 0.7623975
3806.8336257994 0.0674787
3807.3008655087 0.6552210
3807.5071833520 0.2121994
3807.7955173804 0.8420911
3808.2329109602 0.8527696
3808.4717593755 0.1254186
3808.6233570260 0.7473272
3809.0156569146 0.2720948
3809.2004174907 0.4785988
3809.3667206322 0.4366910
3809.6020259292 0.3294604
3809.8146773617 0.7622429
3810.1285166313 0.4604192
3810.6644527494 0.6983188
3810.8065270986 0.2556804
3810.9729326689 0.0496827
3811.1142135523 0.0332691
3811.3695566083 0.0452221
3811.8395434183 0.6338760
3811.9889612566 0.1355322
3812.1252802021 0.4643407
3812.3794005625 0.3773801
3812.9757737222 0.4790592
3813.3297494176 0.1159253
3813.5427446457 0.0579747
3814.0503178795 0.7356753
3814.3523716677 0.0690308
3814.4729634395 0.5251427
3814.7199949029 0.6196818
3814.9838189499 0.6126550
3815.6288713302 0.7998025
3815.8680257792 0.5108009
3816.9300213209 0.6800852
3817.4275491882 0.5989553
3817.8271125920 0.2517786
3818.0055501481 0.3275366
3818.4742126591 0.1261966
3818.7254974957 0.6033810
3818.9294578953 0.2050854
3819.3217413821 0.4664324
3819.5593147774 0.2052202
3819.7050716036 0.3104926
3820.1494429885 0.1904696
3820.3419764811 0.2591683
3820.5832640634 0.3609484
3820.7678409989 0.1202341
3821.5164152417 0.6690152
3822.2681436787 0.6360134
3822.5726964563 0.1137813
3822.9230805655 0.4617872
3823.0676985396 0.4528443
3823.3748089238 0.2688428
3823.7274032997 0.0520391
3823.9500163952 0.3390465
3824.1438415092 0.1743000
3824.3014264648 0.2205851
3824.4396606515 0.0706835
3824.5993044826 0.7383745
3824.9747494608 0.4610953
3825.1687330176 0.4435824
3825.3985335437 0.4198268
3825.5336619043 0.6215276
3826.0069545368 0.1253178
3826.3658240910 0.2129002
3826.4968174779 0.2570941
3826.9735407057 0.6523398
3827.4986198140 0.1599884
3827.7123309024 0.2028304
3827.9343987232 0.3399435
3828.3986504947 0.1468657
3828.6687793793 0.3893901
3828.9169771038 0.6916845
3829.2564640881 0.3791886
3829.6296793105 0.4510626
3830.4480886293 0.7342526
3831.1590256558 0.1527505
3831.4515037560 0.0842021
3831.5758857595 0.0925707
3831.7215637592 0.1855222
3831.8489972462 0.4405385
3831.9545114053 0.4569140
3832.1234070510 0.4137071
3832.2980045692 0.0555252
3832.7845562439 0.5380402
3833.3961190994 0.7785145
3833.9703118826 0.3655509
3834.1599376503 0.0662840
3834.2930914969 0.1450691
3834.4024577495 0.6015893
3834.9533464887 0.2245710
3835.3192174085 0.7150295
3836.2697767917 0.2378285
3836.4517875730 0.1587287
3836.6322045702 0.1214791
3837.0494261559 0.0522777
3837.1769476711 0.5006785
3837.4245498575 0.6079227
3837.6078455745 0.4193093
3837.8581578763 0.3200480
3838.0066352210 0.2685229
3838.2292225549 0.4460705
3838.5251686831 0.0612751
3838.7318920331 0.1161872
3839.3865371292 0.7761198
3840.3486345429 0.5140659
3840.5128857121 0.0752168
3840.7159149248 0.3019091
3840.8773013195 0.3848571
3841.5343544727 0.7083057
3841.8454572399 0.2252119
3842.1458453415 0.6688969
3842.3597796425 0.2931198
3842.5454090435 0.2474975
3842.8225318668 0.2932088
3843.1416258351 0.6866528
3843.2900792097 0.0742637
3843.5427179876 0.0310516
3843.7279104267 0.1410064
3844.1073760070 0.6573578
3844.3529987620 0.7327316
3844.5546177940 0.0869909
3844.8024974768 0.4861794
3845.0855812052 0.5181167
3845.3296062866 0.4889421
3845.5351010281 0.2620523
3845.6616070577 0.0970637
3845.9807696709 0.1525534
3846.1101294232 0.2803298
3846.2758443604 0.7443839
3846.5628211946 0.8925650
3846.7892012597 0.4269045
3847.0823504003 0.5260994
3847.3794790965 0.2902888
3847.5071709764 0.6378404
3847.7428029295 0.4702679
3847.8976106921 0.7747192
3848.0375317030 0.4715044
3848.4167915826 0.1846442
3848.9384979421 0.4470773
3849.3877555802 0.5215315
3849.6352100617 0.1101597
3849.9375312244 0.2464374
3850.0928401800 0.5503932
3850.4542294474 0.3802192
3850.6309858321 0.3345781
3851.0655937257 0.6935403
3851.6068319063 0.0783126
3851.9186286083 0.7411725
3852.3795000177 0.4286068
3852.6281082651 0.2000281
3852.9505477680 0.1483608
3853.3080022398 0.4434651
3853.4977757546 0.6037813
3853.6714343777 0.7543486
3854.1332620921 0.2275569
3854.2969953442 0.2709972
3854.4382299138 0.1674099
3854.5720398122 0.5598898
3854.8196225069 0.2562471
3855.0156510010 0.0276666
3855.1535325792 0.1842086
3855.3228566169 0.4028026
3855.4618959366 0.5102983
3855.6659785969 0.3803053
3855.9494968022 0.2420624
3856.2134704236 0.0422643
3856.4370659913 0.6118849
3856.7070333430 0.5622409
3856.9414421847 0.6283133
3857.4721574123 0.6567627
3857.7520388154 0.3258343
3858.0168602310 0.0862386
3858.2404226132 0.1823571
3858.4250511166 0.0683784
3858.7604359318 0.4661382
3858.9838528074 0.2287321
3859.3975825271 0.7804891
3859.7840884552 0.2279804
3859.9672988218 0.3774621
3860.3143436747 0.5733669
3861.0132074753 0.6027046
3861.7171994040 0.2587926
3861.9248815106 0.1042158
3862.1172261669 0.1152139
3862.2606241980 0.5577510
3862.4365391398 0.5393267
3862.6735535898 0.3487569
3863.0764242757 0.1705332
3863.3150999690 0.0738740
3863.5865807988 0.3726644
3863.9262214147 0.1934736
3864.1614292972 0.2334868
3864.4942455588 0.4477064
3864.8314927643 0.6681948
3865.0757868828 0.1317585
3865.2004478414 0.3635669
3865.3998161902 0.5117986
3865.5958480111 0.2352914
3865.9657545280 0.5426676
3866.1053833224 0.0595659
3866.2431600551 0.3480653
3866.6264065452 0.6861967
3867.0856535240 0.3408124
3867.5364965674 0.3580691
3867.9248515208 0.3737625
3868.0705634703 0.1428769
3868.3171357778 0.7285597
3868.7208068793 0.5095623
3868.8601636959 0.2097662
3869.0225811440 0.5453859
3869.2158579733 0.1497033
3869.3385194455 0.3159287
3869.5084860288 0.4056336
3869.6598330667 0.1464079
3869.8683381301 0.3066594
3870.2599947396 0.2408639
3870.4050512712 0.2400584
3870.4934543585 0.3887399
3870.6779444032 0.7882574
3871.0181099440 0.4431708
3871.2531969079 0.4860311
3871.4555869223 0.1691872
3871.5944716489 0.3859620
3871.7831556866 0.2802617
3871.8888776224 0.0923782
3871.9782650670 0.2278087
3872.1180147892 0.1618738
3872.4830777439 0.5234232
3872.6491820860 0.2361806
3872.8566429724 0.6310303
3873.0004850308 0.3756492
3873.1696957821 0.4847458
3873.6061828098 0.6826453
3874.0282741621 0.5143605
3874.2092180187 0.8625930
3874.6640574967 0.4987875
3874.8643372971 0.7761499
3875.0546566952 0.8309667
3875.6291300562 0.5443546
3875.8745572897 0.5466892
3876.1786632177 0.5581294
3876.3770851368 0.4860183
3876.6479271472 0.0207400
3876.8772861201 0.5182585
3877.0118600202 0.2611336
3877.1530287972 0.8040470
3877.4033347436 0.1559875
3877.5454179890 0.2433559
3877.7757909473 0.3467978
3877.9394878195 0.6950149
3878.0773444152 0.5352762
3878.2984488618 0.3643393
3878.4395582447 0.1708533
3878.5721928716 0.2902803
3879.1255093902 0.6659615
3879.4096964703 0.2380697
3879.6777388882 0.6545479
3880.3027358320 0.3557260
3880.6782780273 0.3275467
3880.7843755979 0.3492443
3880.9475497277 0.0772194
3881.0731629692 0.3453209
3881.1645571824 0.1489961
3881.2928173032 0.2596124
3881.4858978894 0.5302767
3882.1104802237 0.4485248
3882.7026329280 0.3909313
3882.9765331276 0.8205064
3883.2401420283 0.5592588
3883.4055779900 0.6674724
3883.6253282728 0.5020905
3883.8046606830 0.4825927
3883.9759805372 0.4949250
3884.1038133195 0.1880165
3884.3915067531 0.2743709
3884.7367232243 0.1678934
3885.1875081527 0.0559557
3885.4729443810 0.7666726
3885.7173603294 0.4225076
3885.9424221691 0.1042504
3886.3100823180 0.5766110
3886.6172409947 0.6655257
3886.8584154312 0.2180343
3887.3908259707 0.6435572
3887.9044270546 0.3571871
3888.1566549416 0.6589209
3888.9869854728 0.0489166
3889.1402553835 0.1120815
3889.6245946444 0.6272017
3889.9307699926 0.4628913
3890.2096946054 0.1515394
3890.4604395606 0.2955438
3890.7753057239 0.3859726
3891.0291837160 0.4173095
3891.2945070091 0.3484595
3891.5001787287 0.4455333
3891.6651777868 0.3950911
3891.9478555005 0.6058990
3892.2964005479 0.4605205
3892.4844224726 0.1346540
3892.6105228819 0.2446091
3892.8854484788 0.1000190
3893.0330811959 0.5852531
3893.4144061830 0.1775064
3893.6926238189 0.4404787
3893.9924747393 0.5959545
3894.1714537413 0.5116235
3894.4995392961 0.7037477
3895.0213714309 0.6009014
3895.1877531834 0.8242434
3895.4501791501 0.0246196
3895.5905015962 0.1787128
3895.8004431944 0.0554281
3896.0874593267 0.6276617
3896.2008512994 0.1806182
3896.3381620619 0.0763915
3896.5613821496 0.3202195
3896.7670364827 0.6655048
3897.2365496294 0.1323732
3897.5932725906 0.3005591
3897.8815481047 0.1006518
3898.0772164388 0.0395746
3898.1831716462 0.0189578
3898.5638002665 0.6985567
3898.7543434166 0.0415698
3899.0006589640 0.7112856
3899.1220323781 0.8681440
3899.4958618500 0.4844478
3900.1374449765 0.6159962
3900.2480200688 0.2749427
3900.8190290255 0.6456895
3901.3168466093 0.0850707
3901.6465369895 0.8290180
3901.9387690429 0.2220141
3902.0675050475 0.4567144
3902.7013348665 0.5226271
3902.9715733129 0.5674456
3903.3662023738 0.5782436
3903.5350407165 0.3177599
3903.7359448527 0.3334551
3904.0564640196 0.6463570
3904.9953823472 0.7388063
3905.1814313755 0.1586589
3905.4499128592 0.0197475
3905.7413266877 0.1033997
3905.8945514857 0.6411049
3906.1215742199 0.1280036
3906.6360920639 0.5085979
3907.0110555319 0.3669347
3907.4073351345 0.4833447
3907.5972194554 0.8101978
3907.8569885339 0.5865673
3908.0692682902 0.1784105
3908.2161643220 0.1213238
3908.5873086293 0.6638851
3908.8818306643 0.3032793
3909.0456276404 0.6639922
3909.3800200844 0.3681650
3909.5267190363 0.0510729
3909.6473331619 0.1161458
3909.8679199054 0.6965284
3910.0320179511 0.3034430
3910.3922158013 0.1229441
3910.6142950048 0.0640272
3910.7702259034 0.5648073
3910.9487605918 0.6132970
3911.0477267781 0.6670843
3911.4410699073 0.5479236
3911.6428288279 0.4479570
3911.7746922965 0.1871707
3911.9526676305 0.6071261
3912.1055148371 0.4437365
3912.2897603952 0.2253373
3912.5042597368 0.0159979
3912.8104499706 0.1978160
3912.9287702415 0.4998059
3913.0955588819 0.3093268
3913.3993307269 0.2503321
3913.6929146678 0.0343865
3913.8863289373 0.0396212
3914.0886288724 0.4524843
3914.3615316757 0.1749590
3914.5757449059 0.8226014
3914.7440425016 0.6949137
3915.1200757706 0.3973771
3915.4195273943 0.6573747
3915.8471276732 0.1286505
3916.0760630923 0.0170633
3916.3240327620 0.1486101
3916.5835229844 0.1889627
3916.7228323482 0.4985293
3916.9181645818 0.6104741
3917.3523174929 0.4964817
3917.5109820016 0.4968037
3917.8449835944 0.6691958
3918.2958101638 0.8558933
3918.7098285720 0.0828312
3918.9813103841 0.0455821
3919.2032217978 0.0280720
3919.4285364988 0.6276511
3919.5308735698 0.6732237
3919.7554115790 0.6822284
3919.9920062808 0.0244895
3920.2738377728 0.6741981
3920.9325413789 0.0868674
3921.3751458454 0.6769412
3921.7354941845 0.1955975
3921.8363911519 0.1738217
3921.9490140655 0.4438660
3922.1564645449 0.6595522
3922.3899350866 0.2566617
3922.5368075475 0.4991201
3922.6632551550 0.4129308
3922.8238667673 0.4499766
3923.0135491368 0.0305675
3923.1909915264 0.1180525
3923.5357779140 0.1467194
3924.0288255169 0.6010383
3924.5899029140 0.0604765
3924.8010799588 0.0188321
3925.1761228771 0.0412321
3925.2843956095 0.0568905
3925.6422588110 0.6415210
3926.3178482942 0.4341093
3926.7607619486 0.5675744
3927.0664755698 0.5962372
3927.4361868344 0.0795423
3927.5735186237 0.1165999
3927.7597449288 0.0273979
3928.2282781863 0.0264612
3928.5593278055 0.0753521
3929.0404012148 0.6533041
3929.1976739940 0.2981943
3929.3277013008 0.1167698
3929.4504272543 0.2348936
3929.7555385844 0.3870010
3930.2338932190 0.2468597
3930.3329851220 0.2538397
3930.4656694225 0.1352791
3930.8510981337 0.0360236
3930.9939507756 0.3448369
3931.4157583924 0.5914962
3932.0001792351 0.0387957
3932.2380821288 0.1513603
3933.1297979518 0.1016343
3936.4252695275 0.0818086
3936.9390297368 0.2515727
3937.0860109314 0.2905911
3938.4488288670 0.3240663
3939.1221691657 0.1229065
3939.5212240039 0.3524825
3939.7432028479 0.0345316
3940.2544024416 0.0318313
3941.1561118317 0.1571487
3941.4673718607 0.0309341
3941.7684801931 0.0405220
3942.0005118423 0.6872079
3942.3963919107 0.4681132
3942.6103265915 0.4821704
3942.8532033403 0.4887615
3943.2675691020 0.0562037
3943.5591127739 0.5772076
3943.8691977418 0.0344582
3944.2235761420 0.1681876
3944.4627720236 0.4632646
3944.7006111218 0.0988180
3945.1294519740 0.7703697
3945.8423953135 0.3748673
3946.0081841326 0.4798931
3946.2364191285 0.5329511
3946.4496738778 0.4417371
3946.9694929439 0.1581988
3947.1351533408 0.0609885
3947.3080785528 0.0328500
3947.6564190567 0.0378097
3947.7673563515 0.0794971
3948.1161518253 0.5854965
3948.4988651266 0.3402865
3948.6521110673 0.6312677
3948.8893578480 0.6309664
3949.2192324494 0.6693990
3949.3981334025 0.1732027
3949.7927142528 0.7625082
3949.8967443376 0.5699367
3950.0163483047 0.4238249
3950.2522666112 0.2873538
3950.4976316822 0.0292305
3950.7270589263 0.0297115
3951.0756314992 0.7698488
3951.2503756304 0.0373948
3951.4715242663 0.4059997
3951.9078973439 0.0209415
3952.2865476055 0.6765630
3952.5527236186 0.0297535
3952.7459753995 0.0731643
3952.8844705369 0.0587235
3953.0806729579 0.4007159
3953.3109742943 0.0861141
3953.4418477240 0.1925243
3953.7314575323 0.6454715
3954.0504736823 0.6401021
3954.2671625392 0.5161496
3954.6183728289 0.2226541
3954.9793106870 0.4249488
3955.1832930605 0.0239560
3955.6541088247 0.1684232
3955.8341500534 0.1856036
3956.4578303493 0.5671678
3956.7174877097 0.0284906
3956.8731455284 0.0226822
3957.0784395968 0.5137072
3957.4575159734 0.7026406
3957.5812997773 0.6702738
3957.8025884496 0.7694212
3958.1559301140 0.7154894
3958.6040346227 0.0210556
3958.7477429659 0.2224156
3958.9140716309 0.0174738
3959.0551811064 0.5295466
3959.3316440860 0.7863657
3959.5337649500 0.1306023
3959.8586388013 0.1278071
3960.3081696074 0.0390314
3960.5885297063 0.0433779
3960.9538863725 0.0578769
3961.4041602059 0.3739547
3962.2710672494 0.2582206
3962.6489076572 0.7953677
3963.2898429951 0.2503436
3963.4956011538 0.3314314
3963.8386908772 0.0950432
3963.9777597550 0.5065110
3964.2308249488 0.5231397
3964.5563033885 0.1084506
3964.8106593401 0.4448115
3965.1514129070 0.0184942
3965.3973447414 0.4552781
3965.6426138533 0.4107917
3966.3627615452 0.0358423
3966.6352593842 0.2149312
3966.8484549885 0.0375354
3967.0544884141 0.0797604
3967.1898205299 0.5053109
3967.6299445641 0.2306875
3967.7541111267 0.3428458
3967.9446942417 0.0619444
3971.3900070802 0.1596041
3971.5178289500 0.1966242
3972.1277525035 0.0554530
3972.4523703864 0.4274687
3972.8202449198 0.0205341
3972.9496818424 0.0560730
3973.0923742947 0.0285079
3973.2975735915 0.3918107
3973.5725754971 0.1726708
3973.6919510644 0.1875827
3974.0393017441 0.0956323
3974.2656106019 0.1206217
3974.6840704631 0.6571018
3974.8163786568 0.5839462
3975.0255342586 0.1809753
3975.2873569776 0.0910206
3975.5252579831 0.4126691
3975.8757860165 0.4868762
3976.3338257635 0.2373082
3976.4706206398 0.0814472
3976.9687088223 0.2652295
3977.2085825654 0.2189351
3977.5148002967 0.2689704
3977.7780036705 0.7007748
3977.9872662145 0.4718570
3978.3138379004 0.0524503
3978.8713718068 0.7527643
3979.2837184254 0.0658548
3979.4694753456 0.1621184
3979.5850041935 0.3019766
3979.7863735597 0.5091367
3979.9850589354 0.0627158
3980.3154404604 0.0431896
3980.6443631153 0.5630690
3980.7673110208 0.3145670
3980.9126916526 0.1043922
3981.1355426084 0.1134466
3981.7561174529 0.1596451
3982.1043488817 0.0979794
3982.2282380243 0.2467614
3982.3580836319 0.1787723
3982.6237103871 0.0736285
3982.8951079293 0.8167226
3983.1200670585 0.4292566
3983.6090805145 0.5918814
3983.7216065418 0.4301975
3984.1283660854 0.3705724
3984.3230641561 0.4073055
3984.4840445742 0.0948424
3984.6689843477 0.1817170
3985.0722389389 0.7988713
3985.2765206829 0.3002133
3985.4618635126 0.3603524
3985.7899833395 0.2476488
3986.0655464051 0.2247087
3986.5092301758 0.5577604
3986.7144999098 0.0526150
3986.9236252308 0.0160609
3987.3034962628 0.6381617
3987.8836271135 0.6445224
3988.2016411670 0.3233404
3988.5043663693 0.0521166
3988.7359675514 0.3613977
3989.0957964750 0.0934437
3989.4403911417 0.0215757
3989.6468637539 0.1286424
3990.1176017496 0.3420122
3990.8898403343 0.8192808
3991.2351044199 0.0706746
3991.5028128948 0.5372283
3991.7005907594 0.1368006
3992.2474610420 0.5877964
3992.5599877721 0.1456576
3992.8148380916 0.4677700
3993.3759280517 0.3003682
3993.5166172808 0.1366772
3993.7674183346 0.0703674
3993.9568723686 0.3954828
3994.2277107457 0.2437286
3994.4301480508 0.0409707
3994.5951156911 0.0146121
3994.7387580826 0.0824274
3994.8643201127 0.0532543
3995.0909766534 0.3130867
3995.2480716186 0.5672162
3995.6437171416 0.4607489
3995.8140702097 0.4136167
3996.4442983770 0.8203706
3996.8787230708 0.1749386
3997.1168606931 0.6389554
3997.3969447506 0.2757621
3997.7293494030 0.1060954
3997.9176185326 0.1644003
3998.0996852825 0.4897297
3998.2412371915 0.2328737
3998.5252518877 0.7354309
3999.0378905150 0.8157664
3999.1890957661 0.7687511
3999.7713656920 0.8336286
4000.1033710854 0.3040863
4000.3635636232 0.0664841
4000.4786671964 0.0852837
4000.8160811141 0.0245033
4001.1566815047 0.0345250
4001.3854605795 0.4261500
4001.5936312918 0.5220808
4001.9361402428 0.0369568
4002.2869776599 0.3742487
4002.5757937679 0.2736506
4002.7977895130 0.6495697
4003.0855203986 0.0235709
4003.2054869842 0.0769079
4003.6134196378 0.1398032
4003.7980705898 0.1657006
4004.0566199048 0.3375614
4004.4171952605 0.0105605
4004.6586735775 0.0343401
4004.9030194638 0.5249483
4005.1436905807 0.0455444
4005.2925914160 0.0445369
4006.3836401101 0.7665099
4006.8377762520 0.4156956
4007.0880197426 0.0950876
4007.2883385117 0.2777033
4007.4464028930 0.5937641
4007.7602215725 0.5729803
4007.9008004664 0.6225683
4008.1240403144 0.3674605
4008.4090412571 0.6545201
4008.7254997382 0.0170578
4009.0630659142 0.1208350
4009.1828380238 0.1398918
4009.5486530407 0.0165269
4009.7381137965 0.0443177
4010.0552338033 0.7540470
4010.2810848067 0.2434084
4010.6787922082 0.2164444
4010.8378317078 0.8160141
4011.1080763304 0.0268852
4011.3075483537 0.1650363
4011.5027510418 0.0233300
4011.7197169261 0.3851537
4011.9092710390 0.2086661
4012.0653108762 0.2447966
4012.2207223493 0.0593729
4012.5446966621 0.4253535
4012.8490930606 0.3564180
4013.1511957303 0.0525699
4013.2849567380 0.1605082
4013.3885238770 0.1897569
4013.5216519395 0.6900325
4013.7405191834 0.0451490
4014.2178816861 0.0150921
4014.3663592798 0.0385032
4014.7654125938 0.5162557
4014.9452998948 0.7043515
4015.4035073164 0.3111427
4015.6613666211 0.7812740
4016.0616585622 0.0903531
4016.2849467750 0.0349532
4016.5099982288 0.1785111
4016.7406974586 0.4860115
4017.1327085088 0.0146497
4017.4161203933 0.0935594
4017.5571190859 0.4807269
4017.9350841580 0.0762314
4018.2720547490 0.6834790
4018.5996520215 0.3454418
4018.9095369063 0.1978086
4019.2377681759 0.7931363
4019.4037909092 0.5510741
4019.9618119270 0.0244201
4020.1872093166 0.2829567
4020.4308071628 0.1276915
4020.9513125907 0.0158544
4021.1713097406 0.4182111
4021.5321308616 0.3207022
4022.0381661918 0.6713068
4022.4699912603 0.0809362
4022.7522441519 0.3610580
4023.0027701527 0.7862742
4023.3626065606 0.2488341
4023.5775520939 0.1263460
4023.8770835731 0.3243510
4024.1370218956 0.0676161
4024.3684170989 0.0433595
4024.5204412395 0.3985993
4024.8220014808 0.4810516
4025.2373863105 0.3820007
4025.4653162199 0.0173918
4025.7136438006 0.6764623
4025.8656087270 0.6806554
4026.1424326660 0.1213026
4026.2695676034 0.5803885
4026.4292626506 0.0470381
4026.5599286211 0.1997347
4026.9572924756 0.3481010
4027.2964970806 0.2067185
4027.5687338933 0.2357372
4027.6774141584 0.3152229
4027.9109552480 0.0195037
4028.0354689418 0.0368043
4028.1843008116 0.4212393
4028.3887891785 0.0585149
4028.5232960345 0.0920318
4028.8066367116 0.2028394
4029.0676063220 0.1155730
4029.4788818693 0.5227470
4029.8991923592 0.2081994
4030.5674195014 0.0365797
4030.7777489583 0.6278023
4031.0107375782 0.0390458
4031.3277402688 0.5251595
4031.6345336614 0.6714172
4031.9009062389 0.9439016
4032.2446805693 0.1219706
4032.3796955816 0.1878443
4032.8851274801 0.3844675
4033.1035336714 0.6117119
4033.5998253329 0.4172773
4033.7748884151 0.7279146
4034.2135404014 0.9576774
4034.7387351422 0.1632449
4034.9258208985 0.0403592
4035.0463621595 0.0624589
4035.3674280206 0.3560636
4035.6311392389 0.9403082
4035.9992599023 0.1073089
4036.2571241831 0.0944620
4036.3843579847 0.0934755
4036.7473480686 0.4091401
4036.8658525186 0.6864161
4037.1170324834 0.0475584
4037.3786534883 0.0201067
4037.5109793420 0.1218462
4037.9066256159 0.1424539
4038.2635393948 0.2550316
4038.4508752509 0.0311603
4038.6927585178 0.0162475
4038.8211522847 0.1019966
4039.0407735821 0.0205842
4039.2577371449 0.1464021
4039.4424828250 0.0308053
4039.6311854598 0.0174758
4039.7712873185 0.1219615
4039.9302958603 0.3873675
4040.2320867222 0.1936046
4040.4424980037 0.0228315
4040.7010686867 0.0407426
4041.0799000424 0.2134942
4041.2328500516 0.3713179
4041.4506857956 0.1008665
4041.6529098381 0.1261686
4041.7835843738 0.5473939
4041.9269680224 0.2288324
4042.1749665237 0.0207657
4042.5082818424 0.8399536
4042.7918023323 0.3260605
4043.0563236751 0.0497302
4043.3854576824 0.0326166
4043.7307783027 0.0540481
4043.8930496518 0.0506337
4044.0467264738 0.1018671
4044.4777729106 0.1450524
4045.0443315220 0.4814318
4045.2810280130 0.1235171
4045.7538994098 0.6514865
4046.2621418870 0.2839328
4046.5374919173 0.4181088
4046.7501609377 0.2763312
4046.9630901864 0.6578906
4047.2041352074 0.2213256
4047.8916338441 0.0627697
4048.1471489405 0.0199552
4048.4504890035 0.2181746
4048.8122134147 0.1660195
4048.9433132576 0.0751412
4049.2097128420 0.1869975
4049.4838172218 0.0145640
4049.8961752365 0.7466431
4050.1417315119 0.0643347
4050.2875741913 0.0550206
4050.4744796093 0.3972094
4050.7064101022 0.2952043
4050.8686209427 0.2803561
4051.1737999820 0.0240108
4051.4686305555 0.1031013
4051.6820285032 0.0203605
4051.8215435293 0.3583333
4052.0981680227 0.0424933
4052.3264653279 0.0630710
4052.4895607814 0.1670328
4052.9012002462 0.0145672
4053.0557772925 0.5282079
4053.4420445431 0.3783970
4053.6195671510 0.5266355
4053.8402188688 0.4196249
4054.0831410514 0.1995206
4054.4129505787 0.4803276
4054.5702072574 0.0770438
4054.9698573019 0.4649516
4055.3275025013 0.2810778
4055.5818496544 0.1649220
4055.7021282327 0.1283582
4055.9842390580 0.6830972
4056.1776296690 0.6518550
4056.3463558292 0.0378927
4056.6926599855 0.8037847
4056.9928332268 0.0126232
4057.1392945145 0.1032384
4057.3411619741 0.1848201
4057.4913123170 0.1976051
4058.0426992273 0.0233957
4058.2175683263 0.0304617
4058.3561355703 0.2756973
4058.4963520258 0.4501790
4058.6511564871 0.5862980
4058.9731239728 0.0138821
4059.0917643953 0.1537408
4059.3593233103 0.6803421
4059.6020063489 0.0322499
4059.7424248984 0.1822499
4059.9056231165 0.5839602
4060.0726669207 0.7071217
4060.3583152691 0.1730718
4060.5220698034 0.1469345
4060.6308003448 0.1853557
4060.8648524678 0.4481097
4061.1008288744 0.0441871
4061.2206537883 0.0669132
4061.4132923890 0.4024387
4061.6332791339 0.0711086
4061.7763285233 0.0221594
4061.9094430641 0.1209452
4062.2421102954 0.3958282
4062.5780399908 0.0544150
4062.8719731510 0.2057998
4063.1021787811 0.3149757
4063.5928399454 0.7084366
4063.7871573482 0.0387806
4063.9152306419 0.0237368
4064.4332129061 0.4165376
4064.7479136926 0.6843479
4065.3593177292 0.3042779
4065.5993772108 0.4297659
4066.2389874498 0.4094068
4066.5324505939 0.4729356
4066.7309668388 0.1098237
4066.8557095535 0.0612783
4067.1508408651 0.1224891
4067.3618754159 0.1809839
4067.5164317010 0.5577173
4067.7346881116 0.5468738
4067.9583332824 0.1545873
4068.1258116188 0.6904551
4068.4235724007 0.7095239
4068.6395992693 0.0562112
4068.7521404432 0.1003611
4069.1336422556 0.7011841
4069.4717520460 0.0110505
4069.6946604665 0.2594304
4069.9996606154 0.0142176
4070.2164733918 0.2069503
4070.4245105023 0.0679238
4070.7578258911 0.1640158
4071.1752009443 0.0345157
4071.4260436260 0.4186137
4071.9244209151 0.6308724
4072.2469968870 0.0716117
4072.6845939053 0.3668196
4072.8953582027 0.6648146
4073.6560584155 0.3844905
4073.8514990045 0.0404245
4074.0393842969 0.0276431
4074.2708681376 0.0371400
4074.4894113226 0.0192523
4074.6340359758 0.0807048
4074.9163160091 0.6190622
4075.1913990997 0.0274044
4075.4803355558 0.1266603
4075.9404681099 0.5793312
4076.2579927482 0.2630900
4076.4718864192 0.1911179
4076.8553763303 0.0515306
4077.0968955712 0.3697570
4077.3753986505 0.3305739
4077.5122505923 0.1040267
4077.6471576154 0.4871360
4077.7859149861 0.7241679
4077.9575515711 0.4277237
4078.2359593769 0.1058878
4078.4997979306 0.1584824
4078.8744249173 0.8394237
4079.1153603084 0.2478435
4079.5113250805 0.6785697
4079.6229867120 0.5588571
4079.9706539459 0.1264145
4080.1846058771 0.0355901
4080.3830402876 0.7147587
4080.5631733489 0.6528713
4080.9940835199 0.6039239
4081.2213621102 0.0223825
4081.3644031051 0.5808480
4081.5966566078 0.0174895
4081.7327943564 0.0451600
4082.0313916927 0.4177319
4082.4064063090 0.2500508
4082.5712349772 0.0297935
4082.8898449426 0.0285407
4083.0266049652 0.0112436
4083.2642519519 0.4437834
4083.5920892738 0.5606086
4083.7468030659 0.0953575
4084.0946048939 0.6756370
4084.3725873691 0.0719085
4084.7768871457 0.5647319
4084.9151290877 0.4671157
4085.1558089710 0.1078924
4085.6494795510 0.6143789
4086.1625447287 0.6456338
4086.4500195720 0.7001377
4086.7167709517 0.0380079
4086.8676476024 0.0147021
4087.1366446605 0.2617477
4087.2827551641 0.1250132
4087.4585721834 0.5007128
4087.8631327860 0.2507365
4088.1065939517 0.0227100
4088.2515524947 0.5249060
4088.7453961694 0.0241041
4088.9489241038 0.0697803
4089.3147596735 0.0172412
4089.4540895342 0.0345293
4089.7139777523 0.3525628
4089.9574035416 0.0235119
4090.1668512270 0.0282879
4090.3747393845 0.4488230
4090.6096218085 0.0124617
4090.9168953223 0.0118198
4091.2307140501 0.3251102
4091.4769157984 0.0966804
4091.7202435446 0.3125271
4091.8783393198 0.0427784
4092.1117403981 0.3765077
4092.2429408031 0.0188170
4092.7111657036 0.4222812
4093.1367795907 0.0372217
4093.4337426803 0.3701809
4093.5474285213 0.6454780
4093.8170000509 0.6613607
4094.1976961820 0.0450624
4094.4232607922 0.0161944
4094.6365459480 0.0215633
4094.7718824378 0.0215802
4095.2246692140 0.0121192
4095.5771691167 0.1682847
4095.8447970009 0.1188322
4096.0936897706 0.5690213
4096.6357409901 0.2344470
4096.9206156113 0.0376541
4097.1340892198 0.6777047
4097.2600126073 0.2457073
4097.3726150673 0.3080837
4097.7047956749 0.0317283
4097.8410695127 0.1144908
4098.2376171634 0.3935843
4098.3821151748 0.0798291
4098.6111114292 0.0789790
4098.8033725061 0.0889587
4098.9718093657 0.0146317
4099.1234080868 0.1697155
4099.3366956095 0.6008724
4099.6954563903 0.5523818
4100.2174190621 0.1026752
4100.3332797074 0.0817155
4100.5701038741 0.0341453
4100.9464673065 0.5344169
4101.1618865997 0.0816360
4101.3190367265 0.4170358
4101.4914853590 0.1802024
4101.6533203827 0.0654250
4101.9010959989 0.6951730
4102.1072750038 0.1160988
4102.2672501612 0.0819251
4102.4220625069 0.3526163
4102.8420715218 0.2130975
4103.3113563003 0.1968848
4103.5303758893 0.0792637
4103.7096777987 0.0631890
4104.0992040951 0.6384109
4104.4623382916 0.1081632
4104.6153719636 0.0740549
4104.7725987737 0.1344494
4104.9851304158 0.0115426
4105.2897630453 0.6436562
4105.4659337267 0.0833678
4105.6044792958 0.1225378
4105.9110377107 0.0598312
4106.0976536780 0.1446878
4106.3213110552 0.5498884
4106.8601091868 0.0166297
4106.9843455400 0.0832965
4107.4221298914 0.4457436
4107.5882760200 0.4656541
4107.8763452468 0.1327881
4108.1123809380 0.0516516
4108.6518640048 0.7443540
4108.9172987260 0.0380531
4109.0325292224 0.0766954
4109.2965734101 0.2056419
4109.6874871730 0.4448785
4110.0712399616 0.1211049
4110.2188653425 0.5348024
4110.6141017897 0.1815777
4110.7446616718 0.1051376
4110.9558438582 0.7853987
4111.1992776213 0.0419176
4111.4798289356 0.0322533
4111.6956260816 0.7265924
4111.8819297036 0.0798429
4112.0251626457 0.2108585
4112.1608715875 0.0534462
4112.5165453479 0.2304134
4112.9446604317 0.7630185
4113.1457515680 0.0430917
4113.4830604307 0.4032755
4113.7313516097 0.0433792
4113.8748488127 0.4905609
4114.1121256375 0.5917880
4114.3851376221 0.0513885
4114.6129493086 0.0625524
4114.7730501911 0.0327430
4115.0143852701 0.0309175
4115.2803282147 0.0695770
4115.6110271405 0.6433832
4116.1019855823 0.4282369
4116.3390924858 0.6867586
4116.5550092194 0.0485078
4116.7084479588 0.0481192
4116.8387167895 0.0468408
4117.0330292250 0.0516437
4117.1426592101 0.1139207
4117.3881531019 0.0371423
4117.6454454945 0.4498321
4117.8676070856 0.1467847
4118.1177352223 0.1486004
4118.3217293854 0.0132749
4118.4507691854 0.0146603
4118.6502980392 0.0508357
4119.0193748844 0.3564939
4119.3273255089 0.0851660
4119.7124207115 0.7447465
4119.9429291718 0.8053124
4120.5656763882 0.3767069
4120.8309886465 0.1253208
4120.9574181147 0.0542782
4121.0776583417 0.0687743
4121.2048880398 0.0223341
4121.3740594847 0.6637895
4121.7800803036 0.0943806
4121.9820185625 0.0531840
4122.2221403342 0.0208248
4122.4862981928 0.8641044
4122.8071897138 0.0660000
4122.9693306786 0.6471803
4123.1668956834 0.0375929
4123.3121648387 0.1384829
4123.6829214843 0.6390819
4123.8277238878 0.2372230
4124.2101166929 0.0464832
4124.3985361332 0.2354689
4124.6726281677 0.4784115
4124.9135282972 0.6720181
4125.2441337977 0.0193997
4125.6529433366 0.1374560
4125.9455830123 0.0811097
4126.0755920122 0.0704948
4126.3793124115 0.0274387
4126.5343468480 0.0663583
4126.7882135572 0.4289472
4127.0482218459 0.4759368
4127.3520864148 0.6183645
4127.6793019019 0.2983316
4128.0238143214 0.1714974
4128.4300985255 0.0381315
4128.7765439630 0.6774936
4128.9648997719 0.6081402
4129.2391372020 0.6077168
4129.4688963391 0.0523874
4129.9038573901 0.1608490
4130.3462274336 0.3993110
4130.6266527272 0.2646697
4130.8924581107 0.2037351
4131.2026803723 0.3998542
4131.6310160119 0.0164972
4131.8113879621 0.1311239
4132.0120550101 0.0328393
4132.2840319229 0.1622535
4132.5195319884 0.1057513
4133.2312504643 0.6492259
4133.5683710283 0.0477999
4133.7015741011 0.3725128
4133.8891132315 0.1968754
4134.0720007432 0.7324219
4134.6211655813 0.1108506
4134.7746710848 0.2067615
4135.0196000245 0.5591815
4135.1722103938 0.0728136
4135.3446792669 0.1579374
4135.5127360540 0.6147247
4135.6283212017 0.5982988
4135.8474072308 0.7720801
4136.0805592060 0.1562879
4136.2107996744 0.0620990
4136.4521385954 0.0650540
4136.6204366069 0.0708658
4136.8745706714 0.1665103
4137.1119588782 0.0246613
4137.4511085117 0.0259059
4137.6946204740 0.4695858
4137.9161845952 0.0114346
4138.1686260081 0.6550658
4138.4406642069 0.1803641
4138.5817031369 0.2785839
4138.8206840234 0.1813411
4139.1564597862 0.0675139
4139.2908316797 0.0521575
4139.5189009777 0.1162771
4139.6396813796 0.1212672
4140.0123781898 0.0723068
4140.2526977491 0.0768762
4140.5495927054 0.0862542
4140.7244534208 0.0835292
4141.1018327705 0.5716477
4141.4158159566 0.0966407
4141.5761726018 0.3851463
4141.8948193910 0.1001017
4142.2313400151 0.0568871
4142.7040827310 0.0908581
4142.8090003779 0.0656163
4143.0367843659 0.3673718
4143.1878064261 0.0931305
4143.3505827971 0.2351233
4143.4710192216 0.1412050
4143.6198100375 0.2236269
4143.7587509820 0.3129200
4143.9809219402 0.0730485
4144.2291644117 0.1007337
4144.5891202426 0.6856970
4145.0423588531 0.6329376
4145.5104177793 0.0953837
4145.6999394124 0.0944760
4145.8571150779 0.0615456
4146.0262588803 0.0785893
4146.1634026658 0.0862171
4146.3725523342 0.1848891
4146.7225627129 0.1072335
4146.9381912301 0.1303743
4147.2355618428 0.4315789
4147.3772972827 0.1090069
4147.5345797877 0.0546920
4147.6573752035 0.0249488
4147.8767629773 0.0904387
4148.1575364312 0.2380438
4148.3848586554 0.0970064
4148.5150330759 0.2895805
4148.6565146203 0.1575154
4148.8447470390 0.7585226
4149.3971452826 0.0845023
4149.5703825616 0.1185755
4149.7834571430 0.0433968
4149.9395054267 0.0433007
4150.0862053202 0.0785745
4150.3720059455 0.2412395
4150.5356956028 0.6004574
4150.9330059688 0.3645366
4151.4248367225 0.5234024
4151.6118168960 0.1401531
4151.8730407015 0.0689135
4152.1365372931 0.2324608
4152.4214056675 0.0576972
4152.9388290744 0.1172018
4153.1208133599 0.3353291
4153.3436759516 0.6636363
4153.7148140932 0.0806666
4153.9394143311 0.0979113
4154.1913053336 0.0897250
4154.5585221191 0.2419357
4154.7942085144 0.1498451
4155.0760392669 0.6921723
4155.2728749481 0.4377688
4155.6767118360 0.7254781
4155.9841801511 0.6943184
4156.2226876280 0.0875677
4156.3730663212 0.0161789
4156.7734535774 0.0657562
4157.0895568983 0.1475544
4157.2569368495 0.1986730
4157.4792181241 0.4551048
4157.6265903603 0.3007673
4157.8466057814 0.4178110
4157.9774081538 0.7229533
4158.1755538317 0.0952523
4158.3735326562 0.1089549
4158.6168901179 0.0115401
4158.9591690247 0.6834841
4159.1784958370 0.1249982
4159.5625493073 0.1591166
4159.9685450614 0.6377967
4160.3574925767 0.5200650
4160.5883720897 0.0481234
4160.8212157579 0.1340108
4161.0446734356 0.0715846
4161.2631986304 0.0659309
4161.5389521401 0.3267716
4161.7307781752 0.1654388
4161.9514678684 0.0642265
4162.0891806057 0.0684157
4162.2545337504 0.3579333
4162.3823231761 0.2452337
4162.6923506942 0.5219711
4162.9760445582 0.0754494
4163.2360277657 0.0631935
4163.4594613302 0.0229289
4163.6363810090 0.1875577
4163.8360679275 0.1977587
4164.1912573900 0.0401425
4164.6543574982 0.0821488
4164.8281912490 0.6266716
4165.1880645616 0.0183702
4165.4697878630 0.2972181
4165.8204709471 0.1655560
4165.9599216933 0.1332698
4166.2687995664 0.0891550
4166.5632458457 0.3828619
4166.7591535567 0.2075542
4166.9276102696 0.0239310
4167.2458631028 0.0326548
4167.4867653332 0.1002790
4167.8733603685 0.0569817
4168.1600849457 0.0670641
4168.4494445044 0.5862202
4168.7383780219 0.2052354
4168.8932605271 0.1121652
4169.0359788427 0.3021235
4169.1397692401 0.4080427
4169.6220618645 0.0921419
4169.7937000646 0.2879166
4170.1211758016 0.4153829
4170.2672857775 0.0624804
4170.5003656908 0.0848158
4170.7916556696 0.2597197
4170.9397627099 0.2212765
4171.1772127601 0.0187373
4171.3318190351 0.0685290
4171.6863456691 0.0381336
4171.8359592452 0.0147602
4172.0827582885 0.6600447
4172.2195351184 0.5790032
4172.6138957409 0.0384526
4172.8707610652 0.3902498
4173.0826147852 0.4887086
4173.2984750063 0.6094956
4173.5299611956 0.0389452
4173.6808745742 0.2871462
4173.9234272264 0.7033792
4174.1447405487 0.1806307
4174.4936808433 0.5571666
4174.6732523087 0.6152245
4175.1045642679 0.6928891
4175.5826165568 0.0796946
4175.8178691670 0.0209137
4176.0952292813 0.7154198
4176.3051223611 0.3352731
4176.5199493851 0.0344236
4176.8181183182 0.7539401
4177.0863267338 0.1664306
4177.4635544736 0.0663606
4177.7481778155 0.6336430
4178.0438715515 0.0958534
4178.2532386056 0.1776356
4178.5083990311 0.1610611
4178.7586571210 0.7366468
4179.0226803018 0.2678115
4179.2229739072 0.4127659
4179.4178122920 0.0785614
4179.5752962991 0.0975011
4180.0364030955 0.4265537
4180.5567973842 0.4724860
4180.9970600957 0.0671622
4181.2085273942 0.0411125
4181.5812441396 0.2066233
4181.9859829955 0.4269831
4182.3742828702 0.1017443
4182.5864101535 0.0273125
4182.7344307111 0.2961447
4182.9400725937 0.7338207
4183.1464027870 0.4303969
4183.5657498885 0.6188067
4183.7667238376 0.0717101
4183.9412226419 0.4057934
4184.1873466852 0.1951288
4184.5115376375 0.2610682
4184.6460056116 0.3468218
4184.8193500940 0.0435022
4185.1732741773 0.4654879
4185.4878848182 0.3127604
4185.8215555698 0.0333020
4186.0768418893 0.6951916
4186.3339387441 0.0331836
4186.5480765496 0.0788419
4186.7385791651 0.0998261
4186.9614094415 0.0979853
4187.3036059425 0.4085088
4187.5291915624 0.1239334
4187.8024682040 0.4025399
4188.2260946692 0.7423084
4188.6231338804 0.0371237
4188.7763427342 0.4312223
4188.9870037406 0.6978781
4189.4976349444 0.0284058
4189.9151224932 0.5427840
4190.1579236931 0.3229150
4190.2764023365 0.3312247
4190.7461899685 0.3215262
4191.0008151116 0.1243704
4191.1674025875 0.0596228
4191.4212726931 0.1235589
4191.5711016126 0.0194201
4191.8919118415 0.4192467
4192.0941957638 0.0341356
4192.6171897202 0.7058508
4192.8606171181 0.4903454
4193.1961974846 0.1664111
4193.7532390075 0.4699020
4194.0963695468 0.0390054
4194.3050470291 0.0208666
4194.4623413997 0.0306188
4194.6352465665 0.0820807
4194.8378634993 0.1634279
4195.0031701227 0.0782275
4195.2676776549 0.0325221
4195.4376787805 0.0452296
4195.6716582733 0.1034313
4195.9207556531 0.2986138
4196.0280612687 0.2684622
4196.1784272930 0.1719355
4196.5179217929 0.6636856
4196.8048349764 0.4543182
4197.1341800643 0.0641087
4197.3939155876 0.6484528
4197.7235555840 0.3938162
4197.8560030279 0.1743847
4198.2804389396 0.4013889
4198.4197111548 0.1198521
4198.7939433642 0.0718126
4199.2579982244 0.4475474
4199.4792777696 0.7486457
4199.8167869648 0.5971332
4200.2869099600 0.7407411
4200.5432254204 0.1063772
4200.9208771216 0.0254777
4201.1678221840 0.5119417
4201.6427675683 0.2058321
4202.1118427633 0.5964891
4202.4250863656 0.0465950
4202.9025340099 0.2204089
4203.2203901541 0.6804724
4203.9405249393 0.3604945
4204.1431049629 0.0803799
4204.3168412472 0.2613208
4204.7607034725 0.4502532
4205.1600853055 0.7955489
4205.3897753453 0.1017507
4205.6640072350 0.0736758
4205.9391396015 0.5303366
4206.2376405614 0.3103414
4206.5876692651 0.1961879
4206.7259676911 0.5114878
4206.9248015948 0.0424837
4207.0935894431 0.0318022
4207.3270796427 0.0235191
4207.4683992923 0.0858389
4207.8804947880 0.7824836
4208.1408029772 0.0504388
4208.3167861451 0.6248478
4208.5905318117 0.3258016
4209.0043300270 0.0924785
4209.3155421282 0.0340879
4209.4251173876 0.0214622
4209.5494177819 0.0292090
4209.7922874065 0.5855345
4210.1725213150 0.2628433
4210.3963226656 0.0172125
4210.5538615846 0.1092170
4210.6899756705 0.1488649
4211.0182967452 0.2025007
4211.5469012197 0.7922278
4212.1547840847 0.4987298
4212.5291336736 0.0618158
4212.6995157756 0.0105330
4212.9228432050 0.0773545
4213.0823077817 0.3660156
4213.4042851057 0.0360884
4213.5846713445 0.0311383
4213.8260668376 0.5261637
4214.0418326135 0.0215517
4214.1813276494 0.0533798
4214.3381622869 0.0575724
4214.4640340871 0.0534932
4214.6024450487 0.0625739
4214.8399818904 0.6046141
4215.0828336174 0.2354510
4215.5410646310 0.0397926
4215.6766372285 0.0389047
4215.7961698956 0.0136548
4216.0350049095 0.0655184
4216.2470626047 0.0713111
4216.7225864007 0.8403665
4217.1610858089 0.2513227
4217.3786073597 0.8232946
4217.7868203590 0.3073579
4218.0842802852 0.0276328
4218.4158801141 0.5296343
4218.7417017968 0.6550658
4219.2364372427 0.0268375
4219.4120077031 0.1600121
4219.5731881560 0.3278603
4219.9147389000 0.5409960
4220.3931340694 0.2202518
4220.5657840842 0.7815956
4220.7766713875 0.0316954
4221.2397057166 0.1827037
4221.5345576838 0.5553012
4221.8330031150 0.0354013
4222.0368775686 0.0288892
4222.3858482952 0.0447338
4222.6572835666 0.3084588
4223.4092160476 0.7401821
4223.7886677594 0.0944017
4223.9220181596 0.0877765
4224.0675322634 0.0469875
4224.2765435582 0.2925611
4224.4284512809 0.0551012
4224.9206190182 0.1515521
4225.3656111008 0.6584604
4225.7032014759 0.5080852
4226.0485547297 0.4889739
4226.6497149383 0.5624900
4226.9080006135 0.2155898
4227.1533245958 0.3977073
4227.6313630206 0.1737503
4227.9248941715 0.7319205
4228.6246169356 0.5602683
4228.9398573082 0.1401239
4229.1302850591 0.3145486
4229.7232226387 0.0320601
4229.9106665869 0.1123418
4230.4606629436 0.0235469
4230.7105891992 0.4626280
4230.9639019343 0.5991976
4231.1010172084 0.4493129
4231.4433557908 0.0342560
4231.7625431247 0.1194467
4232.2148256684 0.5859396
4232.8590088547 0.3010995
4233.1441265846 0.1644624
4233.4080422074 0.0400127
4233.5897348691 0.0753585
4233.9227791356 0.5308111
4234.1158249791 0.3946466
4234.3605821523 0.5704061
4234.8027122463 0.7194039
4235.1902215578 0.0852801
4235.4206879495 0.0277622
4235.5893326167 0.0129681
4235.7346380450 0.0808664
4236.0814241040 0.0191326
4236.3358460179 0.3943602
4236.4814252887 0.4953267
4237.1405259575 0.6431888
4237.4521544263 0.3186124
4238.0168028235 0.1736404
4238.1388804936 0.1363742
4238.3900845352 0.6355700
4238.7063509641 0.0224179
4238.8673940780 0.1270330
4239.2197133261 0.6104166
4239.5831173861 0.1557995
4240.0078314087 0.6795771
4240.5542053743 0.3044356
4240.9259006745 0.5607951
4241.0479604519 0.3839824
4241.3968728794 0.1783149
4241.5816961112 0.4595349
4241.8974776482 0.2106882
4242.1499728340 0.0271334
4242.3151764236 0.2923113
4242.5182584219 0.0425761
4242.7015091719 0.0714267
4242.8884438095 0.0297033
4243.3580753273 0.2788586
4243.6237901373 0.4676251
4243.7986642381 0.5012694
4243.9272779388 0.4205683
4244.1796692101 0.0145025
4244.5557383064 0.2434749
4245.0163176908 0.2702918
4245.2452676965 0.0683025
4245.5674691360 0.1054961
4246.0067856079 0.0208987
4246.2821686912 0.1826066
4246.4635053021 0.6022098
4246.8231155798 0.0204238
4247.2778798024 0.4701435
4247.5749881942 0.0235993
4247.7029828648 0.0277879
4248.0311277298 0.8489504
4248.3454636481 0.0200678
4248.6263387875 0.5827721
4248.9222046351 0.2935653
4249.2567170849 0.1848520
4249.4271960766 0.5570033
4249.6145323365 0.3022412
4249.9259162520 0.4696178
4250.1387480098 0.4524043
4250.3088082623 0.0634043
4250.6904012421 0.4324144
4250.8342943112 0.4888170
4251.3237689317 0.6635100
4251.9892542607 0.6570385
4252.5341898838 0.1668871
4252.8193921062 0.0569324
4252.9400554746 0.0774313
4253.0763474686 0.0281829
4253.2617002512 0.0508808
4253.5007916213 0.2084354
4253.6612261681 0.0446048
4253.9469191712 0.2433426
4254.2013595245 0.2795410
4254.4047820552 0.2935344
4254.5656648906 0.0397204
4254.7127225641 0.0344342
4254.9368100544 0.2785758
4255.0966024638 0.2673993
4255.5409858493 0.7583817
4256.1792518523 0.5151665
4256.4499508001 0.4495658
4256.7026158803 0.3282070
4256.8315467132 0.4665992
4257.0322260261 0.5286725
4257.3700837693 0.2554885
4257.5217831846 0.0680770
4257.8013517545 0.0679284
4258.0062217195 0.1558407
4258.2676801721 0.0224489
4258.5413392606 0.0431590
4258.8573963388 0.3102718
4259.2417839203 0.1296727
4259.3683425017 0.2147769
4259.5196877155 0.6971689
4259.6827986707 0.3026030
4259.8147866988 0.2621915
4260.1546422220 0.3283931
4260.2920751511 0.1986654
4260.4914920460 0.2992745
4260.9630987471 0.2053580
4261.2061945092 0.4990381
4261.3279051781 0.3507506
4261.6813592270 0.5969259
4261.9214525611 0.2310523
4262.4199764683 0.3892956
4262.7286604257 0.4807264
4262.9340460816 0.4190737
4263.1791648277 0.4339539
4263.5439093467 0.1031624
4263.7848879958 0.1027830
4263.9143194851 0.1371517
4264.3361380824 0.3961912
4264.8086931424 0.1945688
4265.1753753637 0.2625962
4265.4226146800 0.6064403
4265.6630527695 0.2879356
4265.9327179093 0.4020621
4266.1189974280 0.0879277
4266.2849272197 0.0114416
4266.4637309244 0.3744184
4266.6165429793 0.0403007
4266.7322060026 0.0823207
4266.8772638601 0.1516371
4267.1222638002 0.3414299
4267.4053405563 0.0598520
4267.9410453885 0.1730672
4268.1654405054 0.5611789
4268.5883132692 0.4410332
4269.0183017239 0.6547958
4269.3085370341 0.4473570
4269.8318242584 0.1849239
4269.9557126852 0.4567299
4270.1059940179 0.0510455
4270.2323434817 0.0326082
4270.4969858180 0.1088158
4270.6787077336 0.3191048
4271.0459237166 0.3063921
4271.3701325680 0.2826556
4271.7056889322 0.1029005
4272.3633317924 0.5573881
4272.9701432860 0.6096365
4273.4886428022 0.1321405
4273.6274918132 0.0992701
4273.7463945722 0.2434846
4274.0888863633 0.1238348
4274.3315812669 0.0264545
4274.5326892711 0.3858693
4274.6806531984 0.4251424
4275.1107263392 0.5299485
4275.3923120053 0.4398052
4275.8052180859 0.4036827
4276.0097935230 0.8383225
4276.5849914993 0.1235832
4276.8658381135 0.4023003
4277.2897794676 0.1568343
4277.4731108527 0.1542321
4277.6361589669 0.2228824
4277.8778823597 0.3363267
4278.1966186644 0.2731404
4278.4352038731 0.2304159
4278.7330754548 0.3442646
4279.1749613996 0.0165898
4279.4335307522 0.3922710
4280.0530894989 0.2943716
4280.2652598068 0.2799674
4280.6906019267 0.4972871
4280.9246818043 0.6017769
4281.0766451478 0.2568620
4281.2344530676 0.4331382
4281.4215606791 0.3673527
4281.5976500446 0.1622142
4281.7213636031 0.0474173
4281.9866449334 0.3665798
4282.1632429431 0.3065370
4282.3056771328 0.4620384
4282.5768208049 0.2998292
4282.7866558318 0.0564487
4283.1747782437 0.4835770
4283.6148431001 0.7978859
4284.2191028888 0.8273714
4284.6117051711 0.0367980
4285.0756305831 0.0251383
4285.2681360073 0.1425896
4285.4341185795 0.4939663
4285.6126377374 0.1435350
4285.8895408682 0.2884310
4286.0384722186 0.3066264
4286.2086717501 0.4723035
4286.6440560730 0.6655834
4287.0087731499 0.3843339
4287.2326794107 0.6170294
4287.3982673709 0.4441308
4287.6801708988 0.5393466
4288.0905815399 0.4946350
4288.2195092633 0.5069353
4288.6147057559 0.5861111
4288.7692135244 0.0815267
4289.0892114190 0.4977531
4289.3575809713 0.5117117
4289.6016111154 0.0192645
4289.9399199752 0.5252179
4290.1642320962 0.4674399
4290.2870206570 0.6191146
4290.5758673445 0.7959129
4290.9306912579 0.8228119
4291.2643516880 0.1075271
4291.4279395558 0.7029306
4291.5875151189 0.4650227
4291.9179514025 0.0158370
4292.1301629345 0.7050751
4292.3290212259 0.1773381
4292.6759497568 0.7674199
4293.3177909346 0.5453922
4293.4978859742 0.3934914
4293.8738956631 0.0305826
4294.3198969548 0.5757250
4294.7565913506 0.0668864
4295.0126871238 0.1712143
4295.3365460839 0.8200547
4295.8492536579 0.1020323
4295.9904776195 0.3163874
4296.2433619700 0.5099083
4296.4292674100 0.6005505
4296.9614556790 0.5889268
4297.0944931689 0.2500353
4297.4182072944 0.2364140
4297.8194975181 0.5428240
4298.1657760179 0.5536036
4298.4848926264 0.5384814
4298.7348450392 0.4597046
4298.9647943826 0.2518701
4299.2332150622 0.7058909
4299.4007473439 0.4060456
4299.7240487248 0.0593968
4299.8804450188 0.6710610
4300.0199210437 0.3508106
4300.2001608076 0.6620899
4300.4517423710 0.5812265
4300.6952365581 0.1816150
4300.8501988058 0.3530343
4301.0369973351 0.2461206
4301.2601442525 0.6398037
4301.5204083504 0.3480571
4301.7779684776 0.6963414
4302.0123236332 0.3290219
4302.3038814311 0.5921900
4302.7059770067 0.0340009
4303.1342643806 0.6906827
4303.7439006643 0.8493510
4303.9656713030 0.2731025
4304.1213038995 0.4515664
4304.3717984922 0.4255180
4304.6369540605 0.4103007
4304.8120816943 0.3553774
4305.4662825527 0.4158591
4305.6021237758 0.4352825
4305.7805828266 0.5714751
4306.0561852942 0.3470691
4306.3137958006 0.4478541
4306.5366861967 0.3027826
4306.6608532604 0.6599538
4306.9176117136 0.3957883
4307.1291174864 0.7225009
4307.3550449420 0.5061833
4307.5739652052 0.0318301
4307.9120728935 0.5857556
4308.0593286102 0.5611987
4308.5222285787 0.4113500
4308.7973202759 0.4674255
4308.9618388833 0.4894317
4309.1171055676 0.6562065
4309.3769690207 0.1358031
4309.8061550456 0.5281557
4310.1185684002 0.4336017
4310.2626575157 0.2410752
4310.5956472927 0.6851785
4310.8741842289 0.4985429
4311.0831725738 0.3782980
4311.3164310621 0.5643026
4311.6598773310 0.5310043
4311.9120706001 0.4136186
4312.1949197523 0.3042387
4312.3752345172 0.4894458
4312.6854434961 0.3069922
4312.9281268152 0.4474792
4313.3366813115 0.5412873
4313.5110438618 0.5197114
4313.7966146122 0.4787820
4313.9223442615 0.1161968
4314.0852811772 0.5343942
4314.2398641058 0.5004970
4314.6400052619 0.0575125
4314.8313657443 0.4285685
4315.1159448657 0.0857469
4315.2978346275 0.7478172
4315.4342449171 0.1556243
4315.7187608429 0.1635740
4316.0154572528 0.5346183
4316.1892658098 0.6428574
4316.3059529622 0.7546678
4316.6484258939 0.0368562
4316.8094748952 0.0407921
4317.1528089842 0.0194095
4317.2917602735 0.0472908
4318.0127069804 0.2585432
4318.1637478604 0.0698074
4318.5355738463 0.0440632
4318.9329640976 0.0666597
4319.2803295007 0.0926634
4319.5855719040 0.0830072
4319.8691784965 0.8315589
4320.1489807687 0.0588130
4320.6614830939 0.0914327
4320.8460831838 0.0731639
4321.2023504420 0.0209325
4321.3398334778 0.0231469
4321.5792045964 0.0782408
4321.7105514483 0.1147025
4321.9562628852 0.7098628
4322.1682834895 0.4924044
4322.4173532704 0.0346642
4322.6177045055 0.0678063
4322.8708527398 0.2393124
4323.0104061115 0.3624144
4323.2636631650 0.0605367
4323.5556650013 0.0261127
4323.7191440076 0.0701551
4324.0403523580 0.0413673
4324.2285392346 0.4620514
4324.4378594210 0.2390042
4324.7201647782 0.1501662
4325.0606402389 0.3344657
4325.3259801737 0.3162475
4325.6247494134 0.4253114
4325.8258982716 0.0269577
4326.0337491432 0.2479296
4326.2080263223 0.6455788
4326.5719099939 0.2265874
4326.9856264365 0.6614607
4327.5696231287 0.3048501
4327.8292809119 0.0371535
4327.9730763932 0.4051602
4328.1302633577 0.2348185
4328.3259476307 0.5313679
4328.6625909994 0.0278761
4328.9837718106 0.0594899
4329.1351223704 0.4119221
4329.8211042412 0.2043641
4330.1021285590 0.0468439
4330.2386530989 0.0441847
4330.4998025281 0.1434206
4331.2334059732 0.3172903
4331.4598778498 0.1993041
4331.6151917642 0.2380604
4331.9191968210 0.4168912
4332.1683228589 0.2237641
4332.6423735180 0.0581446
4332.8630965235 0.4566709
4333.2224064038 0.0431549
4333.3808904738 0.0480686
4333.6602612215 0.0372068
4333.7999248298 0.1873596
4334.0417106887 0.3020707
4334.4156708660 0.0561260
4334.5924428789 0.0654589
4334.9807184040 0.1673966
4335.2343993443 0.0641182
4335.4172655715 0.1222590
4335.8812790971 0.1401292
4336.0184219937 0.1485154
4336.4906709578 0.1819048
4336.6603742825 0.0838375
4336.8111797347 0.0306432
4337.0046467128 0.0267060
4337.1361653801 0.0178840
4337.4848125524 0.0117530
4338.2709549584 0.7489114
4338.4659267139 0.1628607
4338.7806996447 0.6285145
4339.1393693172 0.7010823
4339.4865797648 0.3606607
4339.6680444871 0.0966345
4339.8570163251 0.1604321
4340.0553571787 0.1530283
4340.3279976946 0.0467724
4340.4755413012 0.1601897
4340.6729544113 0.6766796
4340.9375707265 0.5145200
4341.7032728170 0.5104958
4342.2214905917 0.2749780
4342.5869595397 0.3672234
4342.9360450368 0.1152494
4343.1171272515 0.1037644
4343.4021200524 0.1071532
4343.7946272582 0.0136603
4344.1860608722 0.0202434
4344.4595882872 0.4413304
4344.7112588203 0.1604458
4344.9201053236 0.4437609
4345.1852821018 0.2501402
4345.5073228759 0.4689969
4345.7292659066 0.7358953
4346.1068291740 0.1309028
4346.2976927759 0.0388301
4346.8132033600 0.0619113
4347.1105958995 0.1334468
4347.3316202102 0.0984945
4347.5167020616 0.2599974
4347.7792433597 0.4537623
4348.0493476486 0.2270123
4348.3129609595 0.0231219
4348.4598917906 0.3624952
4348.7641722854 0.2597781
4349.0589322550 0.3083344
4349.1882493308 0.3092517
4349.5578418867 0.3116421
4349.8639311593 0.0496405
4350.1646234518 0.3589452
4351.0095471589 0.0227991
4351.2117593925 0.0113451
4351.4678731136 0.0877288
4351.8082368904 0.1819090
4352.0486325250 0.2465762
4352.2753492195 0.5826582
4352.6196745704 0.0498415
4352.7725028270 0.4524935
4352.9927327548 0.7363830
4353.1366364726 0.5722873
4353.4759094951 0.2379300
4353.7758112949 0.3081852
4353.9610722993 0.7424808
4354.3898097023 0.1513925
4354.6802186547 0.1040884
4355.0515772255 0.0709428
4355.1826063658 0.0648270
4355.4760139987 0.1352849
4355.8364281601 0.2632055
4355.9800917767 0.1636500
4356.3140874448 0.5346140
4356.5715537583 0.2573957
4356.9220574429 0.2700824
4357.2169017865 0.2863126
4357.5862953547 0.3403415
4357.8241614403 0.2834581
4358.1290045773 0.1096897
4358.5139846702 0.0881852
4358.7238575178 0.1451356
4359.0975024780 0.1043702
4359.2212291785 0.0808264
4359.3959728092 0.1486097
4359.7362617296 0.5614323
4359.9334889196 0.1205676
4360.0449458006 0.1526702
4360.4115315848 0.0472206
4360.5677899402 0.1724801
4360.8445614813 0.5029535
4361.5117260864 0.3025757
4361.7002161279 0.3526007
4362.0195460845 0.2005682
4362.4966784249 0.1181455
4363.0089281617 0.0205887
4363.3106192766 0.0923332
4363.4300634323 0.1560598
4363.7630490867 0.2810805
4363.9657984843 0.2498837
4364.3243680751 0.3006724
4364.5167287083 0.3527956
4364.6927341157 0.1469311
4364.8264846587 0.1741110
4365.2660221679 0.2779797
4365.4110221229 0.3095542
4365.7265878843 0.0114041
4365.8833853457 0.0437085
4366.2439407126 0.0195840
4366.4919269928 0.0319085
4366.7564150979 0.1732880
4366.9813499496 0.0242458
4367.1273812874 0.3295392
4367.7312814062 0.1534332
4367.8939764419 0.3157007
4368.1354034871 0.0717712
4368.4115653779 0.0697174
4368.8218431109 0.4473644
4369.1349456189 0.6262170
4369.3667151628 0.1319401
4369.5206648172 0.0756522
4369.8589365533 0.0886633
4370.1358740607 0.0470273
4370.4950262156 0.0362809
4370.6357185902 0.0833753
4370.7676221707 0.1065831
4371.0028879970 0.7443826
4371.3737227496 0.1294475
4371.5135731030 0.1515579
4371.8773944398 0.0290754
4372.2495115817 0.4391526
4372.5101875604 0.5919653
4372.6511087466 0.1616590
4373.0293567842 0.0718545
4373.1842626231 0.0126237
4373.5715116517 0.1090983
4374.0712889419 0.3442593
4374.2176727275 0.1787096
4374.4872433709 0.2909300
4374.7943680035 0.4506425
4375.4293048675 0.5086603
4375.6963320027 0.6988585
4376.0454455639 0.2634939
4376.1692714008 0.4439291
4376.4297507427 0.2077707
4376.8731364601 0.2908292
4377.1694144899 0.8132574
4377.4437359682 0.0512183
4377.6286375494 0.0951577
4377.7839695640 0.1011004
4378.0077599963 0.3240967
4378.4629537366 0.4116343
4378.7759453200 0.0570330
4379.0201232624 0.1858986
4379.4845305812 0.4309922
4379.7305226222 0.1186155
4380.1391824316 0.2676528
4380.4662928358 0.8084311
4380.7637225240 0.0215233
4381.0035007600 0.1203649
4381.2932641801 0.4154098
4381.7207741469 0.1035728
4381.9511156888 0.4167419
4382.3343850658 0.1267249
4382.5404740912 0.0454760
4382.9351318686 0.0141458
4383.1157055448 0.1108413
4383.4027551932 0.0296740
4383.5416458220 0.0201108
4383.7534862934 0.2381545
4383.9893346278 0.5120776
4384.2366609155 0.2450626
4384.7838132486 0.6439224
4385.3385289351 0.2149876
4385.5375328475 0.1340935
4385.7686657020 0.0984348
4385.9438737176 0.6575110
4386.2105612369 0.5363260
4386.3551629617 0.2379017
4386.6188347273 0.3166542
4386.8633805257 0.1204524
4387.0855354471 0.1036774
4387.2896547585 0.2015351
4387.6855518013 0.0446810
4387.9238683003 0.1009866
4388.0833186473 0.2680351
4388.2932435387 0.3601430
4388.7113243764 0.0773987
4389.1287607551 0.5324444
4389.3520029353 0.0760734
4389.6435317520 0.6027066
4390.0982543336 0.3435001
4390.4828689599 0.6394334
4390.8657519808 0.1243318
4391.0100645128 0.1152286
4391.2180266202 0.5990082
4391.4363025445 0.0417469
4392.2022460373 0.5518646
4392.5310192384 0.0225198
4392.7359245121 0.1940165
4393.0051066972 0.1758028
4393.3017045442 0.2977590
4393.5383036372 0.0440907
4393.8212902696 0.1545631
4394.2530796894 0.1318993
4394.5225384693 0.1006386
4394.7577681529 0.3100110
4395.0346549302 0.1171582
4395.1582843066 0.1118308
4395.2977433330 0.4353429
4396.0880776350 0.3353810
4396.2724309983 0.7877336
4396.4760315120 0.5877798
4396.7234567305 0.2448052
4397.0783292040 0.4242825
4397.3356017173 0.1254404
4397.5402622012 0.2017264
4398.1966104551 0.2690009
4398.3707291841 0.1175198
4398.5072382654 0.0627710
4399.0184147284 0.0278830
4399.2536750252 0.2400182
4399.3908707880 0.0503334
4399.5278034217 0.1096880
4399.7218356578 0.1825364
4399.9361454061 0.1110595
4400.0908993650 0.0226396
4400.2993858795 0.0562442
4400.5147661704 0.0463950
4401.0086655266 0.6112367
4401.2120934294 0.1053059
4401.4157507828 0.2396401
4401.6320516674 0.6491520
4401.8111063596 0.4312629
4402.0862085060 0.2036715
4402.2517258321 0.1708341
4402.5302138510 0.4351349
4402.7827885333 0.4708234
4403.5685976812 0.0400185
4403.7039884514 0.0395346
4404.0621995162 0.0739940
4404.4236271792 0.1999164
4404.6130101249 0.1741097
4404.8898214352 0.0488847
4405.2112252245 0.0762454
4405.5142128323 0.2549166
4405.9956261505 0.6183872
4406.2520215735 0.3459915
4406.9514842941 0.1571049
4407.2610257311 0.0529252
4407.3785975387 0.1314750
4407.8839406062 0.5545670
4408.2314808565 0.0181822
4408.5144323494 0.0853057
4408.9340015494 0.7193946
4409.1618102538 0.0265152
4409.4415680764 0.5736017
4410.0335524780 0.0245167
4410.2160828431 0.0230343
4410.3625654401 0.2397232
4410.7589555862 0.1993683
4411.2588203181 0.1615224
4411.3931574555 0.1173379
4411.7611897213 0.2903431
4412.1617442373 0.0273602
4412.3203266839 0.2401149
4412.8119907387 0.0187853
4413.1713140020 0.2687482
4413.4936511499 0.1969333
4413.6547633341 0.0654367
4413.9388501534 0.0511806
4414.1133211581 0.0409544
4414.3497970020 0.0478856
4414.6387265883 0.0423711
4414.8407199761 0.1565643
4415.0754344066 0.1041826
4415.3522622549 0.0930884
4415.8076872270 0.0422828
4416.1392756067 0.4043580
4416.3703605522 0.6144186
4416.7968983040 0.5649916
4417.0283109566 0.0393489
4417.2958064681 0.0197392
4417.7136642244 0.2253599
4418.0632552112 0.3621070
4418.5259802229 0.3219571
4418.9586962272 0.6210575
4419.2710521334 0.0411426
4419.5787000093 0.3893360
4420.0004523664 0.0401971
4420.1550558203 0.0694439
4420.3331735512 0.0346917
4420.5052582322 0.0999546
4421.0297734235 0.0420783
4421.1756666726 0.0736221
4421.5274040608 0.1277902
4421.7612092490 0.0545427
4421.9100121654 0.0717256
4422.3504164828 0.0520280
4422.5629426138 0.0551828
4422.8137302689 0.2469014
4422.9981812611 0.1699426
4423.1813285299 0.2336671
4423.5508914694 0.0688795
4423.8144301562 0.6456358
4424.0673007917 0.2117648
4424.2096815572 0.1025754
4424.3801991783 0.2339644
4425.0853928988 0.3171973
4425.3129323295 0.0794949
4425.5387877566 0.0666100
4425.8442404329 0.1250958
4426.0478794650 0.0427013
4426.6833728202 0.7291511
4426.9026958869 0.0304155
4427.2721667685 0.2838527
4427.6575972773 0.0630787
4427.9477443024 0.0220217
4428.3483802002 0.5020084
4428.5611572833 0.7874218
4429.1407922627 0.0434760
4429.3325424943 0.0323311
4429.5037274654 0.0277731
4429.7707424058 0.2188751
4429.9416845233 0.0581558
4430.4401078801 0.0493667
4431.0549694699 0.1314556
4431.2914360500 0.1098101
4431.4427354110 0.3674973
4431.6087413887 0.1646953
4431.8632612681 0.6810387
4432.2790347433 0.0788002
4432.5917035113 0.1495422
4433.0867793819 0.1681359
4433.4036480081 0.1537362
4433.6693963695 0.0221867
4433.8177212481 0.3304825
4434.4714423910 0.5527747
4434.8063863440 0.0410180
4435.0296991508 0.4212664
4435.2393728824 0.2957017
4435.4276170152 0.0134594
4435.6779905761 0.0896978
4436.2108113237 0.7738819
4436.3970227214 0.6280446
4436.5660863890 0.0659701
4436.9299696841 0.7310820
4437.3825437703 0.2513430
4437.5950219635 0.3402502
4437.8386200008 0.0763740
4438.1890691865 0.4150442
4438.8093893673 0.1156400
4439.0810942055 0.2956666
4439.5927962841 0.2662397
4439.8664247604 0.0223881
4440.4186557755 0.0777658
4440.8828868322 0.1065268
4441.1328393783 0.3368704
4441.4480620524 0.0168244
4441.5922539467 0.1890295
4441.7288806967 0.1572235
4442.0697028606 0.2137099
4442.3371095698 0.1151709
4442.5161942439 0.0918731
4442.6661165097 0.0300889
4442.9532457893 0.4879732
4443.5932781907 0.6711577
4444.0823808915 0.4352861
4444.2477695861 0.1084024
4444.4457503738 0.6708976
4445.0547096771 0.7413679
4445.4630565694 0.2991173
4445.8051332900 0.3983574
4446.3166284197 0.0146081
4446.5729158324 0.0343388
4446.7235477481 0.3478185
4446.9408588546 0.0811250
4447.0933485704 0.0422543
4447.4859602278 0.0262111
4447.6416383346 0.0688438
4447.8491897288 0.0302379
4448.0913750149 0.3659705
4448.3822682341 0.4458316
4448.6138885752 0.0391280
4448.9732608510 0.6857448
4449.5263079343 0.0175694
4450.1867233695 0.0719088
4450.3974123434 0.4568928
4450.5744974168 0.0483438
4450.7314167632 0.0393403
4450.9635214545 0.0352756
4451.2070482878 0.0139119
4451.5702280419 0.3066030
4451.7348661342 0.6216066
4452.0095293286 0.0996002
4452.1476044470 0.4534259
4452.8344324047 0.5411866
4453.2550391044 0.1666173
4453.8646622572 0.1116117
4454.0167003187 0.0325442
4454.2525749076 0.2750213
4454.5680663414 0.5205836
4454.7966199503 0.0317180
4454.9538210640 0.3395942
4455.6370028890 0.6225284
4456.0316966207 0.7646374
4456.2728335494 0.4453138
4456.5690266571 0.5318753
4457.1405567136 0.8044608
4457.5824268989 0.3364947
4457.8720941773 0.5020078
4458.1396212875 0.0144236
4458.2930937702 0.1965091
4458.6889863228 0.5820876
4459.0173387046 0.0624252
4459.3367250824 0.3954038
4459.5014859529 0.4009282
4459.7809716888 0.2081333
4460.3716820019 0.7140052
4460.6051516333 0.3595223
4461.0073172344 0.4525288
4461.5497785762 0.5015853
4462.0302783681 0.0545093
4462.3316624925 0.3108858
4462.4558018720 0.3083394
4462.6308614810 0.2164185
4462.9115169593 0.7806460
4463.2521036140 0.6398048
4463.4512266800 0.0921421
4463.7077811530 0.3676646
4463.9814547913 0.0407080
4464.2333242994 0.0666650
4464.3875305298 0.0892865
4464.6514678611 0.2346101
4464.7898850576 0.1179328
4465.7043478026 0.4821885
4466.3924632421 0.0906396
4466.6089028581 0.1021943
4467.0637811833 0.3232736
4467.4161842710 0.0222696
4467.8168652929 0.7645490
4468.1873026984 0.2609483
4468.4579873639 0.0141325
4468.5939601481 0.0567083
4468.8118241720 0.0499743
4469.0882044105 0.0258737
4469.2536600915 0.0265365
4469.7518374328 0.7346854
4470.4099326264 0.2881745
4470.6362857513 0.5782005
4470.8083721725 0.1346485
4470.9639821878 0.0854176
4471.3877194076 0.2662781
4471.7369406529 0.4550556
4472.1077146538 0.3983228
4472.4966381427 0.3600314
4472.6634100535 0.0313838
4472.9329963146 0.1427121
4473.0812866606 0.0273306
4473.4469118356 0.0145829
4473.6569225827 0.0201150
4473.8008055966 0.0235781
4473.9880634722 0.3509034
4474.1893148792 0.1166083
4474.4182413968 0.0227785
4475.3109517231 0.0337651
4475.6339501072 0.0152360
4475.8168099241 0.0368465
4476.1091970438 0.1779398
4476.2659916453 0.0253457
4476.5585788083 0.0642367
4476.7229854782 0.0114617
4477.3029707470 0.7702516
4477.6928037649 0.0135972
4478.1061103458 0.0126683
4478.3085183317 0.0319895
4478.4729375561 0.0270631
4478.7261819932 0.0365711
4478.9047593730 0.0251559
4479.2793890029 0.1101267
4479.5760899351 0.0524578
4479.8914582524 0.0319673
4480.0664531680 0.0120825
4480.2508341398 0.0100909
4480.6330193953 0.0674150
4480.8690828822 0.3855897
4481.2263260786 0.2621343
4481.3972911020 0.4465558
4481.8436270036 0.1876384
4482.0819030755 0.1093955
4482.3818571097 0.1478022
4482.5287202854 0.3534700
4482.8699153005 0.3062277
4483.9884145600 0.4320933
4484.6146626432 0.0111242
4485.0364811326 0.0543529
4485.1691691802 0.0706742
4485.4826776846 0.5800968
4485.7673790291 0.0255776
4486.3420933305 0.0154427
4486.6714219105 0.0157047
4486.9387506129 0.4648696
4487.2280200244 0.0868364
4487.8455314514 0.0215211
4488.1792655460 0.0581320
4488.5053928441 0.0258232
4488.6326571127 0.0133412
4488.7461137381 0.0368145
4488.9967081876 0.0583789
4489.3937029054 0.2907692
4489.5838653903 0.2402863
4490.1695730621 0.2937427
4490.3607672900 0.3180712
4490.7293048015 0.0775987
4491.0046679486 0.7376513
4491.3457006237 0.5319874
4491.8068728597 0.0733546
4492.0362984368 0.4073208
4492.6650316179 0.2948884
4492.9187282603 0.1078412
4493.1089184855 0.0483106
4493.5680483362 0.1132219
4493.8015506408 0.0431297
4493.9444213505 0.1563412
4494.6407534546 0.0366579
4494.7869033601 0.1769725
4495.0422076290 0.0133616
4495.3157419688 0.1228687
4495.4616523415 0.0279964
4495.8319211081 0.7160627
4496.2603637464 0.0504864
4496.5293886277 0.0310427
4496.6797632092 0.0822659
4496.8370099743 0.1068025
4497.2177755231 0.2615106
4497.4153168518 0.3134464
4497.7976515257 0.0304301
4498.1167919538 0.6399428
4498.9382792485 0.0937005
4499.5430551765 0.0400742
4499.8228916847 0.0344824
4499.9913516211 0.1221898
4500.1561716371 0.3233086
4500.4015458415 0.1872905
4500.7440343049 0.0178397
4501.5504314566 0.1378952
4501.8935131483 0.0399937
4502.3635045731 0.1143593
4502.5370733596 0.7291435
4503.0537903172 0.0891701
4503.2339076826 0.0483061
4503.4803910030 0.3087076
4503.7113218491 0.0295991
4503.8578163314 0.1352336
4504.0132447915 0.0165545
4504.4625204734 0.0148246
4504.6074487528 0.0200431
4505.0238250830 0.0705735
4506.0983275397 0.2196069
4506.2589122022 0.0242207
4506.5060560402 0.0292806
4507.0309485545 0.0173540
4507.3627788748 0.0245313
4507.5974974545 0.0417428
4507.8666035706 0.0489468
4508.4835466935 0.0403721
4508.6608010975 0.0415037
4509.1056679448 0.0226667
4509.2898182094 0.0258487
4509.5499589910 0.4147493
4509.9515830865 0.0455527
4510.5526459435 0.0560314
4510.7122497202 0.0884353
4510.9995070809 0.1902326
4511.2760055821 0.0115514
4512.0967788455 0.0420706
4512.4214027609 0.0600053
4512.5963180505 0.0148883
4512.8244621302 0.0470082
4513.1575690058 0.2254608
4513.3197081836 0.0237235
4513.5360475581 0.1350178
4514.0050852350 0.5837378
4514.2631226468 0.0693634
4514.6972945218 0.0482463
4514.8378202955 0.0181417
4514.9832334294 0.0438478
4515.1731578829 0.0278008
4515.4538749926 0.3503878
4515.7218831880 0.2273908
4516.0472758715 0.0169666
4516.2097627831 0.0119715
4516.4359027674 0.1013010
4516.6042832050 0.3887307
4517.1388558376 0.0213254
4517.5478583240 0.0380793
4517.7514474467 0.0114330
4517.9302118364 0.0288552
4518.1964980500 0.0154392
4518.4085410149 0.1155543
4518.7975862352 0.4288245
4519.0446215680 0.0165370
4519.2950855362 0.6238171
4519.6036201044 0.3038962
4519.8464736041 0.0805980
4519.9629309672 0.1534871
4520.9003324801 0.0235273
4521.0993609918 0.0304281
4521.2543988404 0.1966414
4521.4948399850 0.3569144
4521.7735674673 0.0175543
4522.3980992907 0.0446962
4523.0872833140 0.0160670
4523.3689552455 0.0172606
4523.6371185610 0.0379967
4523.9017006614 0.4243736
4524.0698094727 0.6322753
4524.3376952757 0.0536813
4524.6709153777 0.2085034
4525.0263420329 0.0164491
4525.1914523034 0.0492395
4525.3586947769 0.0394217
4525.4858900677 0.0332966
4525.9588581065 0.1148792
4526.2153095829 0.1101422
4526.4103994892 0.5764893
4526.8516618291 0.0105447
4527.1382720889 0.0793991
4527.3727299599 0.0821946
4527.7040622578 0.5274715
4528.1977189833 0.5112181
4528.5861230807 0.5886928
4529.0556135376 0.1429580
4529.2076832479 0.0167185
4529.8917197722 0.5862693
4530.5821242400 0.0200340
4530.7895381839 0.5203697
4530.9521166900 0.3081990
4531.1132275687 0.1142234
4531.7501897993 0.0178093
4532.0000217843 0.4726780
4532.2246817731 0.3703260
4532.4242193989 0.7165270
4532.8991052481 0.3387899
4533.1655305856 0.0164536
4533.3792407144 0.0185526
4534.2523915360 0.2418094
4534.5173943895 0.7518474
4534.9683192460 0.0203023
4535.2388093892 0.7345814
4535.4338858296 0.1612550
4536.0541511430 0.7398537
4536.4120970307 0.1844594
4536.5823497571 0.0555246
4536.8441121976 0.6944997
4536.9845682062 0.3598426
4537.1897600191 0.5581353
4537.3192393194 0.5948699
4537.6409521213 0.0360666
4537.7654250299 0.0434094
4538.4895158362 0.0304428
4538.6821869341 0.0160317
4538.9460496115 0.0663586
4539.2362111639 0.0268090
4539.6778099467 0.0220133
4539.8665175889 0.0328897
4540.0910394088 0.1421484
4540.3690845930 0.0364545
4540.5114833568 0.0250377
4540.8852199913 0.0256050
4541.0480109905 0.1796281
4541.2875316923 0.0132053
4541.4922655880 0.0159863
4541.7756402413 0.3541473
4541.9798446676 0.3525256
4542.3380099322 0.1457945
4542.5873452573 0.0810111
4542.7907437415 0.2639174
4543.2091150669 0.0421926
4543.5067923394 0.0304287
4543.7010338461 0.2118810
4543.9566321766 0.1092301
4544.4936326829 0.0128864
4545.0867437190 0.0827277
4545.2920056474 0.1949411
4545.9530618595 0.6372864
4546.2479541499 0.0457862
4546.4142979311 0.2786061
4546.6286193633 0.1364768
4547.2326815069 0.6282415
4547.7475483151 0.0241644
4547.9547821366 0.0247588
4548.2916991886 0.3777744
4548.5060848894 0.1889295
4549.1260083469 0.5521721
4549.3870877909 0.0302356
4549.8785927636 0.0201386
4550.0443282267 0.6195819
4550.3257174558 0.0225753
4550.5644606617 0.0674233
4550.7477037093 0.4684110
4550.9061526685 0.7517496
4551.0923290211 0.2708078
4551.3922536371 0.0659487
4551.5529153011 0.0150669
4552.0455985895 0.3764040
4552.5113541566 0.0913491
4552.9283482855 0.1123322
4553.0913932100 0.0150362
4553.4248719111 0.0792720
4553.5731705511 0.1662240
4553.7402006787 0.6023630
4554.3105371723 0.0208368
4554.4442370668 0.0549375
4554.6693386637 0.0134150
4555.3116589331 0.8762900
4555.7425142081 0.1716340
4556.1033571108 0.0409414
4556.2728797886 0.1324903
4556.6031112864 0.0181199
4556.7672184840 0.5795718
4557.1697077790 0.3723662
4557.4103599660 0.5813498
4558.0466051781 0.0131667
4558.2053069889 0.1169109
4558.5586753410 0.0788203
4559.1256893985 0.0276780
4559.3871267780 0.1049203
4559.7550338623 0.0343018
4559.9259111004 0.3372531
4561.2058700426 0.1410335
4561.3679176593 0.2525281
4561.5433490117 0.0553237
4561.7065410710 0.0118110
4561.9930179078 0.0631238
4562.1467589608 0.0538375
4562.4635785237 0.0346343
4562.6925956525 0.1331281
4563.0112348468 0.0139637
4563.6458961854 0.0790481
4563.9106054541 0.1238320
4564.1646854552 0.0125492
4564.5212683853 0.0319117
4564.7018803785 0.0712120
4565.0429580132 0.6657111
4565.4604490152 0.0415233
4565.6194327855 0.0145394
4565.9765175402 0.1227470
4566.1093285665 0.1346979
4566.6110232555 0.1538773
4566.7981052296 0.3702450
4566.9374097218 0.2510245
4567.5064103439 0.0372972
4567.7989105190 0.2275075
4568.1493073902 0.1583408
4568.6904027829 0.0137222
4569.6084323111 0.1252228
4569.8880969276 0.0521344
4570.0546029881 0.2223999
4570.6424181084 0.0231011
4570.8985270027 0.1350794
4571.3019764450 0.0237083
4572.1936502198 0.0405226
4572.3807979956 0.7929279
4572.7162259785 0.0790967
4572.9569683849 0.2125093
4573.2580903746 0.7274438
4573.5587771896 0.0554126
4574.1488351911 0.0444435
4575.2540897085 0.0101639
4575.5025043947 0.2014108
4575.7487866777 0.0134560
4576.0044160206 0.3814811
4576.3910822869 0.0398796
4576.8021077202 0.0396180
4577.0703728730 0.0581430
4577.6187441782 0.2541755
4577.7895253736 0.0339831
4578.4615959658 0.2783296
4578.9774109816 0.0248067
4579.3234403349 0.0198539
4579.5987651860 0.0158075
4579.8406075999 0.5283148
4580.3393651014 0.0288439
4580.6129247571 0.1233349
4580.9578751076 0.0237875
4581.0986403939 0.0914978
4581.3382003963 0.5328346
4581.6943202193 0.3835869
4581.8699474182 0.1892951
4582.3271057112 0.0122823
4582.4910222160 0.0648037
4582.6923655510 0.6105721
4583.5894794752 0.0362771
4583.7872345929 0.0177305
4583.9618040037 0.0105495
4584.1169494018 0.1845467
4584.4089487646 0.0447828
4584.6979964177 0.1530490
4585.1218749516 0.4675670
4585.5570188932 0.0129828
4585.7216815073 0.0190172
4585.8511499511 0.0134411
4586.1069692148 0.2623010
4586.3678416642 0.0286995
4586.6258625703 0.0615510
4587.1557814207 0.5890742
4587.5096128574 0.1083200
4587.6572944253 0.4369557
4588.2675437770 0.0502456
4588.4177180441 0.3149321
4588.6816920556 0.0113907
4589.0091726807 0.0456138
4589.4878061626 0.2861327
4589.9837848394 0.0529766
4590.2927177445 0.0185899
4590.5879300638 0.0245824
4591.2375288423 0.5180247
4592.0761553203 0.1087322
4592.4023580922 0.0125228
4592.5254177157 0.0363831
4592.6815803080 0.5087918
4593.0747505598 0.0120470
4593.3404254358 0.1277748
4593.6567275427 0.0297673
4593.8187403120 0.3886936
4593.9457889004 0.6507289
4594.4546507913 0.0263119
4594.8172614289 0.1237838
4595.2182939021 0.0307896
4595.4075938244 0.4713193
4595.9212307203 0.0381316
4596.1847068583 0.0889162
4596.5007405780 0.0565260
4596.6497096815 0.3549281
4596.8838502367 0.0775611
4597.3519445783 0.3129699
4597.7012378403 0.1369502
4597.8616452879 0.0278128
4598.1964292457 0.0524820
4598.5303356619 0.0481729
4598.6711450800 0.0891167
4599.0372333230 0.1165012
4599.1590428894 0.1835367
4599.4108572785 0.4525537
4599.6584404494 0.0386063
4600.0321490082 0.0618171
4600.5155487614 0.0487367
4601.1277296156 0.2559057
4601.3933774332 0.1470364
4601.6512938575 0.3201359
4602.0439526884 0.6136754
4602.2974366717 0.1450433
4602.5662336130 0.0123154
4603.2951507097 0.5144727
4604.2365464846 0.7205223
4604.6334557932 0.0719970
4605.2434926308 0.0780403
4605.5284271512 0.0334768
4605.8465100945 0.1819416
4606.2819125411 0.4237162
4606.6542743239 0.0526178
4606.8778960579 0.1804584
4607.1318569322 0.0215350
4607.5058365039 0.2066788
4607.6727305626 0.0204362
4607.8041983364 0.0148533
4608.0623739059 0.0137529
4608.3723762963 0.0119503
4608.6261799906 0.2930872
4608.9418094193 0.4887612
4610.0028818535 0.0129474
4610.5629584267 0.0482468
4611.2042292161 0.0786702
4611.4783609174 0.0374033
4612.5775111792 0.5301843
4613.2611515952 0.0207462
4613.9069215311 0.0228567
4614.2456553648 0.0205948
4614.5003937322 0.4627135
4614.6549986066 0.5666261
4615.0075139348 0.0264925
4615.2112656030 0.0964906
4615.4969128933 0.1209978
4615.8378440800 0.0264746
4616.0233757818 0.0168015
4616.8580116688 0.0990984
4617.4225610100 0.6473637
4617.9187264522 0.1191518
4618.5676398712 0.5007598
4619.1406791110 0.0190093
4619.2564531614 0.0198805
4619.6500303029 0.0148387
4619.7843490168 0.0191604
4620.0736770954 0.4094476
4620.5859015890 0.4926011
4620.8313413943 0.1595852
4621.0771473266 0.0654545
4621.4138097623 0.0255552
4621.6597880708 0.0151160
4621.8105474328 0.1674786
4623.2198420564 0.1976355
4623.7486226240 0.1886880
4624.0404781156 0.0883939
4624.3964357072 0.3900538
4624.8762728257 0.0380572
4625.3816302432 0.0236117
4625.7113470180 0.0206771
4625.8621213965 0.0192732
4626.3458250001 0.5048990
4627.0678493536 0.0290920
4627.2161366852 0.0430027
4627.4749642371 0.6204658
4627.8321683233 0.0545256
4628.0839943344 0.0161547
4628.6680690740 0.0422672
4628.8345080265 0.0518896
4629.4607528993 0.0671851
4629.7561584962 0.0247672
4630.2107141394 0.0164669
4630.6410232916 0.4627988
4631.2611597835 0.0213188
4631.4223355058 0.4554616
4631.6982044386 0.0105857
4631.8540955638 0.0416379
4632.3383510849 0.0163240
4632.7841915779 0.0413958
4633.4396453249 0.0511168
4633.6175229756 0.0110895
4633.9554541536 0.0232361
4634.2115304348 0.3593144
4634.5548652826 0.0349305
4634.8385568076 0.0105877
4635.0588639102 0.0610467
4635.3737980582 0.1579291
4636.0177376668 0.1260068
4636.4754602988 0.0469868
4636.6222550912 0.0157996
4636.8944039558 0.0520589
4637.1489933668 0.3223853
4637.4721418199 0.0125715
4637.6253727150 0.0752013
4637.9779137822 0.0186186
4638.3306214040 0.0106769
4638.4797925059 0.1029104
4638.8065555567 0.4949505
4639.0602709984 0.0635119
4639.3137595404 0.4620199
4639.8233783338 0.0288008
4640.2582075978 0.0446591
4640.5094030945 0.0186424
4640.6656765262 0.3534153
4640.8129366540 0.0674123
4640.9641175490 0.3261841
4641.2427599957 0.3088847
4641.5885028699 0.1581323
4642.5146592878 0.0713786
4642.7984959501 0.0155095
4643.2932877088 0.0231901
4643.5464453775 0.0380954
4643.8851588956 0.0180807
4644.1078709221 0.0110365
4644.4969751092 0.0337405
4644.7680212606 0.4260388
4645.0329617573 0.0173205
4645.6795740673 0.0114602
4645.8170063786 0.0241047
4646.4929019262 0.1780108
4646.7784912664 0.0285238
4647.0743042613 0.0121673
4647.4689894591 0.7041253
4647.6755511468 0.0447107
4647.9415626998 0.1387835
4648.0865954027 0.0846069
4648.5872804006 0.0654064
4648.7410995180 0.5943302
4649.2599406397 0.1193981
4649.4213184869 0.0487746
4649.9590138673 0.4908134
4650.1521384226 0.0736444
4650.4489253390 0.0126544
4650.7390151642 0.1007731
4650.9489830855 0.0420102
4651.1248955286 0.1006716
4651.3166656064 0.1474595
4651.6119147874 0.0405548
4651.8561901647 0.0205653
4652.1183470424 0.0196125
4652.4305002159 0.0210874
4652.5919229069 0.5706609
4653.4667128365 0.6234341
4654.6574170402 0.0292410
4654.7977877236 0.0514644
4655.4568767588 0.0710456
4655.8090364098 0.5893649
4655.9323894919 0.5243757
4656.5482308391 0.0142428
4656.9660537625 0.0840989
4657.3498868647 0.0757519
4657.4948207467 0.0974068
4657.7766573665 0.5830910
4658.1327755778 0.0116061
4658.2818318009 0.0867430
4658.5089088847 0.3032007
4658.8935008099 0.1587555
4659.6027022132 0.0720362
4659.7775464995 0.0109299
4660.1827620728 0.0192913
4660.8618747193 0.0133077
4661.3649336200 0.0150457
4661.5405940135 0.0111525
4661.7301287778 0.0650105
4662.2105512714 0.0597244
4662.4597919824 0.0104353
4662.6216597575 0.0223857
4662.8423016826 0.1610358
4663.1232786507 0.0204913
4663.2812484650 0.2598579
4663.8143056772 0.0274880
4664.0625460751 0.0443159
4664.3353415699 0.0133204
4664.4860490035 0.0876301
4665.1247512195 0.1348541
4666.0953168821 0.2295985
4666.4869075804 0.0256604
4666.8607195952 0.0207961
4667.2148584453 0.1044192
4667.4933057489 0.1155507
4667.7911506651 0.2003775
4668.0607883784 0.1534796
4668.2942953321 0.1103219
4668.5623118069 0.1099640
4668.7620658702 0.5570494
4668.8989901294 0.6016356
4669.0696014320 0.1591758
4669.4378723044 0.6063743
4669.6489491344 0.0400318
4669.8729016614 0.1527113
4670.4796582379 0.4327781
4670.6326863091 0.1088262
4670.9545134846 0.0412694
4671.4762168783 0.0596399
4671.7179851810 0.3288554
4672.2091459045 0.0102913
4672.7262896743 0.0793151
4672.9917357835 0.0350241
4673.6388286007 0.2060979
4674.1444306392 0.1304200
4674.4739152553 0.4090189
4675.0931485541 0.0156153
4675.4033952208 0.1068048
4675.6036829406 0.0558905
4675.9479337160 0.0876545
4676.4236394077 0.1946566
4676.6891187195 0.0157934
4676.9167140765 0.0431249
4677.5053725102 0.0106522
4677.6545610894 0.0279112
4677.8324877636 0.0157944
4678.2251854825 0.0275640
4678.9015537398 0.0348217
4679.4773471034 0.2344633
4679.8421062612 0.0175392
4680.1602481029 0.5633973
4680.5338141422 0.1973270
4681.4497487045 0.2024740
4681.6100767640 0.3466595
4681.7883891429 0.2431387
4682.1682605632 0.0931011
4682.7772148399 0.1047314
4683.2258446485 0.6186147
4683.4219170687 0.1854929
4683.6624671500 0.1381726
4683.8722956711 0.1014320
4684.0337528409 0.0143533
4684.2652826355 0.0129810
4684.5817793071 0.0178345
4684.7192929906 0.0189211
4684.8751711543 0.3083071
4685.1431547474 0.0148639
4685.2792787134 0.0107402
4685.6513019617 0.0141060
4685.9045415035 0.0799673
4686.1857334433 0.0107790
4686.3394428940 0.0639061
4686.5806446104 0.3173567
4687.1582616335 0.0200454
4687.5289470904 0.3048972
4688.2151767318 0.0182057
4688.4714536799 0.0267517
4688.6942621102 0.1970174
4688.9755420763 0.0300893
4689.1157209575 0.0638290
4689.4895033768 0.1604257
4689.7274173960 0.0861766
4689.9797724476 0.0130826
4690.6694095171 0.1727989
4690.8089262939 0.1310643
4691.2974700505 0.0136692
4691.4535878915 0.3070974
4691.6935887649 0.0549365
4692.1101391177 0.0431372
4692.2672799901 0.0106788
4692.7128312099 0.6187484
4692.9016675219 0.1288659
4693.2828622485 0.0166343
4693.9639135841 0.0312078
4694.5060029995 0.0504548
4694.9829558149 0.1178341
4695.2575996912 0.1070573
4695.4201029948 0.0237666
4696.0056379030 0.0157019
4696.1808066696 0.0810639
4696.4604074492 0.0570049
4696.7741116863 0.0130027
4697.3322289200 0.0129276
4697.6092861976 0.0153320
4697.9606051727 0.0119803
4698.3697262089 0.1420244
4698.7204399749 0.0297910
4699.7678850824 0.2255579
4699.9351420271 0.1705189
4700.0855806599 0.2988049
4700.6491294985 0.2757244
4700.9079237750 0.0137140
4701.4731452580 0.2906679
4701.7490615479 0.0324334
4701.9295274305 0.0813839
4702.2083146207 0.0232762
4702.3665511991 0.1830411
4702.6729224519 0.1828075
4702.8473383236 0.2315684
4703.2208254441 0.0166241
4703.6129471282 0.0329413
4704.3137249024 0.5740165
4704.8722725759 0.0246655
4705.1270320484 0.2785451
4705.7725464465 0.0494736
4706.2679893871 0.3627419
4706.7820356735 0.1277594
4707.2400336528 0.0325657
4707.4180870904 0.0408311
4707.6170663681 0.0236838
4707.8696306320 0.1229240
4708.5980075741 0.5689284
4708.8073846354 0.3323800
4709.0706423215 0.0183447
4709.3331712549 0.2869942
4709.6053856228 0.0109509
4709.8225184082 0.0193085
4709.9853440560 0.2575631
4710.4112107740 0.4168124
4710.8148791957 0.0133180
4711.0318311141 0.3542875
4711.6038465873 0.4688440
4711.8825562872 0.0217771
4712.8047442133 0.1193289
4713.4014689524 0.1189851
4713.5733555214 0.0468241
4713.8362464550 0.0277033
4714.0258228979 0.0235993
4714.4908492304 0.0162624
4715.1223388178 0.0165957
4715.3895018341 0.0974116
4715.7385597740 0.5492401
4716.2524905480 0.0143261
4716.6208020768 0.1014183
4717.0855153309 0.3710463
4718.1577117940 0.0268020
4718.4882525545 0.0158563
4718.6278900478 0.0248470
4718.9015483474 0.0821972
4719.1965531895 0.0213258
4719.7441857838 0.3187970
4720.8355117227 0.0458107
4721.0000274147 0.0177277
4721.1495012339 0.0176228
4721.4562350141 0.0102441
4722.3186708610 0.1929819
4722.6161802300 0.0118692
4723.4817886107 0.3111069
4723.7754087811 0.0159843
4723.9325029197 0.1636165
4724.4761160692 0.1649649
4725.0725851164 0.0156200
4725.7339997229 0.1020788
4726.1758175397 0.0138999
4726.7908695616 0.0153303
4727.2785027826 0.0297747
4727.4670479819 0.0758142
4727.6383893454 0.0159482
4728.3230558857 0.0370770
4728.4743614640 0.1337978
4728.7464121878 0.5384226
4729.2563431273 0.0738723
4729.4895450439 0.0774813
4729.8729588702 0.4422464
4730.3457608091 0.1783164
4730.5919129063 0.0447825
4731.0043315453 0.1267087
4731.3521173885 0.2932065
4731.7390738155 0.0293625
4732.0394467732 0.2313111
4732.3185659226 0.1009639
4732.4932802425 0.0815596
4732.8014199479 0.3671545
4733.1281886473 0.1897729
4733.6313582343 0.0156404
4733.7843374988 0.1666489
4734.1410486992 0.0188271
4734.7516471296 0.0712540
4734.9206472677 0.5426933
4735.4292373136 0.1154116
4735.7658856527 0.0144419
4736.1710308432 0.0292506
4736.7650342630 0.0156296
4737.0069244471 0.0207324
4737.1723949618 0.3054880
4737.3410047980 0.0356065
4738.1052715149 0.6071346
4738.6784576153 0.2826931
4738.9584322480 0.1451541
4739.9768000603 0.0117866
4740.4330269367 0.2728087
4740.8091090664 0.0417427
4741.4945291493 0.0715479
4741.6644280196 0.1700412
4741.8119187849 0.1011206
4742.3946117711 0.1442910
4742.8602397615 0.4549004
4743.4377643910 0.0298737
4743.6185590485 0.0331504
4743.8735513891 0.0187466
4744.1197506008 0.2361571
4744.4096259616 0.0166464
4745.1497759002 0.0563188
4745.7135162433 0.2058703
4745.9767499988 0.0188949
4746.2663694037 0.0317810
4746.4652145843 0.0633046
4746.6352779413 0.0615079
4747.1317526097 0.4242745
4747.4303775813 0.0134237
4747.5987896614 0.0207830
4748.5813882308 0.0151027
4749.0055620909 0.0328053
4749.3022006082 0.0300545
4749.4629237228 0.3229274
4750.0656043198 0.0128572
4750.5289105382 0.0144905
4750.9925998088 0.0871132
4751.2772123726 0.1152347
4752.4211638182 0.0805509
4752.8767087345 0.0162117
4753.1538869609 0.0340123
4753.4345775080 0.1561917
4753.7551493003 0.2517875
4755.3710419201 0.6884684
4755.6923402971 0.0311332
4756.0938509942 0.1912796
4756.4774913776 0.0267982
4756.8719178290 0.0102735
4757.0361224903 0.0897072
4757.4467187362 0.3627850
4757.8504760210 0.4347415
4758.6423963010 0.0224636
4758.9135257106 0.3205312
4759.1813790025 0.0149491
4759.4546052182 0.3149156
4759.7515707434 0.0157136
4760.0564423135 0.0427255
4760.2390232451 0.0712313
4760.6060983456 0.3379315
4761.2572145992 0.0154119
4761.3983764282 0.0235033
4762.1094172601 0.0106283
4762.4316483320 0.0271915
4762.8591194868 0.3673529
4763.7069519046 0.5993356
4763.9609968727 0.2623992
4764.1166658467 0.1709360
4765.2494047043 0.3746829
4765.6291314235 0.1089263
4765.8608363643 0.1482798
4766.8054610369 0.2242628
4767.1961841918 0.4388762
4767.7589148322 0.5054314
4767.9611103659 0.0770214
4768.1260672230 0.0625568
4768.6074329866 0.0176745
4769.0241690764 0.0126851
4769.1938722918 0.0725799
4769.4092306242 0.0619667
4769.6847267013 0.4536174
4770.0341244203 0.0912984
4771.1259686260 0.0463883
4771.3071873739 0.0278351
4772.0012270261 0.0202314
4772.4266742993 0.0902671
4772.8054637798 0.2227428
4773.0385454413 0.1980795
4773.4977187728 0.0150400
4773.6512705310 0.0354435
4774.1543253113 0.5466954
4774.4821328347 0.0398717
4774.7563201800 0.0572434
4775.0378126214 0.0161334
4775.3068333781 0.0276896
4776.2669410855 0.0117320
4776.4733936234 0.0208225
4776.9730897587 0.0118331
4777.2237822705 0.0263420
4777.4073224575 0.1099916
4777.6864539758 0.1084894
4778.5039489892 0.0121689
4778.8843631284 0.0118231
4779.5938711985 0.1041685
4780.4717150001 0.0112644
4780.7783220526 0.2149520
4781.3201496007 0.3682906
4781.8362014490 0.0260911
4781.9859565856 0.0136626
4782.1481593611 0.0321207
4782.7710398119 0.0171799
4783.0556903782 0.0929082
4783.4092758535 0.0296810
4783.6192675746 0.0174028
4784.1191033096 0.0153601
4784.3382261911 0.0547121
4784.7629895817 0.7008862
4785.1867815554 0.0267228
4785.3360580269 0.0807304
4785.6012771760 0.0133892
4785.8236201721 0.0111768
4786.0274930034 0.0172517
4787.0279462198 0.0359806
4787.2976996222 0.1051640
4787.6229604760 0.1833325
4787.8791274981 0.4810686
4788.1509201617 0.5127550
4788.4358321127 0.0132942
4788.8154105938 0.0142436
4789.1686457235 0.1911715
4789.5542180142 0.0111310
4790.1007141064 0.4050092
4790.4300432516 0.0169479
4790.6797199361 0.3752740
4790.9938893340 0.5133548
4791.6792351603 0.0524335
4791.9101488628 0.0326369
4792.0833054572 0.0375608
4792.3091099259 0.0510962
4792.5901685697 0.1466193
4793.6549836385 0.0474504
4793.8443950423 0.2967414
4794.1997546513 0.1639292
4794.6039995581 0.0107016
4794.7575862870 0.0129865
4795.0422083577 0.0144593
4795.3117264453 0.0354111
4795.7000155644 0.0448308
4795.9873420029 0.0153749
4796.1643350667 0.0111981
4797.1888013438 0.0146393
4797.3851490285 0.0245179
4797.5357566293 0.1019149
4797.7093370294 0.0166004
4797.9793374474 0.0151999
4798.2463566854 0.0390361
4798.9588959073 0.0159922
4799.3304509456 0.0554953
4799.6088523320 0.1997310
4799.8786236410 0.2563580
4800.0757828327 0.1934269
4800.3923933981 0.0127938
4800.5932394974 0.0170417
4800.7522128775 0.1584502
4801.1434987183 0.2279816
4801.4735802457 0.0627092
4801.9954064013 0.2848658
4802.3723684268 0.2702211
4802.9557132416 0.0196700
4803.2689807240 0.0132045
4803.8590205453 0.0392360
4804.0649802226 0.0164280
4804.2275354741 0.3199838
4805.4403119696 0.0241106
4805.8603122389 0.0708338
4806.4391699212 0.4061868
4806.7632671583 0.1852831
4807.6214366979 0.0394554
4808.0941240878 0.0174199
4808.3386884124 0.2955889
4808.5886938396 0.0210197
4808.8844285201 0.0715748
4809.0564389609 0.2507996
4809.4943936953 0.1193367
4809.8857046447 0.1199063
4810.0285251876 0.1641406
4810.2146196429 0.0889771
4810.4879351815 0.0416134
4810.6132692489 0.0352577
4811.2860775482 0.0751569
4811.8810198357 0.3317505
4812.0648800799 0.0312316
4812.3964114542 0.0713439
4812.6941194917 0.0366741
4813.3339192347 0.0785096
4813.6955247838 0.0798606
4814.2909038321 0.0125837
4814.4611707138 0.0861794
4814.8268823530 0.2033380
4815.0951570895 0.0140970
4815.3274182781 0.0231339
4815.6278206430 0.0550825
4815.9476273128 0.0643340
4816.2188407995 0.0192608
4816.5734218198 0.0414547
4816.9802834118 0.0295702
4817.2818064455 0.0575684
4817.4828956811 0.0141030
4818.0499315223 0.0121011
4818.6883855503 0.0135161
4819.1479942406 0.2019735
4819.3846373743 0.0334254
4820.3762901937 0.0191805
4820.5311139644 0.0251944
4821.0008164139 0.0146141
4821.7608799731 0.3373765
4822.4730993883 0.0833591
4822.8390261445 0.0231755
4823.1969372759 0.0136708
4823.6704721459 0.0217055
4823.9077369481 0.0324072
4824.8607269811 0.6877390
4825.2099184828 0.0173067
4825.4934051825 0.2953374
4825.8873731181 0.0207496
4826.2981847105 0.0195639
4826.7000165724 0.0695691
4826.8333051960 0.0607445
4827.0936105704 0.0122941
4827.7236189487 0.0247637
4828.1780066388 0.0281936
4828.8058879154 0.1176734
4828.9613680647 0.0457347
4829.6597759449 0.0169285
4830.0710908661 0.0232609
4830.3767322455 0.4190701
4830.7181968448 0.3159870
4831.0332068492 0.0142295
4831.6627722286 0.0187535
4831.8824188452 0.0120121
4832.5317927793 0.3724667
4832.7321596739 0.0736030
4833.0018273863 0.1777167
4833.4017887913 0.0227654
4833.6174027698 0.0231345
4833.7814789912 0.1499268
4834.0686780937 0.2835717
4834.5234002324 0.0333531
4834.9321909410 0.0123606
4835.1906413206 0.0221065
4835.3249108883 0.0122966
4835.4892789480 0.0129203
4835.6937733392 0.0139470
4835.8628520983 0.1675485
4836.6189930258 0.0370447
4836.8652290177 0.0109040
4837.0572660261 0.0161616
4837.2215214769 0.2135191
4837.5973991406 0.0580689
4837.8382736214 0.0133518
4838.0056579725 0.0180932
4838.2084102734 0.0507107
4838.7502061410 0.0155636
4838.9905059903 0.0140279
4839.4439824562 0.0426899
4839.8654831225 0.3006678
4840.0022614776 0.1676273
4840.4629303226 0.0249202
4840.7375782729 0.0243149
4840.9022516366 0.3378513
4841.2136801221 0.0169348
4841.3704873599 0.0196166
4841.6449896524 0.3463943
4842.2328544947 0.5233928
4842.8578710816 0.0272303
4843.1419378222 0.1037029
4843.3195757757 0.0271959
4843.5536522382 0.0212471
4844.1409742203 0.1502025
4844.3205194203 0.0154838
4844.5039856604 0.3428915
4844.8493904611 0.0573396
4845.1968806154 0.0185080
4845.3723792927 0.2229930
4845.6634956455 0.0241910
4845.8541030405 0.0381571
4846.5078102748 0.0124920
4846.7038581433 0.0118612
4846.8456843304 0.0137599
4847.0079955210 0.1964020
4847.5157762527 0.0116793
4847.7163136027 0.0404583
4848.0655376502 0.0230220
4848.6625069601 0.1240288
4849.0850385429 0.0142969
4849.6046538672 0.1823470
4849.8184173568 0.0837677
4850.2421505400 0.2210383
4850.5232071893 0.1355920
4850.8767967480 0.0113406
4851.0246698311 0.0340860
4852.8505214313 0.2317604
4853.2250643008 0.0249540
4853.3744114861 0.0466327
4853.9140362456 0.2036286
4854.3850771835 0.0284425
4854.6270668438 0.0258864
4855.1393326782 0.0622749
4855.5182390981 0.0133833
4856.2280221486 0.1835000
4856.7711735788 0.4275116
4857.0355716452 0.3229152
4857.3724838177 0.3112655
4857.5437048175 0.0389054
4858.2558116593 0.0167704
4858.4501288265 0.0199043
4858.7525856004 0.1836954
4859.6254230432 0.0589026
4860.4825689160 0.1141076
4860.6712584016 0.0228406
4861.1063303383 0.6101276
4864.4447889913 0.0173916
4864.5980277146 0.0177408
4865.0075286731 0.3397342
4865.2904386879 0.1016496
4865.6766208209 0.1577881
4866.0947919010 0.2938585
4866.9750292885 0.1827947
4867.6358787939 0.4094407
4867.9709602926 0.0158259
4868.2656193474 0.0161493
4868.9010497317 0.0665302
4869.2326225310 0.3158000
4869.6241387442 0.2191694
4870.5184992290 0.0130687
4870.8266518964 0.0915016
4871.4916487206 0.2641380
4871.7789743931 0.0115930
4872.1750707449 0.3741325
4872.6872441748 0.6039283
4873.3018878133 0.2350252
4873.5052987829 0.6391496
4874.0578327838 0.0152400
4874.2789185736 0.0328018
4874.6201003683 0.0847064
4874.8082042875 0.2836262
4875.1135653384 0.0539803
4875.3757326392 0.1300654
4875.7193104408 0.0985088
4876.1570069856 0.0763961
4876.3930263793 0.1076849
4876.5548228993 0.0202375
4876.8516766448 0.3884392
4877.2439030364 0.3180025
4877.5410319455 0.0247747
4877.7675808574 0.1253071
4878.5263834674 0.0115581
4878.9687872153 0.1033304
4879.5663317093 0.6323124
4880.0882808657 0.0284133
4880.5272872744 0.0190044
4881.4236779302 0.0264142
4881.8983970272 0.0371013
4882.2933831676 0.0511423
4882.6059345141 0.0217557
4882.9256345279 0.4462966
4883.0869478132 0.3111698
4883.5125454781 0.4064581
4884.0707003388 0.0220028
4884.8853407116 0.0187008
4885.0523131797 0.2463484
4885.4383237324 0.0230954
4885.9634155528 0.0371024
4886.2902995565 0.0313509
4886.4515504570 0.4180059
4886.7994344840 0.4045275
4887.1397639866 0.1422502
4887.3143241494 0.0550911
4887.7002622457 0.3886436
4888.0956027877 0.0329242
4888.3778319735 0.3678201
4888.5590633074 0.3120022
4888.7272738060 0.0476259
4889.0522286007 0.0137927
4889.2086953031 0.0121373
4890.0067277423 0.3510140
4890.3802687021 0.3893478
4892.1294944554 0.6028583
4892.8665319650 0.5755293
4894.2289178980 0.2153737
4894.4094252533 0.0346088
4894.7836104794 0.0159538
4895.0626951869 0.0164889
4895.1941739907 0.0153441
4895.9255129852 0.0298985
4896.1993638547 0.0118695
4897.8083438894 0.1303571
4898.8236507871 0.0151519
4899.8253835755 0.0132186
4900.8840756849 0.0267098
4901.1132024783 0.0148281
4901.2848568979 0.4068898
4901.4891251838 0.2457170
4901.9827558414 0.0232670
4902.1901060858 0.0334332
4902.3448989406 0.0683429
4902.6740990765 0.0112273
4903.3014970207 0.0149407
4903.5894555612 0.0295551
4903.7614383893 0.0280155
4903.9986715665 0.0139579
4904.6822058834 0.6368070
4905.1006735958 0.0154872
4905.7863979965 0.4384811
4906.2098170947 0.0171711
4906.5066421013 0.1128202
4907.5044852822 0.0148733
4907.7633813324 0.0121299
4908.1341706934 0.0361260
4908.4882912603 0.0102216
4909.1069870564 0.2911696
4909.3991349543 0.1226524
4909.6691979503 0.0115440
4909.9786917331 0.0233272
4910.4745365320 0.0429352
4910.7587025324 0.3296997
4911.0975714939 0.0175936
4911.3930986907 0.4634574
4911.7007555576 0.3872849
4911.9411182216 0.3818930
4912.5695888393 0.1914107
4912.7461009248 0.0259052
4912.8985571446 0.0646829
4913.1525699730 0.1631392
4913.3958155034 0.1876667
4913.8665268060 0.0267069
4914.3164394281 0.0171791
4914.5146232674 0.0438922
4914.9924201126 0.3610341
4915.3489492167 0.2312616
4915.7637538111 0.0178282
4916.6051269746 0.0578271
4916.8991944991 0.0100219
4917.2053282572 0.0132721
4917.6092996382 0.0166938
4917.8595734079 0.0329823
4918.0365793474 0.0137373
4918.3124450713 0.0121260
4918.6063576564 0.2901076
4919.2160001792 0.0144135
4919.3890197412 0.2423057
4919.7424555892 0.3303036
4920.0821505697 0.1528762
4920.3734610756 0.6116165
4921.2407797195 0.1402127
4921.8855534742 0.5538422
4922.3337548236 0.1119504
4923.1515648791 0.2168040
4923.6437341732 0.3964175
4924.1989956783 0.0223468
4924.5274890197 0.0521002
4924.9807412039 0.0152425
4925.3049800166 0.5289409
4925.6815661275 0.0393151
4926.1510368992 0.5344739
4926.6515212057 0.0700170
4926.7846154817 0.0465304
4926.9481455485 0.2164409
4927.5282064838 0.0664620
4928.2068682887 0.0130325
4928.8031600056 0.1777520
4929.2484217344 0.2869681
4929.5553284698 0.0232912
4929.7155136699 0.1922010
4931.6902220536 0.3191438
4932.1822373102 0.0552066
4932.4965550561 0.0215559
4933.4481232233 0.0747866
4933.6521349122 0.0132405
4934.4048500431 0.0117595
4934.7137038404 0.3986648
4935.0301858836 0.0234038
4935.2545090867 0.1802148
4935.4474960694 0.8445724
4935.9746054803 0.0209116
4936.3889252633 0.0167692
4936.8123004613 0.0111065
4937.2130174235 0.2918398
4937.5442546871 0.0254881
4937.7207187538 0.2340448
4938.0688917450 0.0148978
4938.4446002982 0.0273859
4938.7266047300 0.3756901
4939.1113078224 0.0751827
4939.5546668405 0.3644782
4939.8503308505 0.0227558
4940.1986740092 0.5989094
4940.6200465505 0.4056178
4941.0710027382 0.5971904
4941.4630950655 0.0297658
4941.8721850069 0.0203962
4942.1121911694 0.0250523
4942.3528282996 0.0135926
4942.5592007812 0.0338794
4942.9553020749 0.0276077
4943.2734784262 0.0335261
4943.8657718599 0.3992529
4945.2814586802 0.0174433
4945.6701171509 0.0278617
4945.9555262733 0.0135013
4946.6580102641 0.0196782
4946.8303946125 0.1770651
4947.0209444851 0.1617578
4947.4155200392 0.0650656
4947.7746717766 0.4655940
4948.9844152625 0.0550520
4949.3506035603 0.0256696
4949.5799132378 0.0418069
4951.4917685432 0.3898660
4951.8031409761 0.0189732
4951.9811608140 0.0234596
4952.8103841774 0.0133635
4953.6636204803 0.1149405
4953.8493337225 0.0125949
4954.0301794020 0.1757874
4954.5933302658 0.2370216
4955.1034275703 0.0163012
4955.4027202285 0.0100058
4955.6993231626 0.0107227
4955.9988063920 0.1093861
4956.1913860391 0.2320890
4956.7070347305 0.0164934
4957.3760371825 0.0173076
4958.1137848644 0.0275818
4958.6906293324 0.5520753
4958.9889513961 0.5051618
4959.6403896778 0.0618426
4960.5445672492 0.0470549
4962.2539027990 0.0209378
4962.4266139927 0.0589003
4962.7033910874 0.0161906
4963.3069080481 0.0933538
4963.6724461196 0.0143982
4963.9624292231 0.2280727
4964.4576447997 0.0191752
4964.6477203467 0.0125723
4964.9380436114 0.0123786
4965.1382245529 0.0109141
4965.4951658431 0.0379082
4965.8660848563 0.0218210
4966.1142656682 0.0807957
4966.3173239347 0.2606646
4966.5591672536 0.0718049
4967.2391098821 0.0664881
4967.4808350202 0.5495191
4967.9758838079 0.0239734
4968.1584321076 0.0120839
4968.7487471018 0.0108224
4968.9129885091 0.0352527
4969.2888074679 0.4124129
4969.7905648403 0.0822634
4969.9639977297 0.1498599
4970.0897374403 0.2230774
4970.5617832416 0.0102717
4970.8175739486 0.0163167
4971.3076833493 0.3702244
4971.8855131327 0.2741169
4972.0404173312 0.1444478
4972.7359988056 0.2961144
4973.1813595821 0.0235179
4974.4881990769 0.4174005
4975.6363618846 0.0193256
4975.8364813364 0.0279724
4976.2826778792 0.0194850
4976.7508119303 0.1355495
4977.2503004416 0.0109575
4977.5297646829 0.1157900
4977.7161949992 0.1948773
4978.0741025899 0.0244373
4979.0617753043 0.1213786
4979.5760666117 0.1894364
4979.9844603168 0.3530262
4980.5955342874 0.0359287
4980.9764199558 0.0596175
4981.5643458386 0.4163978
4981.9380259038 0.0194695
4982.7340981870 0.0222890
4983.1284505556 0.7213097
4983.5307739024 0.0223275
4983.8960768242 0.5274006
4984.2096107827 0.2855608
4984.6459326035 0.4905952
4985.2482468756 0.5192326
4985.5098814167 0.4281648
4985.8302073912 0.0112056
4986.0101106482 0.0491413
4986.6489790247 0.5027361
4986.9444529375 0.5228113
4987.3852729871 0.0985863
4987.6185707812 0.2080620
4987.8811863848 0.0264973
4988.1474709935 0.0159782
4988.2997701877 0.0547336
4988.4890779147 0.0139097
4988.8297228407 0.0125610
4988.9980783913 0.0132651
4989.2424003756 0.0303802
4989.6250801107 0.0165082
4990.0123936775 0.0229141
4990.3472807752 0.4280247
4990.5271101151 0.2060286
4990.9426737589 0.0304733
4991.3483575182 0.0275663
4991.6748850862 0.0120221
4991.8451498454 0.1226856
4992.4666655527 0.6913542
4992.6643862175 0.4320927
4993.2625527523 0.0417986
4993.7221010865 0.0236148
4994.1768404036 0.0310776
4994.7422017646 0.0941905
4995.0942641808 0.1727513
4995.5292527918 0.6532348
4996.2271758885 0.0223551
4996.4515178892 0.0318445
4996.6647956901 0.0387650
4996.8065085153 0.0327618
4997.0523080380 0.0576004
4997.5721311636 0.0167508
4997.7689682167 0.0401378
4998.2392379661 0.1613604
4998.4955041611 0.3076154
4998.9445515824 0.0121082
4999.3554511274 0.0265088
4999.6242751102 0.2378048
4999.9216488495 0.0107370
5000.2256589126 0.0102680
5000.3516379384 0.0110674
5000.5110477978 0.1205012
5000.9035848254 0.6777529
5001.3756276504 0.0374551
5001.7413161846 0.3483540
5002.1260670147 0.0193452
5002.3883971441 0.2584839
5002.6003781643 0.0187608
5002.9048821310 0.0166082
5003.2651134267 0.5445256
5003.9939371012 0.0432166
5004.1932734122 0.4140405
5004.7562396339 0.0160234
5004.9733237717 0.0124128
5005.1401770613 0.1835926
5005.4442450645 0.1900082
5005.7601211860 0.0475277
5006.2920298069 0.0456176
5006.5710822635 0.0813313
5007.1145728936 0.5239433
5007.5228845111 0.5956804
5008.0906669183 0.0137673
5008.6324891775 0.7228553
5009.1315923950 0.1156723
5009.5986937786 0.0410761
5009.8468448857 0.0236167
5010.0421009260 0.0401454
5010.2164559217 0.0287913
5010.6236597587 0.0177335
5010.8575171779 0.0400419
5011.0474530549 0.2682180
5011.2245825085 0.0243108
5011.4262974760 0.1095093
5011.6121185998 0.0487952
5011.8960427555 0.0165577
5012.1660347188 0.0177335
5012.3392835617 0.2086917
5013.1426167081 0.0178840
5013.4784122507 0.7278690
5013.8456748066 0.2768877
5014.0988645260 0.1228694
5014.4074162391 0.0142412
5014.6966796462 0.3589188
5015.0920761406 0.1907744
5015.3133887090 0.0309469
5015.6569931792 0.6904866
5016.3458426168 0.5119299
5016.7426088871 0.0644351
5017.5667073231 0.5249385
5017.8770905461 0.1316388
5018.2833586137 0.1827047
5018.5957905819 0.0258086
5018.9808333591 0.4268995
5019.6877774228 0.2517659
5019.8457760863 0.5736881
5020.2556147853 0.0130885
5020.5803064839 0.0282928
5021.1329645135 0.0531683
5021.4310633948 0.5546188
5021.9074514339 0.0422177
5022.0736722939 0.0284925
5022.2223557727 0.0581379
5022.3988812817 0.0198824
5022.5709986692 0.0183799
5023.0028575444 0.2015305
5023.3278948075 0.1116194
5023.6413597950 0.4955308
5023.8339162357 0.0537429
5024.0890807576 0.0111018
5024.2737792800 0.5525714
5024.5895509916 0.1404077
5024.7475493774 0.0321355
5024.9002798730 0.1013253
5025.2555296584 0.0171286
5025.6050748079 0.0304420
5026.2516631228 0.5173165
5026.4852965135 0.0778937
5026.7042637160 0.0565729
5026.9711256793 0.3606238
5027.1579324136 0.0383675
5027.3030516573 0.0277890
5027.7348218750 0.0174933
5028.5327746882 0.4128780
5029.1635570372 0.2356726
5029.5340676737 0.4180263
5029.7399021273 0.0377882
5029.9303186427 0.0180821
5030.3794740551 0.0346125
5030.6844467118 0.0121681
5030.8615624321 0.0579295
5031.0244244237 0.2419548
5031.2014198523 0.0372447
5031.3146997642 0.0166095
5031.4571306050 0.0287104
5031.8224570659 0.0237475
5032.0200148308 0.0162642
5032.1863840552 0.0859903
5032.4247372046 0.3475605
5032.8780447140 0.0227850
5033.1585129091 0.0157704
5033.3270937220 0.0804951
5033.6935384422 0.0128486
5034.1357251471 0.0723205
5034.6302802936 0.0203815
5034.8020502750 0.0140314
5034.9917924940 0.0327033
5035.1887998144 0.0215153
5035.4261269632 0.0112948
5035.6214977988 0.0319424
5035.8927979190 0.0234849
5036.2933602816 0.0287102
5036.7714403316 0.4916867
5037.3334617769 0.5722230
5037.6800280271 0.1680351
5037.8728541375 0.5055654
5038.3262022350 0.1027112
5038.8455820970 0.0200714
5039.1157399962 0.0330065
5039.4511216048 0.0202601
5039.8113478585 0.4591556
5039.9971928243 0.2316296
5040.6646670491 0.3869449
5041.3689283151 0.6008787
5041.6728657765 0.0264756
5041.8589701923 0.0170128
5042.0271101823 0.1263279
5042.3011643198 0.4205997
5042.4824959071 0.6144996
5043.0237116406 0.4309258
5043.1724043011 0.5674206
5043.5958598385 0.2844267
5044.2763395781 0.0428030
5044.7152844449 0.0697710
5044.9962335077 0.1436974
5045.2313906864 0.0338239
5045.6249418961 0.3742576
5046.2124346579 0.0293997
5046.6733593909 0.0122669
5046.8258026101 0.0882683
5047.3341763190 0.0182779
5047.6671783630 0.0153029
5048.1146902119 0.0119365
5048.3768602347 0.0314097
5048.8152760361 0.0282104
5049.4665007380 0.0619881
5049.6290653495 0.0879409
5049.8467321312 0.3214318
5050.2587288704 0.2718982
5050.6323948788 0.0623350
5050.8163245213 0.0197293
5051.2368419371 0.6188132
5051.5479055720 0.0605964
5051.8568718996 0.0229588
5052.1675667570 0.0300063
5052.3635522157 0.0146001
5052.7446758093 0.0111524
5053.0515704571 0.6724217
5053.3108086242 0.1238227
5053.5590673521 0.0390481
5054.0350866685 0.0299999
5054.2885929722 0.1186287
5054.5541264140 0.0407200
5054.7291124806 0.0271783
5054.9983063460 0.0438777
5055.3576461005 0.0207313
5055.4784484206 0.0166898
5055.6678791083 0.0398709
5056.0550621067 0.1576996
5056.4596717692 0.0170432
5056.8353478089 0.0268282
5056.9992613825 0.0236792
5057.1942715547 0.0342863
5057.3873725993 0.0720095
5057.8275272546 0.0514741
5058.2696261075 0.1012768
5058.5672692503 0.0148249
5058.8967542201 0.0595861
5059.3934345276 0.0984533
5059.7007193552 0.0325483
5059.9098777809 0.0519248
5060.3211378263 0.0461720
5060.6451784701 0.0574958
5060.8037676298 0.0191287
5061.1929709912 0.0215191
5061.4883928059 0.3995368
5061.8388116950 0.0289274
5062.1490522907 0.0115229
5062.7960210563 0.0329700
5062.9424567952 0.0399671
5063.1301633986 0.0772318
5063.2958255202 0.0494067
5063.5183514627 0.1005891
5064.4788632468 0.0439837
5064.9347017018 0.0779421
5065.2584111219 0.0267908
5065.4769552968 0.0357037
5065.7464417385 0.0166988
5066.0706452207 0.5922413
5066.4280597547 0.4840146
5066.6115056370 0.3228557
5067.1061273682 0.0374523
5067.3912121991 0.1538473
5068.1099181613 0.0681856
5068.5673157758 0.3050733
5068.9394471661 0.0519899
5069.1367942464 0.1078160
5069.7190214383 0.0574800
5070.1857981391 0.5819284
5070.4880477872 0.0528184
5070.8121306318 0.0645747
5071.0364482056 0.0473659
5071.2183843388 0.0155489
5071.5231833958 0.0644956
5071.8487303608 0.0237028
5072.3287237893 0.0299804
5072.5401981485 0.0406416
5072.8968352125 0.1719401
5073.2433763019 0.0487260
5073.4952474250 0.3678831
5073.7058654672 0.0984043
5074.0924022241 0.2748201
5074.3440650223 0.1623527
5074.5201816096 0.0187016
5074.8478879316 0.0688772
5075.0130537268 0.0292522
5075.1754129657 0.0492382
5076.1701028718 0.5169995
5076.7242168488 0.0496344
5076.9465229414 0.0170760
5077.1396430722 0.0151568
5077.3165195630 0.0256514
5077.5178081063 0.0793233
5077.6909035117 0.3038950
5078.0077711941 0.1019728
5078.3229644315 0.0512228
5078.6453842311 0.0396439
5078.7783262480 0.0379718
5079.4753279114 0.0153263
5079.7757127816 0.0159499
5079.9353074975 0.0151354
5080.3966904575 0.4464899
5080.6444192040 0.5517794
5080.9648271907 0.0510454
5081.1621526521 0.6158493
5081.3784533404 0.2599958
5081.7765164414 0.0872067
5081.9519121507 0.4610865
5082.5306791637 0.4317746
5082.9937309310 0.0564788
5083.2499915686 0.0637610
5083.4611326459 0.0221927
5083.6033648055 0.0422685
5083.7643204751 0.2659097
5084.4291968039 0.0715465
5084.7623026414 0.6602027
5085.1370354709 0.0434000
5085.5189387981 0.4346642
5085.9855990891 0.0495034
5086.2633826535 0.0594039
5086.4404428678 0.0353404
5086.6050518204 0.0525577
5086.7617352050 0.0287410
5086.9173850248 0.0692445
5087.0939813761 0.0214273
5087.3005830183 0.0245786
5087.6646732898 0.0363265
5088.0643426552 0.0461695
5088.4760231358 0.1668653
5088.8415644045 0.1874447
5089.1892629976 0.0258399
5089.5697290769 0.1398924
5089.9761443688 0.0965257
5090.1606895159 0.0594100
5090.3780266054 0.0865284
5090.6327120094 0.0719181
5091.2535158783 0.0309988
5091.4805752046 0.0199437
5091.6585843039 0.0296706
5091.8077674658 0.0470774
5092.1965795679 0.4253169
5092.7296450114 0.0474012
5093.1182208317 0.0488565
5093.3056971801 0.0575021
5093.5503441260 0.0401087
5093.7290939234 0.0492981
5093.9441759453 0.0508445
5094.2255639148 0.0240770
5094.9895093662 0.0249531
5095.4589693645 0.0550620
5095.8346254011 0.0930209
5096.0216054090 0.0289176
5096.3409870767 0.0729403
5096.5955953345 0.0477392
5096.7799095436 0.0785047
5097.2485596690 0.0690111
5097.6023162619 0.0478137
5098.4262820469 0.4555400
5098.7404521004 0.0307623
5098.9122109508 0.1693747
5099.0947104984 0.0170007
5099.5572102507 0.0624941
5099.7272313792 0.0134642
5100.1284327858 0.5587870
5100.4966262622 0.1998268
5100.7539100347 0.2875021
5101.3551146076 0.3863139
5101.6731296267 0.0467935
5101.8732183648 0.0198679
5102.0549733459 0.0621990
5102.3551461991 0.0574983
5102.5123594517 0.0711999
5102.6799246983 0.0181728
5102.8520064064 0.0967992
5103.0922766946 0.0229264
5103.4053911715 0.0191612
5103.6805936131 0.0437252
5103.8880540835 0.0303357
5104.0814004292 0.0508851
5104.3920554927 0.2352859
5104.8194607557 0.0156219
5105.1757443085 0.0358559
5105.4611178473 0.1259191
5105.6176693152 0.0827323
5105.8775372889 0.1104404
5106.3028366035 0.0543126
5106.7719606975 0.0458328
5106.9658437776 0.4683788
5107.6677185333 0.0724247
5107.8586141792 0.0278108
5108.0158667847 0.0785947
5108.2958573036 0.0604117
5108.8789937724 0.5552836
5109.0693922066 0.6139856
5109.3196808644 0.0223994
5109.6471099851 0.0247961
5109.8148794594 0.0473658
5110.0652700048 0.0742221
5110.5426320855 0.0483002
5110.8732242189 0.0481181
5111.0762126637 0.3586886
5111.4571420599 0.0212844
5111.8367315999 0.7380461
5112.1771504189 0.0944830
5112.4032598459 0.0327883
5112.6921503262 0.0665136
5113.0468726415 0.0828658
5113.2711477110 0.0353361
5113.5297710092 0.0150169
5113.6966027858 0.0290802
5114.0747514749 0.0601403
5114.3980464401 0.0613502
5114.5646139268 0.1001319
5114.8695786755 0.2069247
5115.4498868927 0.0640056
5115.6776620749 0.0316054
5115.9626384864 0.0419212
5116.8232272281 0.3567022
5117.2096714177 0.0724613
5117.3891382678 0.0382601
5117.5678718029 0.0604340
5117.8981991224 0.1121678
5118.2103553674 0.0434629
5118.5100221796 0.0111759
5119.3619464220 0.0627596
5119.7758854600 0.0606033
5120.2370885542 0.0699921
5120.5566569334 0.0338278
5120.7811822642 0.0356646
5121.1697822117 0.0153002
5121.3334709856 0.0205124
5121.5305207862 0.0578821
5121.8539124139 0.2122799
5122.0553318075 0.0320300
5122.3032639273 0.0903839
5122.6668769779 0.0680717
5123.0658675521 0.3407513
5123.3950992851 0.0145077
5123.5421098623 0.0733383
5123.8705112148 0.0119269
5124.2237879866 0.0663706
5124.4262613119 0.0242500
5124.6486280808 0.0807589
5124.8835251939 0.0716231
5125.1569992721 0.5844537
5125.4085572489 0.0995280
5125.8138840122 0.0575714
5126.0309110311 0.0847187
5126.2478188884 0.0179927
5126.5509152899 0.4695639
5126.9195226537 0.0984176
5127.2610194839 0.0803455
5127.6243292588 0.3090847
5128.0876794744 0.0215068
5128.3702415433 0.0533664
5128.7946058158 0.6201434
5129.1113759381 0.1227611
5129.2891649077 0.0281973
5129.5139228959 0.0440529
5129.9177594272 0.0489540
5130.3244613115 0.0317341
5130.5911515887 0.3524213
5130.7947537880 0.2738969
5131.0604575030 0.1437623
5131.3560142622 0.0702394
5131.5594935993 0.0535209
5131.7233091317 0.0613437
5131.9889318758 0.0703973
5132.4063949961 0.0217649
5132.7233239438 0.0341165
5132.9042399773 0.4431262
5133.2001989851 0.1566338
5133.5738676926 0.0261209
5133.7732926520 0.0237321
5133.9315457952 0.0205154
5134.1026300229 0.0500001
5134.2644635690 0.0110070
5134.5989965830 0.0537130
5135.1277434307 0.5106932
5135.6432180372 0.0875591
5136.0055050384 0.1238862
5136.3339653079 0.0113087
5136.5172922148 0.0657030
5137.0270247552 0.0337220
5137.5046620951 0.1003154
5137.6975908479 0.0473716
5137.8784044566 0.0706682
5138.5072422659 0.5235201
5138.8198793167 0.4831520
5139.3986424313 0.0104522
5139.5551433506 0.0102688
5139.7869142215 0.0841327
5140.1478356934 0.1437052
5140.6929196270 0.5016692
5140.9023910741 0.5418307
5141.6372890648 0.0665973
5142.2549431042 0.0546282
5142.4913761175 0.0164705
5142.6640206546 0.0597525
5143.1754628587 0.5038024
5143.5649497063 0.0159528
5143.7625240587 0.1019057
5143.9616667486 0.4802093
5144.2087017247 0.2632012
5144.3694107660 0.6359642
5144.7613432458 0.0158703
5145.0150399954 0.0677685
5145.1591980422 0.1063178
5145.4648090588 0.0618812
5146.1009426630 0.0955967
5146.5352741590 0.2728036
5146.8991536449 0.2621100
5147.1905174211 0.0624905
5147.5821867939 0.1107015
5147.9249639243 0.4012456
5148.2432281610 0.0319199
5148.5350102095 0.0259753
5148.7372032139 0.0329593
5148.9164705766 0.3464786
5149.1850592027 0.1178318
5149.4830808027 0.3488181
5149.6695984055 0.4210803
5150.1088028028 0.0361724
5150.2706610626 0.0481000
5150.5367888747 0.0424429
5150.9482556004 0.0960497
5151.2420027942 0.1056110
5151.6027627544 0.1307162
5151.9906335409 0.0398368
5152.2836892515 0.5913846
5152.6121913869 0.0555352
5152.8897067917 0.0187352
5153.3508438005 0.5891106
5153.6253202870 0.3349307
5154.0490613732 0.0359349
5154.3836866000 0.0258908
5154.6946779364 0.1900919
5155.1046772661 0.0990932
5155.3009114281 0.0489142
5155.5132524873 0.3293962
5155.7060247080 0.0348782
5155.8858887829 0.0309643
5156.1715669229 0.0352386
5156.3487258080 0.0462086
5156.5677026142 0.2103377
5156.9618787843 0.0311184
5157.2029929632 0.3637570
5157.4931671109 0.0168453
5157.7804673540 0.0502191
5158.0555569670 0.1334301
5158.4320091909 0.0853815
5159.0419284098 0.0466779
5159.4232933725 0.0563291
5159.7272595232 0.0182851
5160.0382448025 0.0599852
5160.5005491311 0.3423666
5160.6840240896 0.0493796
5160.8994747397 0.0245989
5161.0399839514 0.0117347
5161.2031069027 0.0909138
5161.5941145944 0.1284144
5162.4612411048 0.0330881
5162.6219235270 0.0159041
5162.9097222968 0.0161137
5163.1931823818 0.0365513
5163.7178284293 0.4920114
5163.9923315607 0.0397501
5164.1743435015 0.0796426
5164.3559193762 0.0425494
5164.5676553196 0.0858856
5164.8659931764 0.0275130
5165.0498639524 0.0541927
5165.2903630229 0.0164090
5165.6724776315 0.0174035
5165.9904848151 0.1293327
5166.1620683108 0.0208618
5166.5270238726 0.0116976
5166.8539186029 0.3803889
5167.3840029733 0.0822675
5167.7248627919 0.5878925
5168.7691494982 0.5474818
5168.9375240509 0.4793213
5169.5896821017 0.1054236
5170.0933192655 0.2881300
5170.3463513658 0.6334241
5170.7366632719 0.0369462
5170.9255839252 0.0274072
5171.5443046079 0.0206201
5172.0265434678 0.0794824
5172.2090381710 0.0857645
5172.4647759730 0.0720706
5173.0475687335 0.6010644
5174.1349326630 0.6281232
5175.1897202830 0.4651248
5175.8838126688 0.0487678
5176.0645641298 0.0265092
5176.3608076983 0.0846393
5176.6745975083 0.0286814
5176.8365962772 0.0966693
5177.1260884688 0.0229184
5177.5638682696 0.0675410
5178.0065600385 0.2354474
5178.2363957485 0.1192782
5178.7190877277 0.0923289
5179.0530260140 0.0320350
5179.2589933800 0.0243963
5179.4605052099 0.0205665
5179.6311778393 0.0252920
5179.9186626587 0.0948829
5180.2401794789 0.0760519
5180.4910538916 0.0570517
5180.8128450854 0.0296208
5180.9781099757 0.0197164
5181.2268956527 0.0331675
5181.4960947049 0.1606746
5181.8217357745 0.0581741
5182.0285450562 0.0951963
5182.3303380769 0.0444934
5182.7377583907 0.0377732
5182.9754913062 0.0437492
5183.1827089872 0.0694768
5183.4074566757 0.0790923
5183.8261783196 0.0181837
5185.0576231724 0.6506882
5185.7065909520 0.1192125
5186.0024288901 0.1420278
5186.4521203228 0.0448312
5187.1776732663 0.0394550
5187.3518597848 0.2641684
5187.7880836633 0.0508625
5187.9986102080 0.0464636
5188.9695680065 0.0280915
5189.3608697357 0.1994175
5189.8212977412 0.0122185
5190.1399002040 0.4988536
5190.2959537757 0.4816500
5191.0306815296 0.0184891
5191.6279118934 0.0132610
5191.9919772232 0.0341072
5192.5047743063 0.0398380
5192.9079039987 0.5859454
5193.4515890978 0.0927599
5193.7975533995 0.5550311
5194.4222198233 0.5787169
5194.7920197828 0.0363200
5194.9430743353 0.0292647
5195.3120108454 0.0511679
5195.4919321548 0.0711582
5196.3959468669 0.6526261
5196.9252806995 0.4337249
5197.5109042620 0.3392292
5197.8984373066 0.1685356
5198.6125339214 0.0790186
5198.8330852117 0.0295670
5199.0220838400 0.2895717
5203.0835102364 0.0365670
5203.7771646173 0.6500592
5204.2110198140 0.0305516
5204.4268155212 0.0478685
5204.9444664439 0.0451889
5205.9913779531 0.7504863
5206.6027431549 0.0376658
5207.1899649781 0.1879688
5207.4951026697 0.6723381
5208.0355887179 0.0628845
5208.2505237580 0.0178672
5208.5387023640 0.0442098
5208.7268588729 0.0371078
5209.0399986068 0.0552194
5209.3605568467 0.1209649
5209.8834489920 0.6696618
5210.0500144114 0.4671273
5210.3496267038 0.0552495
5210.5299430356 0.0275732
5211.0302760545 0.0475947
5211.2074305445 0.0735413
5211.5087056807 0.0151733
5211.8462592189 0.6136250
5212.1949798214 0.0780986
5212.4072149048 0.0946184
5212.6654416971 0.0351936
5212.9857333690 0.1101723
5213.7046103955 0.0455959
5214.1429595805 0.0454656
5214.4545563679 0.0148028
5214.7970914155 0.0214476
5215.2631820301 0.0263002
5215.5884799776 0.0622480
5216.0675086391 0.0571995
5216.6394389041 0.4950907
5216.9939535443 0.0315896
5217.7340282041 0.6455035
5217.9261976663 0.0845167
5218.8484510496 0.5054728
5219.3706868331 0.1563388
5219.6608258997 0.1822507
5220.9861164549 0.0110431
5221.1582939439 0.2304943
5221.5413902809 0.0496309
5221.7432802741 0.0912101
5222.3435810842 0.0422629
5222.4942725310 0.0556583
5223.2127244622 0.1014029
5223.8548415725 0.0830421
5224.1327636385 0.1068003
5224.6423856294 0.1055810
5225.0788480144 0.0814258
5225.5661953535 0.0506270
5225.7648180785 0.2424190
5226.0012652886 0.1541781
5226.1955273824 0.0167890
5226.3977884969 0.2791947
5226.9871488601 0.4692529
5227.2775037400 0.0424765
5227.5422578509 0.0118632
5227.8322067731 0.0176230
5228.0012452291 0.4213565
5228.3256084584 0.5616216
5228.6473096589 0.6722258
5229.1745938005 0.0179308
5229.5488374474 0.0495292
5229.8370554600 0.2397223
5231.3143536612 0.5218518
5231.6710261097 0.1220208
5232.1391475458 0.0147887
5232.4309798131 0.0141268
5232.8608778784 0.0251159
5234.4061193600 0.5065523
5235.2650454536 0.0187888
5235.5234577807 0.0153727
5236.0866603098 0.2750740
5236.6518131293 0.1219811
5236.8498299787 0.3249158
5237.6641665794 0.1293301
5237.8494950792 0.0308287
5238.7822879080 0.1281737
5239.4577579595 0.0111745
5240.0357985271 0.1114765
5240.4230443584 0.0675798
5241.1011045827 0.0108202
5241.2803052817 0.2114289
5241.5835126362 0.0158995
5241.9361160002 0.0264869
5242.3377658705 0.0197596
5242.9210312744 0.0145873
5243.3765685417 0.0214734
5243.5222113818 0.0296337
5243.9572842480 0.4468205
5244.6376326180 0.0296546
5244.8168042709 0.0635565
5245.2411638544 0.2766678
5247.1923137054 0.0182127
5247.5908720576 0.0124591
5247.8212627675 0.0114162
5248.0229229232 0.0557702
5248.2219221701 0.0186542
5248.5172258044 0.4810413
5248.7427287926 0.0801580
5249.0340210686 0.5149764
5249.3817115004 0.0824524
5249.8378048834 0.0250406
5250.5693396410 0.1047127
5250.8905916103 0.0231549
5251.0494033817 0.0302234
5251.4908378312 0.0283708
5251.6764370698 0.4694880
5252.1134142424 0.5288512
5252.3945236478 0.0352096
5252.9501848522 0.0157495
5253.2565105167 0.0237832
5253.4298996729 0.1727718
5253.5711045043 0.1842636
5254.4884680000 0.0895679
5254.9301116190 0.3547584
5255.4091651360 0.0158242
5256.1128312288 0.0147032
5256.4174595335 0.5335694
5256.7778616987 0.1076749
5256.9789815351 0.0245018
5257.2346429837 0.0958725
5258.4020697057 0.0277998
5259.1044851706 0.0778968
5260.2962247963 0.0128724
5260.9333789257 0.0193565
5261.2014975661 0.0113640
5261.4368575281 0.0358573
5261.8516666649 0.1572349
5263.1715192754 0.4837244
5263.7023589812 0.5364259
5264.0863507589 0.0242540
5264.3505303718 0.0598095
5264.7781646091 0.4750477
5265.3294647990 0.1583000
5265.6585482072 0.6763489
5266.2744976250 0.1030761
5266.6206946842 0.0890992
5267.0219570367 0.5452480
5267.1885095873 0.4663635
5267.4355676900 0.1894523
5268.0289320324 0.5582649
5268.5651700033 0.0120384
5268.7412188450 0.0712367
5269.8042505627 0.0942333
5270.0793561710 0.0597537
5271.0131583357 0.5295245
5271.8140586872 0.6664578
5272.5235961740 0.0581254
5272.7563013253 0.0392320
5273.0870991665 0.0138693
5273.4710191042 0.0761784
5273.7271319538 0.0309720
5274.6395236015 0.4625956
5274.8509236465 0.5039638
5275.7040920446 0.0160920
5276.0044021937 0.0298435
5276.4522102897 0.1278480
5276.7477852675 0.2496563
5277.2261996407 0.3194205
5277.5069627118 0.4033216
5278.7844497844 0.0183053
5280.2541255292 0.0226699
5281.1261975768 0.0202307
5281.3498624839 0.0293106
5281.5409641229 0.0237187
5281.8255308107 0.1822049
5282.1063680248 0.0557425
5282.6197386505 0.0144414
5282.8003124044 0.0213515
5283.2676449514 0.5410235
5283.8601536995 0.0834815
5285.0990946896 0.5304866
5285.5798217191 0.1512958
5285.8893621557 0.0951143
5286.0810419210 0.0763749
5286.6032929785 0.0799587
5287.1136432850 0.0129614
5288.6522250854 0.0346810
5289.2623455254 0.0126257
5289.8319022051 0.0162541
5290.0040380134 0.2637694
5290.2838266038 0.0192411
5290.7541779042 0.0245861
5292.2947826678 0.0213083
5294.0585256512 0.0812462
5294.3379243505 0.0108901
5294.5048294165 0.0283392
5294.6407519346 0.0366764
5294.8460279880 0.0190482
5295.4365129339 0.1015068
5296.0233601710 0.0535192
5296.7912983970 0.1014062
5297.2548357589 0.1005160
5297.5554059035 0.0122365
5298.1732634093 0.5666958
5298.8593836913 0.3748243
5299.4974666801 0.3503881
5299.7560595375 0.5694210
5299.9642802884 0.2135750
5300.2581588814 0.1440036
5301.4704563503 0.0487182
5301.8859472406 0.0213892
5302.0474698450 0.0223621
5302.2267842220 0.3708149
5302.5238701416 0.0951503
5303.3517268817 0.0185208
5303.7824560959 0.5303606
5304.7013700108 0.0103020
5305.3226359362 0.0120966
5305.6592117046 0.0509278
5307.3458486626 0.0407621
5308.8431379632 0.5015942
5309.9120698704 0.0481720
5310.1627024724 0.0193249
5311.9520474090 0.0128606
5312.1753994698 0.0162739
5314.1350348319 0.0250838
5314.3377363088 0.0677902
5314.7233542586 0.0195656
5315.0606234297 0.0646755
5316.2206509284 0.0110723
5316.3899794895 0.0216051
5316.5550179370 0.1097149
5317.2567819306 0.0115595
5318.0974027937 0.3513575
5318.2576575466 0.1869259
5319.0212357826 0.0199189
5319.8316521069 0.0288444
5320.2536925021 0.0480814
5320.5213496992 0.0155491
5320.7968080963 0.0146924
5321.2968712835 0.0435952
5321.5205445551 0.0680442
5322.2976069121 0.0105789
5322.5932583440 0.1544348
5323.2242616427 0.0112006
5323.5278739577 0.3387420
5325.6694102513 0.5266430
5326.7582018176 0.0285699
5327.0394747892 0.0869714
5327.4419629189 0.0250758
5327.6300264297 0.1420883
5328.3033498896 0.0307977
5328.7584297825 0.0211068
5329.5287636693 0.5797454
5329.8106746029 0.3017009
5330.0202991435 0.6337858
5330.6275035183 0.3125605
5331.2798627235 0.1206806
5331.4760081810 0.2434745
5332.0450511931 0.0103310
5332.9445947271 0.0626487
5333.8305998434 0.0107150
5334.1503470683 0.1680412
5334.3894121209 0.5124597
5335.1396407375 0.0170788
5335.6855262801 0.0102100
5336.3495116233 0.0703477
5338.2764959250 0.3539173
5339.2285317495 0.0443706
5339.8012270262 0.0324879
5340.9107231108 0.0160649
5341.4220102253 0.5218411
5341.9361077299 0.0479511
5342.5154832217 0.7323869
5344.1934577419 0.1287846
5344.9197147340 0.2434602
5346.2478350111 0.0252204
5347.2923096240 0.6261934
5348.0453294584 0.0344109
5348.9922869411 0.0130288
5349.1983076504 0.0131008
5349.8111126970 0.5460177
5350.5938742072 0.0135284
5350.9550149836 0.5070862
5351.2312675129 0.1512104
5352.5595902441 0.0479512
5353.5357246380 0.0846138
5354.8713341698 0.3638464
5356.3814201364 0.0121572
5357.2058664858 0.0115559
5357.5812281805 0.0133327
5358.1545844888 0.0108841
5358.6744928838 0.0156815
5359.6086688520 0.0307143
5360.6932298794 0.0274639
5363.1181598471 0.1244825
5364.3471388107 0.2447165
5366.3705909411 0.4703186
5366.8967411911 0.3897446
5367.9260705963 0.0157238
5368.1383529550 0.0245914
5368.9671231908 0.4774525
5370.0210329072 0.0138203
5371.0919966748 0.2135921
5371.4629038539 0.4977378
5371.8161905635 0.0262843
5372.9931175988 0.6276570
5375.2075928627 0.2680565
5377.6003155333 0.0117456
5378.3308632780 0.0487748
5378.5368367091 0.0174373
5379.1098059628 0.1027217
5380.8949034143 0.0157645
5381.0758150215 0.2949195
5381.8111736354 0.0237912
5382.2156097377 0.0101880
5382.5237145141 0.2307415
5383.2746191174 0.0176586
5383.7733628277 0.0459257
5384.8742488221 0.5147278
5385.6338712052 0.0120655
5386.1336343302 0.0170725
5386.6314256498 0.0109947
5387.0855163325 0.0158895
5387.8343413591 0.1072980
5388.2965215410 0.0105756
5388.4692881187 0.0779399
5389.0108858770 0.0675229
5389.8480197748 0.0497322
5390.0255619070 0.0101212
5390.6666059664 0.0318753
5390.9837134105 0.3693478
5391.3326898465 0.0324578
5391.4942473251 0.0338460
5392.0279546224 0.0638234
5392.9609928108 0.3124983
5393.1291616037 0.1318117
5393.5369289954 0.0140438
5393.8376715259 0.0266393
5394.6744362748 0.4924648
5396.1745413611 0.3433532
5396.7211393131 0.0590847
5397.7523172939 0.0317375
5398.0960028640 0.0427331
5398.6388190096 0.6721312
5399.1212698511 0.0777438
5399.7858275473 0.3266982
5400.9818674693 0.0642074
5402.0112927528 0.3826912
5402.7732815777 0.0758818
5403.2208491771 0.0133540
5403.5738515072 0.0312160
5404.2867762846 0.0203585
5405.3306868107 0.2732176
5405.6480516944 0.5150906
5406.0388325159 0.0120604
5406.5017453030 0.0265825
5406.8599912548 0.1628068
5407.2877182049 0.6476318
5407.8396367507 0.0300068
5408.2826334259 0.1235040
5408.9252684071 0.1402024
5410.4545737942 0.0169796
5410.6427641060 0.1877898
5411.2978135630 0.6385165
5412.4206849243 0.4611122
5412.7251808095 0.0950851
5413.4515143298 0.0156904
5414.2926722990 0.0572120
5414.6015059330 0.0241266
5415.1866393307 0.0386936
5415.5804044371 0.0421719
5416.7124179789 0.4917854
5418.5481324034 0.1100730
5419.6328624560 0.0143663
5420.2792410830 0.1902996
5420.6052910151 0.0141450
5421.8696168863 0.1943397
5422.4402652286 0.0323682
5422.6745755823 0.0689118
5423.3546598680 0.0241300
5423.6672350668 0.0271638
5425.5857141863 0.5115759
5426.1560147206 0.1569680
5426.7619758918 0.0790574
5427.7636538322 0.0759932
5430.6568779995 0.0515167
5431.2120094824 0.6078200
5431.8638737905 0.0243664
5433.8543469890 0.0126617
5434.0543302681 0.2136739
5434.4617727517 0.2440755
5434.9185146122 0.0101292
5435.1483295630 0.0110322
5436.0429894224 0.6813707
5436.6887255122 0.0226841
5437.1851225780 0.0174679
5437.3721689561 0.2267799
5437.8116298577 0.1401203
5438.1044914958 0.1979379
5438.7109422342 0.0579084
5439.3696510101 0.0121022
5439.8109086533 0.0159799
5442.8557391820 0.0994515
5443.9237944047 0.0288768
5446.1046283242 0.0446815
5446.5626837874 0.4769107
5448.1059050206 0.3019277
5448.4357714621 0.6699085
5449.8926343725 0.0388487
5450.4139714998 0.0127937
5450.6701730614 0.0214313
5452.3073266804 0.0218335
5452.6295326904 0.0116228
5453.6045186653 0.0374230
5454.3572635930 0.0326589
5454.7487413642 0.0220751
5455.1685615507 0.0423206
5455.5104889168 0.0201237
5456.0955684347 0.0391076
5457.1380169844 0.6190463
5458.0389122227 0.0184365
5458.9751007235 0.0188925
5462.0218966588 0.0933207
5462.3954316272 0.0288196
5463.0710909931 0.0768740
5464.0172649499 0.1183256
5464.4836049031 0.3869390
5464.8006642581 0.4234748
5465.4804389761 0.0205149
5465.8027025310 0.1256931
5467.9202031415 0.3419144
5468.5105404694 0.1113133
5469.2956923332 0.0118077
5469.6261739747 0.0351530
5469.9159142805 0.0236778
5470.8010063760 0.0238096
5471.6158160711 0.0720214
5472.1610545245 0.1285858
5472.7204580299 0.0645095
5474.2291194078 0.1610544
5474.6870722025 0.0534570
5474.8937343831 0.0163033
5475.0762883278 0.0156414
5475.4268028415 0.3263437
5475.7514754467 0.0726608
5475.9694952298 0.0229820
5476.9497697075 0.0103726
5477.8134988337 0.2773589
5478.0934426595 0.4131450
5478.4350149983 0.6028380
5479.0479947147 0.0116439
5479.2291263514 0.0857702
5479.5375649253 0.0112949
5479.6816364482 0.0110150
5479.9723903411 0.0945048
5482.0388306567 0.0402414
5482.3852488422 0.2217986
5482.7738660742 0.2444556
5482.9551041708 0.2175239
5483.3916676839 0.0853228
5484.6273340728 0.1782840
5484.8824864039 0.2317726
5486.1547481273 0.0145649
5487.0833656654 0.0156500
5488.4933716413 0.0116268
5488.6751689095 0.1020500
5489.0483694608 0.0620858
5489.2736054370 0.3785846
5489.7065780175 0.0617862
5490.4950861544 0.0260045
5491.1964769027 0.0175606
5491.3768389387 0.0363952
5491.6796418462 0.1624920
5492.0216551130 0.0106491
5492.2222532824 0.0762006
5493.3631576938 0.0315780
5494.4138206333 0.0301324
5494.7615688734 0.0431986
5495.0279554798 0.1301242
5495.3758182710 0.0614828
5495.9949028205 0.0756626
5496.2206947686 0.0170166
5496.4134295202 0.0470355
5498.0902155884 0.0222189
5498.6673012073 0.0136190
5499.0507637469 0.6409494
5499.4176509210 0.0143322
5503.0011554827 0.5999429
5503.6197958339 0.0260748
5504.6033742237 0.1676450
5505.0295596964 0.0143982
5505.2425319658 0.0116908
5505.4301470742 0.0871796
5505.6241654925 0.0259801
5505.9167660352 0.0281227
5507.4138903228 0.1414880
5508.0270136868 0.0284636
5508.3164123259 0.6235266
5509.2784741101 0.0134974
5509.9429343254 0.0406996
5510.1586853891 0.0197083
5511.0659697794 0.0198821
5511.2273915255 0.0224997
5511.5411893923 0.1249703
5512.1996268925 0.0427542
5512.9321673125 0.0127854
5513.3188231568 0.0379954
5513.5923943427 0.0222913
5513.7883430099 0.1189151
5514.0624861488 0.2841518
5514.5145626544 0.3942181
5515.8821511275 0.2584772
5516.0711933114 0.2859819
5517.1560853040 0.0161348
5517.5545017825 0.0118672
5518.0132483229 0.0167738
5518.3059414682 0.0955167
5518.6037731359 0.0484425
5519.0760453194 0.0323676
5521.1178708285 0.0429471
5522.0390723672 0.0297912
5522.4715102859 0.0201352
5522.6577570558 0.0208883
5522.8280546564 0.0130269
5523.1073167378 0.0116367
5523.7931417589 0.0107158
5523.9844428893 0.1447515
5524.8373260779 0.0254960
5525.5167366484 0.0192447
5525.7884684203 0.0150892
5527.0833594611 0.1974453
5528.3518106040 0.3404246
5529.1417243528 0.0115753
5529.9523736210 0.5131714
5530.4274919663 0.0453362
5530.6986875378 0.0514033
5531.5236456304 0.0108653
5532.0011258081 0.0197842
5532.3213221979 0.0521129
5533.5143797584 0.0347794
5534.1022869020 0.0151235
5534.2888693763 0.1296120
5536.1975057083 0.0305484
5536.3818716214 0.1538031
5536.7618926932 0.0145428
5536.9641175366 0.2782127
5538.1299011841 0.0247910
5539.3052310844 0.0651178
5540.0579566487 0.1165201
5540.6116538030 0.0116005
5540.8234897152 0.0487020
5541.3519030469 0.0149359
5541.9906635037 0.0117939
5542.4278980322 0.0115162
5544.4023814260 0.0109913
5544.7348859020 0.2216155
5545.4808775863 0.2693325
5546.1438964885 0.0135871
5547.4765442614 0.0187190
5548.0517681247 0.1987803
5548.5409139154 0.0713554
5551.1863112732 0.0163200
5551.4946826574 0.0333582
5552.2147030248 0.0120761
5553.5103981837 0.0130050
5553.7703177964 0.0129832
5554.2344100104 0.0174523
5555.1281339343 0.1326742
5556.4381016339 0.3113767
5557.2563062077 0.0120297
5558.2245714803 0.0109887
5558.5893682627 0.0270127
5559.4970277876 0.1547541
5560.3527209716 0.0123571
5561.1952781680 0.0178545
5561.4214355254 0.0135132
5561.7598244054 0.2060529
5561.9943778461 0.0100439
5562.7850842234 0.0182613
5564.0642866752 0.0124938
5564.2571428275 0.2297749
5565.1601653044 0.3373683
5567.0316208185 0.1020504
5567.2534628458 0.3658617
5567.6259197517 0.0313397
5568.3132002368 0.0111497
5568.9441997366 0.2722626
5569.2967164265 0.0119731
5569.6276210726 0.0130778
5570.4152294049 0.0307772
5571.1729360697 0.5044357
5571.9629265310 0.0123269
5574.3986624233 0.5233802
5574.6465982757 0.1709795
5577.6448155164 0.4848002
5583.5242187740 0.5055780
5584.5228627072 0.0164250
5585.5354489677 0.0134106
5586.0513369125 0.0341579
5586.3232413354 0.1243818
5587.2124046109 0.0111654
5588.3162113016 0.4698479
5589.1262773255 0.1243782
5589.4152006476 0.2832216
5590.3108262556 0.6515142
5590.9117106775 0.0745179
5591.4209458203 0.0327180
5591.6720006950 0.4704971
5592.3013817532 0.0342575
5593.5047587223 0.0111977
5593.8106624145 0.2184788
5594.1885944840 0.0263372
5595.2935360140 0.1367232
5596.0220737636 0.6005639
5596.2117740354 0.2525734
5596.6100662175 0.0161503
5597.7320083360 0.0115288
5598.6268877600 0.0104547
5599.8567209347 0.3156025
5600.0416020402 0.5821277
5601.5863571055 0.0716382
5601.7832673062 0.1123212
5602.8357084136 0.4642118
5603.3643125952 0.0193852
5603.6714033508 0.0118258
5605.3107738127 0.0369220
5606.4952982860 0.0175564
5609.2260626185 0.0389330
5610.5396487330 0.0255427
5611.5265069822 0.0145400
5611.8060388078 0.0107783
5612.9184660085 0.0294794
5615.8341964213 0.0314440
5616.3394047341 0.1306635
5616.8658600660 0.3507246
5617.2117176211 0.4933175
5618.7300079278 0.0534495
5620.0007867567 0.0106290
5620.1967833107 0.1949217
5620.7959498103 0.0127731
5621.1635000961 0.1039898
5621.5946038583 0.0197882
5622.0470006619 0.0990023
5622.8994480595 0.0116518
5623.1706384022 0.0203688
5623.7887897797 0.0100782
5624.5139850085 0.0208090
5625.5886836739 0.1786639
5626.1137825332 0.4824373
5626.4361809246 0.0378160
5626.8842157068 0.1248488
5627.2375164784 0.0303524
5627.5849614752 0.0153955
5629.1999200022 0.1205647
5629.9110733957 0.0334131
5630.2102424807 0.0439857
5633.3647313455 0.0177172
5635.5127619419 0.2523567
5637.3912199695 0.1076350
5637.7739560269 0.0162738
5638.2648223185 0.0624580
5638.6838469468 0.1104211
5638.9741060853 0.1181504
5639.2827535894 0.0107831
5639.8318894886 0.3238231
5640.3136533591 0.0224565
5641.8792124025 0.0390797
5642.5497840561 0.1201965
5643.0087720809 0.2395049
5643.4514759431 0.0676285
5643.9407755915 0.0148428
5644.1630038772 0.0110226
5644.3236613440 0.0230382
5644.6514199802 0.0370651
5645.6927681640 0.1956831
5647.1794773959 0.0876338
5647.3929709380 0.0258756
5647.6757144526 0.0209828
5648.2543213494 0.0196324
5648.8060931231 0.0620416
5649.8237175436 0.0106820
5650.1371220061 0.0597964
5650.6516649294 0.0235968
5650.9573513692 0.0165161
5651.2384487456 0.0721761
5651.5578476816 0.0888364
5652.0566397256 0.0103467
5652.2568717246 0.1070293
5653.0427082667 0.0543351
5653.8899447346 0.0827568
5655.2441793349 0.0116331
5655.4386018320 0.1292387
5656.0672212983 0.0201662
5656.5063161372 0.0464535
5656.7477122729 0.1583237
5657.0636981699 0.2481845
5659.0132052336 0.0354890
5659.2461393683 0.0144755
5659.4453523176 0.2640017
5659.9133339224 0.1078575
5660.1104414892 0.2306760
5660.3971641347 0.4580458
5661.1453799416 0.0452674
5662.0829496942 0.0222330
5662.3718556446 0.0427703
5662.5871551860 0.0163226
5662.9207727006 0.0652932
5663.5414393700 0.0157076
5663.7287783865 0.1319854
5664.0929818393 0.3679819
5664.5009157140 0.1585861
5665.5785951228 0.0985105
5666.1496205333 0.0120737
5667.1296210096 0.0922633
5668.2542267205 0.0426988
5668.7211525712 0.0947439
5669.0918429219 0.1554068
5669.9451617531 0.0345945
5670.6091715299 0.1036273
5671.3146837242 0.0345876
5671.5220548096 0.0405845
5672.4273834511 0.1096965
5673.3866865356 0.0589002
5674.9927519630 0.0105908
5676.9991370343 0.1714407
5679.2605826638 0.0177254
5679.9565184295 0.0114409
5680.6038957921 0.2249730
5681.4965507909 0.0288664
5681.8236590774 0.0237932
5683.7788953287 0.1831428
5684.2189265321 0.3598773
5685.7717144372 0.1106281
5686.0660701984 0.1772796
5687.7825512115 0.0362509
5688.1131344113 0.2649933
5688.4196607384 0.0475003
5689.7925864594 0.4527332
5690.1237634793 0.0173665
5691.0442686623 0.0721637
5692.0046498303 0.1552196
5692.8305663822 0.0218377
5693.0804892454 0.1314806
5693.2753860239 0.0178658
5694.4551460619 0.0106484
5694.8303271724 0.0235741
5695.2257307109 0.1750175
5696.3303181607 0.0620582
5696.5675725278 0.1443401
5697.6765486240 0.0317534
5699.6051056712 0.0431357
5699.9136915159 0.0948263
5700.1060834371 0.1731368
5700.5918383024 0.0154852
5701.0030292275 0.0122733
5701.7612991030 0.0777592
5702.0858460775 0.0104389
5702.6839898913 0.1019068
5703.1340308579 0.4327202
5703.4783782686 0.0102013
5703.9062422050 0.0731303
5704.2444319795 0.0424037
5704.4665091712 0.0119213
5704.9653667148 0.0100078
5705.1646116407 0.1819646
5706.3180582488 0.0428827
5707.0528455018 0.1125496
5707.5850728624 0.2656791
5708.3013044047 0.0206775
5708.5982279755 0.1592799
5709.6850482122 0.1090338
5709.9836804708 0.2345788
5710.4918654044 0.0112394
5710.9660619782 0.4473850
5711.1324678836 0.3890449
5711.5129743204 0.0285541
5712.6766669030 0.4000528
5713.4654553680 0.3610220
5713.7202651882 0.2293655
5714.3635424868 0.0491557
5715.4735256707 0.0257229
5715.7448226316 0.0452160
5716.1360217717 0.0121614
5716.6777175242 0.2539687
5718.0372447170 0.0319540
5719.4239466217 0.2361951
5719.9044347065 0.0156342
5721.3962579031 0.0154357
5722.0144731178 0.0307314
5722.4849985902 0.0327186
5723.2986592028 0.0133335
5725.2840911583 0.0118599
5726.0488733512 0.0131528
5727.2295996825 0.0118965
5728.6399387043 0.2192122
5729.2582708389 0.0492025
5730.7910593799 0.0109216
5732.4430466601 0.0157645
5732.8449012230 0.0449751
5733.3571802340 0.2282938
5733.8898778174 0.0361724
5736.1464352588 0.0131331
5737.2890288123 0.0146021
5738.6581964677 0.0548260
5739.8277281028 0.0302652
5740.1070888635 0.0240154
5741.0696808438 0.0548098
5741.5786848767 0.0378037
5743.4456763672 0.1015224
5744.5673476196 0.0339864
5745.0328528393 0.0310564
5748.2015649088 0.0101441
5749.2629488930 0.0556985
5749.5495632792 0.0802737
5749.9494288331 0.1060025
5750.8905473065 0.0111014
5753.6330693215 0.1833453
5754.7240005115 0.3332015
5755.2319837145 0.0790115
5755.6304457972 0.0109101
5755.8099805692 0.0114870
5756.0130404350 0.0488787
5756.2539500072 0.3550267
5756.6214772744 0.0146529
5758.4150335610 0.0680909
5760.8650877363 0.0215406
5761.1376711549 0.0272848
5761.9471000650 0.0740326
5762.4355207709 0.0944766
5764.0147035512 0.1051798
5764.2279988287 0.0124070
5764.5966668766 0.3643807
5767.9324499942 0.0402652
5770.9289375090 0.0153852
5773.2077188245 0.0170558
5773.7417218072 0.1245356
5774.0112164359 0.0153412
5775.6351874144 0.0501840
5775.8352760428 0.0114219
5776.4907527414 0.0115781
5776.6866898693 0.2369716
5778.3301795587 0.0104922
5780.0618877287 0.0770795
5781.9898166200 0.0752842
5782.2083022936 0.1258301
5782.4099922729 0.0733022
5782.7854176915 0.0519055
5783.3580218229 0.0471883
5783.7329312341 0.2273647
5784.6726111622 0.1015217
5785.4669734961 0.1424325
5786.2662766734 0.0876962
5786.5782151960 0.1073210
5786.8893133039 0.1487022
5787.3345510870 0.0985139
5787.5811496256 0.0623378
5788.6267354005 0.0189569
5789.5279843629 0.1699462
5789.9945105851 0.0216689
5791.7358464990 0.0164222
5792.2661915711 0.0101664
5792.5929884134 0.3330208
5793.1510020107 0.0226299
5794.6778151766 0.0986475
5795.5255867580 0.0981511
5797.6875908462 0.0278579
5799.0378300407 0.0105623
5799.4654396563 0.0994916
5799.7878894695 0.1210794
5805.6490016291 0.0729191
5805.8724381371 0.0775080
5806.0730784543 0.0463179
5806.8302571080 0.1168652
5807.3774167751 0.0254650
5808.3397092459 0.1843728
5808.7145902668 0.0117513
5809.3970927182 0.0243024
5810.8309944529 0.1612614
5812.3971681028 0.0110224
5813.5320684097 0.0297071
5814.4436813273 0.0103563
5815.5961646045 0.0139572
5816.4242666139 0.0685531
5816.8426117134 0.0148031
5817.6718402362 0.0298136
5817.9901463011 0.2140473
5818.6882908206 0.0278140
5823.4838380110 0.0137297
5824.0686234956 0.0115979
5825.3116489179 0.0214154
5829.4982047656 0.0363641
5833.2159021913 0.0544349
5834.0984856008 0.0112024
5835.6220173822 0.0340090
5836.7206756854 0.0337729
5837.1927541139 0.0161276
5839.3270548901 0.0267405
5839.7733547101 0.0135614
5839.9939251247 0.0472957
5840.2963293256 0.0152885
5846.2173491931 0.0125462
5846.9113725750 0.0121676
5847.8771246508 0.0129478
5848.6191425732 0.0787107
5849.7393983638 0.1100051
5851.3098696542 0.0212932
5853.8463380907 0.1135457
5854.7764933686 0.0301707
5855.1094167680 0.0249657
5855.3055584987 0.2548753
5856.7058313390 0.0626503
5857.5099703543 0.0147942
5857.7164418013 0.0986271
5859.0788285745 0.5065941
5859.3754454463 0.1353015
5859.8926316005 0.0113601
5860.4157278974 0.0340133
5861.2153310936 0.2528702
5862.7384443668 0.0177715
5863.9889323331 0.3346610
5865.8740717515 0.0172913
5867.8846079300 0.0155104
5868.0843620923 0.3302707
5868.6923094950 0.0145848
5869.1880898664 0.0824176
6007.2094209663 0.0945354
6008.9793938317 0.0921889
6009.4110023344 0.0128075
6009.6293000841 0.1941797
6010.2278521152 0.3195176
6013.8911173066 0.0661105
6015.1589265761 0.2595583
6016.9122468616 0.0148571
6018.3120172022 0.3265960
6019.9760176992 0.0211618
6021.0384169612 0.0136653
6021.8452544842 0.3162602
6023.4671471956 0.3538108
6025.7333477704 0.3646007
6028.5214892997 0.0129670
6028.7257790719 0.2522297
6031.5600675929 0.0131028
6035.7098519296 0.0216184
6037.0141199957 0.0142613
6038.1311586118 0.0156827
6041.4034705603 0.0758723
6043.7732084724 0.1528101
6055.3607777430 0.0455457
6055.7520592981 0.0207846
6057.6861545865 0.2570993
6058.9294003908 0.0104432
6059.8352131244 0.0123677
6064.3422658614 0.0158190
6064.5342842056 0.0725443
6066.3119620498 0.0594641
6067.1715128023 0.5002575
6078.5700747421 0.0169568
6080.1785163743 0.2735109
6080.6961176705 0.1336971
6083.1311436241 0.0769084
6083.3961868720 0.0121565
6084.4005261156 0.1421245
6085.7942058541 0.0290904
6086.7239098415 0.0102481
6086.9341426359 0.2201821
6087.9681037969 0.1201412
6088.3498931273 0.0112881
6089.5091583158 0.0204255
6091.2589675279 0.1215829
6091.6945610258 0.0132829
6091.9013834175 0.1891523
6092.8655212959 0.0854395
6093.5987803336 0.0400605
6094.4862881187 0.0275461
6094.8345014107 0.0359950
6095.3349360061 0.0905669
6096.0646673507 0.0475958
6098.3572574724 0.1021573
6098.7690554350 0.0131566
6099.9390159400 0.0378340
6100.3512704160 0.0227348
6101.9655663027 0.0207085
6103.8708722623 0.2778044
6104.4155464568 0.5383339
6104.8877280841 0.1873837
6106.8239978548 0.0286853
6108.2965797888 0.0151518
6109.8103034378 0.2666771
6112.7666332867 0.0768302
6113.3478981204 0.0580199
6114.6170238127 0.0127707
6115.0174954385 0.0134316
6117.8929572762 0.1367005
6118.6908938359 0.0234057
6121.0182306055 0.0118457
6121.2279189851 0.1399760
6121.4464294506 0.0338975
6121.9486615286 0.0224276
6122.7004277922 0.0225645
6123.9195041014 0.5746997
6126.7189880837 0.0583732
6127.9189617178 0.1602297
6128.9890078513 0.0132621
6129.1344979975 0.0117551
6129.3992524468 0.0131382
6129.6083159616 0.1675957
6130.4682620548 0.0109791
6130.6766203808 0.0961779
6131.8365111129 0.0561035
6133.2759617685 0.0425550
6133.5527010836 0.0359830
6135.6641263829 0.0113111
6137.0697489448 0.0554460
6137.4728433378 0.0249530
6138.3245116114 0.5349626
6138.6994819627 0.3194890
6139.4006596284 0.5006744
6140.1998324359 0.0306236
6143.4269353817 0.4946578
6144.1906363607 0.0594154
6146.7194843958 0.0725556
6147.1161836195 0.0118133
6147.9160440308 0.0157666
6149.5272802746 0.1295862
6150.9509464955 0.0545823
6151.8575665348 0.0481539
6153.1182026649 0.0190159
6153.3265030525 0.2402685
6155.9301887448 0.0998908
6156.8446974768 0.1760295
6157.3925623613 0.0117157
6157.7261149746 0.0333296
6157.9631392078 0.0122265
6159.4381436565 0.2518197
6161.0840192694 0.0248932
6162.4548264972 0.1628229
6163.0023138850 0.2711672
6163.8860418506 0.5481852
6165.2420631182 0.1225627
6165.4613462755 0.2778646
6166.8607517931 0.0150227
6167.0720936809 0.1632893
6168.1468993846 0.3273130
6170.7495489270 0.3973732
6171.2720706850 0.4770512
6172.2232470536 0.2467920
6175.0493211732 0.3434164
6177.0792750708 0.1514785
6178.5233011420 0.1979382
6178.9599275349 0.0448606
6181.7080918337 0.0182397
6181.9204212210 0.2237302
6185.2975958768 0.0183348
6187.4132760520 0.0274110
6187.8909564739 0.0203876
6188.4263553896 0.0639279
6189.1170803737 0.0121415
6189.7075616169 0.1363281
6190.7124465197 0.0265854
6192.8963507041 0.3032624
6193.2814108229 0.5212919
6196.1291440515 0.0200406
6197.1637331427 0.0249678
6200.9113850155 0.0683122
6201.2303306417 0.0112901
6202.0367712030 0.3385732
6206.3279457221 0.0459597
6212.3867972250 0.0185659
6215.1566001750 0.3927133
6215.5871490210 0.0383982
6216.8784636315 0.1449643
6218.0850917829 0.1393753
6221.0093722634 0.4160269
6221.9436882982 0.0266708
6222.2021796037 0.0491474
6222.5075175188 0.0418134
6223.0406522443 0.0372093
6225.7091477851 0.0699755
6226.2318064622 0.0415622
6228.4637628237 0.0756303
6229.2751923057 0.0217709
6230.7451111954 0.0122742
6230.9571251434 0.1300163
6231.8163484726 0.0431384
6232.4606239370 0.4890956
6234.3725467050 0.3132074
6234.9228861361 0.0329791
6239.0497696162 0.1182314
6240.1143784876 0.0678803
6241.5091320606 0.0155884
6241.6720596002 0.0114718
6241.8632483434 0.0161751
6242.0360704681 0.0288869
6242.3797539516 0.2022020
6244.5572407888 0.0752610
6244.8412534613 0.1876012
6245.5454654314 0.0969237
6246.2001120717 0.0895029
6247.3497164222 0.0961872
6248.0539367071 0.4108955
6249.2921686537 0.1107859
6251.3571199535 0.0212472
6253.5581870867 0.0970150
6254.2951973873 0.5060728
6255.5662675874 0.0413588
6255.9860339150 0.4295360
6257.6876209918 0.0643690
6258.0940862612 0.3966789
6258.6370014188 0.0257533
6259.6244827519 0.0181600
6259.8414282321 0.2900911
6260.4466858216 0.3016241
6261.3246308714 0.0323720
6262.6251267512 0.0173525
6262.8390171825 0.2597690
6266.8739096400 0.4158570
6268.0610442367 0.0221528
6269.4675287239 0.0127122
6270.2557816136 0.0169763
6270.5646000439 0.0229032
6271.7453191150 0.0194412
6271.9656596102 0.2007857
6345.0670734411 0.0134786
6345.6976050983 0.0145399
6345.9105377572 0.2325886
6348.8507375995 0.0408752
6349.6469753601 0.0153703
6352.2590526788 0.0100775
6353.3868599276 0.0105195
6356.5777955419 0.0129952
6356.7935230344 0.2642066
6360.4502254135 0.3432726
6362.1469331177 0.0105202
6362.5723604776 0.0413916
6364.1112489109 0.0371994
6364.4141203746 0.0139312
6364.6339150815 0.1213288
6366.1277137919 0.0624993
6366.4565298928 0.0266630
6368.2409696382 0.0605602
6371.2187249739 0.0216827
6372.1113176918 0.0324912
6373.1196436877 0.0304640
6380.0177660392 0.0668818
6382.5121906514 0.1814492
6385.4787053157 0.0104283
6386.4271877494 0.0475571
6387.4885464060 0.0256058
6394.3122794531 0.0606538
6395.3798444276 0.4718073
6401.7780188286 0.4360619
6402.0919866276 0.2622913
6407.5349302218 0.0155065
6409.0602144140 0.0411187
6409.8116575185 0.3649052
6410.4259544004 0.0117478
6412.6961704771 0.0163035
6413.4292592357 0.3970101
6416.3695668733 0.0309895
6416.7576648181 0.0830259
6418.7025277399 0.0798954
6419.4737794242 0.0258119
6421.4298712688 0.0260507
6421.7290710295 0.2787473
6423.1333857793 0.4238361
6426.6293035666 0.0226012
6431.6798436577 0.0102835
6432.6318351218 0.4351490
6434.4628328296 0.0642605
6435.2190683364 0.0232845
6438.1916633206 0.0257577
6439.4507637849 0.0128956
6440.8616264962 0.5767635
6442.7147384338 0.0107300
6607.7917284351 0.0148876
6608.7842190760 0.0187705
6609.8573494957 0.0622067
6610.9441452704 0.2785386
6611.4861807620 0.0193582
6615.2663846077 0.0255954
6615.6506034165 0.0300092
6626.6512218265 0.0140324
6626.8583593637 0.0615236
6629.3802761038 0.0640039
6631.8502339124 0.0290995
6634.2757791178 0.0230726
6635.2444460349 0.0538958
6635.5856687533 0.1887094
6635.9468946196 0.0658582
6636.9585012532 0.0535580
6637.5232928396 0.0145993
6641.5313815409 0.0467720
6641.7238854874 0.0347023
6645.4668296108 0.3668293
6646.9491605470 0.0125961
6648.7722526553 0.0310476
6649.9261567034 0.0248175
6653.6711762009 0.0115700
6655.6972644843 0.0240006
6662.9189443586 0.0254737
6663.1579490032 0.0110410
6665.0725044893 0.0926499
6665.2903110346 0.3578377
6668.3490734810 0.0123334
6669.2640063882 0.0194600
6669.5670458930 0.0271493
6670.2250181566 0.0143650
6679.8388953205 0.4590104
6680.4203234789 0.0112788
6680.6612810235 0.0120741
6681.9875222669 0.0146920
6689.3478482556 0.0101333
6697.8751018411 0.1124470
6698.1573666891 0.0307925
6700.5247046382 0.0665380
6700.9924629114 0.0155266
6703.5485165297 0.0130206
6705.1960794120 0.0117226
6705.4254819059 0.1232774
6706.3385477600 0.0127073
6706.9585045078 0.1128495
6709.2945502151 0.0134772
6712.1773284771 0.0642393
6714.9069061762 0.0521657
6715.5997523232 0.0420761
6717.2433809900 0.0509247
6718.0928708078 0.0298874
6719.5419883756 0.3591410
6721.4651419483 0.0131362
6723.6921922794 0.0658851
6727.2187327332 0.0433197
6728.5297370992 0.1279788
6730.8831919760 0.0135425
6733.9253239392 0.0160787
6735.0149003183 0.0590003
6739.8493109068 0.0476503
6740.0856410430 0.0136530
6740.7011152888 0.0131265
6741.3877042030 0.0432934
6743.4852002971 0.0201907
6744.7661206751 0.0102823
6744.9940894336 0.1104276
6746.9687083846 0.0197518
6747.4143104628 0.0137265
6747.8247212554 0.0154509
6748.8271854399 0.0137267
6751.7930741860 0.0136285
6752.0232848994 0.3185048
6753.7863155612 0.0103805
6754.5762556358 0.0809135
6755.3293032073 0.0100648
6757.4753391709 0.0361184
6769.6512292782 0.3492402
6772.9198111302 0.0527747
6774.1908402093 0.1354262
6779.2768225956 0.0157787
6785.5749018514 0.0301821
6786.1098988280 0.0109881
6788.3051199868 0.0113007
6788.7384259474 0.0547307
6795.1368984978 0.0272166
6795.4982468727 0.0255016
6797.9963770175 0.0246341
6800.3451408938 0.0203092
6802.4710918302 0.0169401
6804.4131278804 0.0116848
6805.8865658405 0.0442194
6806.1508705504 0.0307989
6808.7303703667 0.1152956
6812.1468486104 0.1243478
6816.8316874873 0.0628235
6821.4624280321 0.0136192
6822.2565330059 0.1108941
6829.8260229156 0.0102597
6830.4814916535 0.1709911
6835.1194157894 0.0179293
6838.8985747207 0.0355983
6840.7000090138 0.0373754
6841.4873937358 0.0107350
6841.7251832010 0.0958665
6843.2323220589 0.1733308
6843.9306368055 0.0550256
6844.5793812239 0.0856945
6845.3148025364 0.0106237
6845.5498807330 0.1658234
6849.4926372394 0.0103979
6850.4473438939 0.0222278
6852.3153650974 0.0111890
6853.5372390485 0.0147525
6855.4104087737 0.0112346
6856.7197609191 0.0351040
6857.0592924671 0.2411257
6857.6180143794 0.0335469
6859.1460559978 0.0598711
6860.0473194804 0.1456823
6862.1850160340 0.0191017
7419.4477138424 0.0288939
7420.4486809906 0.0132616
7420.7184159887 0.1483017
7423.6101178763 0.0308914
7424.3291192012 0.2763617
7425.5544869790 0.2097967
7425.8750821518 0.0210421
7426.6630592562 0.0241838
7427.8025686860 0.0205504
7429.5959445823 0.0113460
7432.5954167799 0.0462054
7432.8935643418 0.0429932
7433.6583796854 0.0155150
7437.6335528226 0.0451500
7439.6630213642 0.0106620
7442.2785246609 0.0123596
7442.6411421892 0.0376711
7442.9673254633 0.1307601
7443.8374697149 0.0154656
7445.0779322226 0.0918442
7447.8101014398 0.2840709
7449.4516532058 0.0725794
7449.9618135515 0.0273043
7451.3962181225 0.0186774
7454.1634883489 0.0134922
7456.0586082198 0.0241836
7463.5827562721 0.0781268
7464.3777832318 0.2602348
7465.4509237594 0.0134552
7466.3245718117 0.0161641
7474.8046250471 0.0180990
7475.6179547198 0.0292171
7478.1924346897 0.0203921
7478.4403741928 0.0263083
7479.6354014025 0.0228201
7483.5429096201 0.0147516
7483.7966947507 0.0154413
7484.0112079305 0.0251014
7484.2788418659 0.0269030
7486.3683537068 0.0146483
7488.7201376716 0.0143652
7491.6446149478 0.0258941
7493.7188586234 0.1704816
7496.4656151919 0.0220336
7497.1412970965 0.3183298
7498.1786547720 0.0170218
7500.6023971256 0.0455581
7506.3302463186 0.0114936
7508.0915892495 0.0284524
7509.3401293599 0.1545024
7513.0994082122 0.3337876
7516.2683762757 0.0260870
7517.9077360907 0.0130452
7524.8421998903 0.1985783
7525.2956722673 0.0216566
7527.1894619474 0.1989393
7533.2270714990 0.2518051
7533.8567319203 0.0178196
7535.4430486013 0.0153928
7542.5166169266 0.0285467
7543.9974456654 0.0172041
7548.2620169830 0.1057547
7549.9836884714 0.0391145
7553.1849058955 0.0182560
7554.2602544043 0.0107382
7554.5755474899 0.0127474
7556.9148218271 0.0170115
7557.6861032606 0.2586738
7561.7932369963 0.0405474
7565.0994852612 0.0306059
7569.2430027649 0.0129046
7570.9910111757 0.2132335
7571.6425325225 0.0133638
7575.5119811867 0.0185970
7576.1319865442 0.1744555
7584.2099629603 0.0184916
7585.8876659157 0.2567971
7588.1173031936 0.3055116
7761.4597365375 0.0158505
7762.7929319839 0.0161226
7774.0976107568 0.0661325
7776.3144690158 0.0571098
7777.5373932239 0.0453414
7791.0744378330 0.3019544
7802.1471987335 0.0603678
7804.6267843319 0.0234660
7810.0633222042 0.1318034
7812.9728106582 0.0327673
7813.2793105106 0.0341593
7822.9593540923 0.0104929
7828.9165817077 0.0212963
7834.3613813223 0.2878772
7837.4569592993 0.0893137
7838.2805725483 0.1111401
7840.2875242738 0.0132790
7841.6424296946 0.0112018
7852.1257080726 0.0700240
7854.8513072598 0.0146625
