3783.0048355021 0.6561915
3783.1985967351 0.4842593
3783.5123246675 0.5946307
3783.6872405597 0.7675275
3784.0680035137 0.1529780
3784.1632682816 0.1882810
3784.2605293877 0.1552557
3784.4336529657 0.2545104
3784.8850393942 0.2414544
3785.3338913364 0.2378374
3785.4428292846 0.1459439
3785.5552114170 0.2439675
3786.4135842282 0.1692694
3786.7925252677 0.6165158
3787.0217954747 0.7987542
3787.2622004427 0.8910724
3787.3984371993 0.3850482
3787.5354331731 0.3514522
3787.7593311369 0.9293563
3788.2492493808 0.7503681
3788.9431551937 0.9053876
3789.5158262862 0.2592672
3789.7742875268 0.6336949
3789.9379101561 0.3429520
3790.2589581964 0.8218665
3790.5124903889 0.5690973
3790.9007252842 0.4637969
3791.1823113816 0.8467165
3791.2931847976 0.6079252
3791.5644823647 0.6233802
3791.7347083908 0.5662259
3791.8445303043 0.5990800
3792.1797939705 0.2707688
3792.4559503012 0.3673061
3792.5828109892 0.6691954
3792.8199298749 0.5395269
3793.2304910345 0.6818966
3793.4235719972 0.5952110
3793.7575041221 0.5412023
3793.9077930646 0.5258882
3794.4248778972 0.6469108
3794.5629782858 0.6172208
3794.6783079219 0.6970294
3794.9524830337 0.5899667
3795.4230373884 0.8191676
3796.6113122555 0.4913150
3796.9748845459 0.2316727
3797.0906899078 0.2021475
3797.2553631798 0.3218027
3797.4639092548 0.1118470
3797.9626777060 0.2487724
3798.2222773201 0.2374933
3798.5998067499 0.7441296
3798.7985379784 0.2973405
3799.0312522723 0.5303707
3799.3446027076 0.3274750
3799.9763769580 0.1980454
3800.3340849654 0.2143103
3801.3898168870 0.1997601
3801.9285006108 0.1392539
3802.1885061187 0.2332785
3802.4408595898 0.5026385
3802.7616239693 0.6797095
3802.8958004581 0.5467959
3803.0679849387 0.6667867
3803.2064086110 0.1571537
3803.3611808395 0.5998470
3803.5725249017 0.1286078
3803.8647825500 0.2544969
3804.1598582210 0.2135509
3804.3355284887 0.4125446
3804.5606221938 0.4640993
3805.0925016741 0.5724780
3805.3700734615 0.1397160
3805.5696475098 0.0887880
3805.8727380667 0.5999513
3806.4268633511 0.7964869
3806.8337393789 0.1758859
3807.2995838458 0.6445004
3807.4991035131 0.4256734
3807.7966618277 0.8612533
3808.2326812605 0.9075979
3808.6266516618 0.7400987
3809.0190657701 0.4572476
3809.2156276819 0.6407605
3809.3677705650 0.5142283
3809.6023420814 0.4773593
3809.8153515468 0.8308656
3810.1325025868 0.6025001
3810.6659954502 0.6777963
3810.8049840377 0.4803089
3810.9760981112 0.1572707
3811.3696425806 0.1086387
3811.8405660240 0.7067357
3811.9891127860 0.1595702
3812.1240515829 0.6214460
3812.3853384952 0.5758321
3812.9768142625 0.4680478
3813.3227989718 0.2062410
3813.5455423926 0.1127893
3814.0492819603 0.8135073
3814.4749861551 0.3810421
3814.7204924122 0.6304517
3814.9883383941 0.6619247
3815.6155461980 0.7447467
3815.8719108687 0.5953073
3817.4293243095 0.6573744
3817.5513281412 0.2421051
3817.8278953154 0.3246689
3818.0121952949 0.3690127
3818.4729375778 0.2776347
3818.7282111508 0.6602755
3818.9288619304 0.3354734
3819.1584266238 0.0829701
3819.3211716941 0.5670893
3819.5592555520 0.2915252
3819.7103706106 0.4369945
3820.1497943599 0.3812024
3820.3252785418 0.4107108
3820.5855919083 0.3180550
3822.2699413359 0.6175510
3822.9222814178 0.4627550
3823.0738148092 0.4455309
3823.3758397017 0.4680646
3823.7280374445 0.1520099
3823.9520230167 0.3785633
3824.1457287097 0.3841299
3824.3025227798 0.2902947
3824.4429346224 0.0938775
3824.6004052287 0.7766202
3824.9734323985 0.5230560
3825.1683240613 0.4182910
3825.4017557811 0.4863711
3827.7169907736 0.2358069
3828.6690172711 0.3519261
3829.6276215456 0.4798205
3831.1595988448 0.2244245
3831.4493322115 0.1779054
3831.7225649395 0.3543321
3831.8531790633 0.3896128
3831.9536743577 0.5036498
3832.1242608930 0.5321001
3832.7859493261 0.5715080
3833.9714906691 0.4173174
3834.2929553215 0.1819158
3834.4026078285 0.5939908
3836.2698744871 0.4427584
3836.4538157403 0.3443997
3836.6385382369 0.2494580
3837.1788054342 0.5407397
3837.4257799773 0.6409054
3837.6102877594 0.5444638
3837.8587483498 0.2984865
3838.0055848479 0.3233674
3838.2302855913 0.4695908
3840.3475726168 0.5979990
3840.7162773190 0.3220292
3840.8846578924 0.4801784
3841.5300383504 0.7840809
3842.1434363151 0.7310212
3842.5466400136 0.2702999
3842.8225353577 0.4866205
3843.1398300381 0.7116629
3843.3003614436 0.1330248
3843.5406536808 0.0814418
3843.7318678758 0.3052756
3844.1016515283 0.6599127
3844.3541518618 0.7276639
3844.5511563238 0.2356885
3844.8088486084 0.5814316
3845.0923413832 0.6612953
3845.3278681445 0.6437539
3845.5377150179 0.3228939
3845.6602990575 0.1432855
3845.9822773730 0.3006645
3846.1110756893 0.4759222
3846.2772591984 0.7372243
3846.5634122183 0.8541896
3846.7899900849 0.5011106
3847.0848665447 0.6052524
3847.3811626544 0.3740713
3847.5079647729 0.6220544
3847.7459362144 0.5701237
3847.8992581705 0.6964998
3848.0455438069 0.6455170
3848.4117707067 0.2907966
3848.9397124480 0.6554189
3849.3896507131 0.6196957
3849.9393611103 0.4966982
3850.0972229799 0.6509618
3850.4522813207 0.3816709
3850.6301902152 0.4069927
3850.8533041780 0.3088197
3851.0682399140 0.7801263
3851.2541483101 0.4124284
3851.7500080680 0.2044968
3851.9188967580 0.7660800
3852.3809068337 0.6574337
3852.6320200226 0.4334461
3852.9502875303 0.3010457
3853.3067905247 0.5647186
3853.4966892820 0.7278274
3853.6729821403 0.7479494
3854.1312555602 0.2282041
3854.3031157363 0.4692362
3854.4470114582 0.3218067
3854.5792918987 0.6095269
3854.8212877901 0.2660189
3855.1552294706 0.2725928
3855.3315030662 0.3568890
3855.4637925600 0.4402197
3855.6680943173 0.3524590
3855.9519918312 0.4051255
3856.2128283466 0.1304854
3856.7113673205 0.6975557
3856.9447280795 0.6307054
3857.4727717721 0.7936143
3857.7610270237 0.3946469
3858.0221157583 0.1288846
3858.2405931776 0.4166594
3858.4278916256 0.1771336
3858.7763289767 0.5422998
3858.9818208088 0.4048535
3859.2337535037 0.3634109
3859.3983784042 0.8125973
3859.7838404406 0.2629167
3860.3139192642 0.5697430
3861.0095119338 0.7806160
3861.7201332773 0.3443103
3861.9354432387 0.1851994
3862.1097873214 0.1994061
3862.2610675933 0.4620133
3862.4386213116 0.3883911
3862.6706637079 0.2383136
3863.0732506499 0.3513520
3863.3161426103 0.1232289
3863.5889542064 0.4770207
3863.9192839995 0.1619944
3864.1630482385 0.3159539
3864.4960679430 0.6783856
3864.8337419595 0.6727138
3865.0771342734 0.2616701
3865.1995620309 0.5704327
3865.3992397702 0.6537334
3865.6032154883 0.4749154
3865.9694547909 0.6727516
3866.2408282383 0.4804073
3866.6263537815 0.7566773
3867.0864597738 0.3905580
3867.2200381449 0.1487321
3867.5347695980 0.5910795
3867.9268602135 0.4701923
3868.0736619667 0.1703620
3868.3191296967 0.7636856
3868.7268867516 0.6914535
3868.8674905126 0.2486322
3869.0244850295 0.4685683
3869.2159155583 0.3798643
3869.3401163911 0.3689029
3869.5199927735 0.5583914
3869.8705484053 0.5887561
3870.2593131922 0.4488153
3870.6768546196 0.7812738
3871.0211033131 0.6353219
3871.2538588401 0.5655671
3871.4596959917 0.3293009
3871.7859031517 0.3781863
3872.4888588885 0.3765318
3872.6504568178 0.1438440
3872.8566416021 0.6621719
3873.0003091750 0.3102970
3873.1653064197 0.5404336
3873.6079224226 0.7295506
3874.0348090030 0.4713214
3874.2083410204 0.8818423
3874.4550040630 0.2797942
3874.6662467966 0.4858828
3874.8650433309 0.8151179
3875.0554480612 0.8485503
3875.6207072637 0.6252893
3875.8673235368 0.6440685
3876.1814996560 0.6491533
3876.3799510928 0.6184048
3876.8791026929 0.6062015
3877.0074324377 0.3109177
3877.1540448217 0.8392240
3877.4054110440 0.3359138
3877.5427445931 0.5268552
3877.7759565605 0.3891960
3877.9402789754 0.7367412
3878.0771356309 0.6673627
3878.2991400117 0.3832987
3878.4421908300 0.3176112
3878.5733577448 0.3929553
3879.1216612185 0.6751283
3879.4125379901 0.2065316
3879.6784919242 0.7536909
3880.3031609926 0.5400200
3880.7857578878 0.6211227
3881.2955954165 0.1648100
3882.9763566016 0.8637721
3883.2486671779 0.6076698
3883.6319300216 0.5088693
3883.8062976291 0.4781941
3883.9713665759 0.3580275
3884.7372817097 0.2705616
3885.1895611172 0.0899023
3885.4697502794 0.8086920
3885.7207073209 0.5754987
3885.9404406931 0.1375952
3886.2927082442 0.5296539
3886.6183476528 0.7060151
3886.8590919974 0.2414346
3887.3967910139 0.7441463
3887.9048649886 0.3820811
3888.1545687884 0.7690176
3888.9891092058 0.0764177
3889.1393009050 0.1540404
3889.6235096718 0.7160772
3889.9305919463 0.4911875
3890.2131743515 0.2184783
3890.3317012865 0.1377734
3890.4499543702 0.3215120
3890.7756640872 0.4593937
3891.0335951048 0.4875935
3891.2930592921 0.4441298
3891.5008055119 0.5229645
3891.6678211851 0.3966432
3891.9484482449 0.6451679
3892.2957699637 0.4587037
3892.4845793235 0.2079304
3892.6116932967 0.3836441
3892.8834117083 0.2087824
3893.0336976365 0.6256029
3893.4150573326 0.2985571
3893.6929162650 0.4646335
3893.9915238217 0.6815391
3894.5015880697 0.7433452
3895.0232719059 0.6999960
3895.1920371391 0.8591056
3895.5931092353 0.3092572
3895.8028828798 0.0922158
3896.0880389377 0.7115163
3896.2002295275 0.1490096
3896.3431071398 0.1417767
3896.5548438467 0.3043596
3896.7679481201 0.7749732
3897.2362525220 0.1975848
3897.4514820400 0.0820777
3897.5812814574 0.3818954
3897.8812472564 0.1680022
3898.0783837429 0.0483651
3898.4199622516 0.0803773
3898.5623881287 0.6996942
3898.7555944024 0.0793862
3899.0010974182 0.7148071
3899.1212853335 0.8847311
3899.4956014822 0.4252634
3900.1387951782 0.6485341
3900.2497980420 0.3844474
3900.8196144280 0.7543864
3901.3161166291 0.1342866
3901.6471093386 0.7978212
3901.9378992664 0.3259577
3902.0677443699 0.5085722
3902.2620822835 0.0688765
3902.7009288807 0.5005507
3902.9726785709 0.5464151
3903.2056915806 0.0729627
3903.3660823125 0.6558588
3903.5353424951 0.2999481
3903.7436092293 0.2954911
3904.0580941243 0.7838457
3904.2590569466 0.1797718
3904.9978497199 0.7459704
3905.1816179542 0.2616030
3905.7389909492 0.2092658
3905.8951102813 0.6567703
3906.1192155754 0.2324393
3906.3071876463 0.2071571
3906.6404277034 0.5879277
3907.0105899006 0.3581663
3907.4050298238 0.5548566
3907.6018647556 0.8537526
3907.8581102861 0.6460550
3908.0700072327 0.2659905
3908.2163780277 0.1272081
3908.3401918358 0.0777358
3908.5876648821 0.7150527
3908.7837325957 0.3620730
3908.8801804944 0.2640257
3909.0469027026 0.7537766
3909.3806513789 0.3498539
3909.5265332979 0.0686119
3909.6492061499 0.2039175
3909.8684325490 0.7435044
3910.0355920424 0.4310951
3910.3935654829 0.2343353
3910.6125812983 0.1362101
3910.7713543474 0.6637372
3910.9520461878 0.6781626
3911.4416278927 0.5223902
3911.6406226430 0.4288103
3911.7745795572 0.2089046
3911.9532031100 0.6441838
3912.1061451713 0.5012704
3912.2888507482 0.3214273
3912.5198652731 0.0819056
3912.8120914283 0.2899890
3912.9292071853 0.5608504
3913.0957629851 0.4098577
3913.3998156433 0.3456436
3913.6927586272 0.0539925
3913.8907527900 0.0664429
3914.0884461548 0.5500468
3914.3603080968 0.2640381
3914.5750853941 0.8047115
3914.7450792018 0.7374389
3915.1193991243 0.3997616
3915.4165217811 0.6470323
3915.8473682058 0.1712558
3916.0736393907 0.0384372
3916.3263890860 0.2523230
3916.5852663887 0.3201659
3916.7228515432 0.4848597
3916.9262414166 0.6012965
3917.3523198635 0.5517789
3917.5115795773 0.5321781
3917.8453036178 0.7319917
3918.0889632375 0.1121081
3918.2962946901 0.8741584
3918.4663754250 0.1533122
3918.7095889795 0.1886352
3918.9812092777 0.0840960
3919.4294320422 0.6211128
3919.5309497397 0.7100611
3919.7560906660 0.7555082
3919.9983464632 0.0874846
3920.2737316551 0.7402675
3920.9319700500 0.1116570
3921.3738690527 0.7708932
3921.7383275730 0.2525545
3921.8391020884 0.1402008
3921.9503867833 0.4846614
3922.1554302954 0.7051487
3922.2959823887 0.1338775
3922.3888553651 0.3623114
3922.5383341854 0.5283749
3922.6626944089 0.3674434
3922.8267567705 0.4601218
3923.1899647587 0.1934918
3923.5371282059 0.2574195
3924.0279949105 0.6807836
3924.5877258166 0.1059218
3925.1767798683 0.0995759
3925.2843285820 0.1298129
3925.6420109264 0.6256869
3926.3195586001 0.4690830
3926.6467392261 0.1771900
3926.7619688132 0.6288713
3927.4360073976 0.1069985
3927.5720643045 0.2186520
3928.5616119709 0.1019996
3929.0395248263 0.7648083
3929.2006380967 0.3486133
3929.4493705288 0.2205391
3929.7568651402 0.4616336
3930.2358363356 0.3003225
3930.3331046432 0.3001238
3930.4687850348 0.1672844
3930.9951531791 0.4290807
3931.4181448145 0.7547414
3932.2376616392 0.2434471
3936.9387658980 0.3202968
3937.0891694750 0.3520375
3938.4493264267 0.3965406
3939.1227985198 0.1804646
3939.5232830208 0.3526872
3941.1571793300 0.2236070
3941.7757214715 0.0708174
3942.0014384640 0.7329064
3942.3973915114 0.5224566
3942.6104547749 0.5584301
3942.8539990478 0.5859746
3943.2683210981 0.1084793
3943.5599249857 0.6336240
3943.9574914383 0.0954619
3944.2251356887 0.2688664
3944.4628592864 0.4998034
3944.6975668979 0.0891285
3945.1297610546 0.7389897
3945.8478345020 0.4328870
3946.0094954346 0.5180020
3946.2371812673 0.5651325
3946.4502267120 0.5382987
3946.9699698583 0.2935488
3947.1310726065 0.1070303
3947.3127538422 0.0600553
3947.6595730494 0.0655372
3947.7684809048 0.1619641
3948.1168656615 0.6213558
3948.4996758280 0.4620873
3948.6526832965 0.6416770
3948.8882625923 0.6641898
3949.2200791702 0.6841361
3949.3985298960 0.2386109
3949.7949454848 0.7785129
3949.8979916129 0.5749973
3950.0171685887 0.4757077
3950.2512363425 0.3000816
3950.7257554263 0.0697255
3951.0766576369 0.7808225
3951.2543255207 0.0650131
3951.4716001561 0.4526635
3952.2876699683 0.7020663
3952.7468704730 0.1352196
3952.8858778940 0.1302369
3953.0810311514 0.4769182
3953.3117942682 0.1069558
3953.4429020090 0.2759384
3953.7303104731 0.6916090
3954.0521731157 0.5804905
3954.2714245810 0.4970863
3954.6185143458 0.3359392
3954.9797370583 0.4858538
3955.1758350349 0.0541387
3955.6542459605 0.2728463
3955.8349912929 0.2957665
3956.4575571181 0.6265584
3956.7343644725 0.0407630
3956.8722983874 0.0626663
3957.0788911746 0.5655818
3957.4581600014 0.7607645
3957.5820249365 0.6953923
3957.8034698295 0.7856386
3958.1563324590 0.7777566
3958.7476184934 0.3154810
3959.0557177864 0.5786288
3959.3316739138 0.8142902
3959.5348571450 0.2135139
3959.8598152783 0.2255256
3960.3062084758 0.0674322
3960.4165607678 0.0540722
3960.5782177358 0.0581434
3960.9532935678 0.1076413
3961.4048018833 0.4363630
3962.2706261143 0.2956447
3962.6507148987 0.8024389
3963.2824970384 0.2485542
3963.4919850602 0.3493105
3963.8387006997 0.1454349
3963.9787645672 0.5371317
3964.2308083645 0.5643748
3964.5559499763 0.1874169
3964.8114799242 0.5455521
3965.3968149932 0.4993500
3965.6436987965 0.4631683
3966.6345998221 0.2831175
3967.0518090148 0.1266556
3967.1909455335 0.5556734
3967.6316060177 0.2971697
3967.7533644919 0.3922713
3971.3911958204 0.2196335
3971.5190465978 0.2527914
3972.4529412454 0.4997282
3972.9490963395 0.1135611
3973.2967266404 0.4346765
3973.5727828212 0.2558873
3973.6930593536 0.2396878
3974.0395109887 0.1590371
3974.2657665026 0.1952166
3974.6876819557 0.6229082
3974.8172995471 0.6621465
3975.0237172944 0.2770565
3975.2892492315 0.1391197
3975.5230761436 0.4270462
3975.8783360421 0.6292146
3976.3333588916 0.3314469
3976.4742955790 0.1650638
3976.9696690629 0.3754632
3977.2096740303 0.3063267
3977.5145536523 0.3634319
3977.7818949662 0.7526339
3977.9881296499 0.5301844
3978.3123507722 0.1019735
3978.8720390109 0.7938264
3979.2847639483 0.1332565
3979.4734152641 0.2684986
3979.5853194458 0.4029332
3979.7874863101 0.5695559
3979.9820343559 0.0915763
3980.3150903490 0.0643664
3980.6445082231 0.5954697
3980.7668380974 0.4099976
3980.9148615791 0.1848586
3981.1362625564 0.1766324
3981.4286426535 0.0266911
3981.7567462070 0.2710922
3982.1065760431 0.1725317
3982.2283348795 0.3011774
3982.3587483754 0.2670705
3982.6273832660 0.1431720
3982.8958087523 0.8484495
3983.1203230454 0.4709358
3983.6100589700 0.6066335
3983.7190780017 0.5369873
3984.1279086160 0.3851465
3984.3236269130 0.4331071
3984.4846665366 0.1890898
3984.6678683663 0.2818519
3985.0732117929 0.8282718
3985.2786685437 0.4252664
3985.4634487865 0.4553467
3985.7908062643 0.3851689
3986.0658960064 0.3600164
3986.5060372622 0.6714174
3986.7156674447 0.0718055
3987.3039687062 0.6841050
3987.8868590973 0.6336538
3988.2155732847 0.6029087
3988.5044351973 0.1131583
3988.7350439502 0.3997901
3989.0948691329 0.1667764
3989.4438719906 0.0375346
3989.6446277100 0.2362033
3990.1185148380 0.4311822
3990.7278627188 0.1116976
3990.8910723860 0.8416283
3991.2371738603 0.1034102
3991.5020652795 0.6116843
3991.6984750369 0.2161563
3992.2472445855 0.6255324
3992.5613590102 0.2547450
3992.8159858114 0.5402341
3993.3751779058 0.4355338
3993.5174874781 0.2086630
3993.7692980855 0.1175534
3993.9558172330 0.5498568
3994.2282231595 0.3537851
3994.4267301382 0.0585234
3994.7396956775 0.1703994
3994.8648634646 0.1101187
3995.0940082451 0.4842361
3995.2487379426 0.6385237
3995.6467486933 0.6017089
3995.8133143823 0.4646200
3996.4447535059 0.8311539
3996.8782725331 0.2460468
3997.1172657288 0.6767876
3997.3984244970 0.3997511
3997.7231102835 0.2063061
3997.9176739070 0.2985705
3998.1005451771 0.6073722
3998.2412210473 0.2930638
3998.5260292407 0.7938586
3999.0368640870 0.8327416
3999.1899779565 0.7971424
3999.6124622097 0.2548408
3999.7714498140 0.8463881
4000.1059752456 0.3669779
4000.3641971987 0.1084906
4000.4789403678 0.1379964
4000.8061203425 0.0537357
4001.1586056273 0.0733172
4001.3860365599 0.5709505
4001.5944608985 0.5728480
4001.9395078424 0.0821978
4002.2880819783 0.4468664
4002.5771269262 0.3846456
4002.7987955158 0.7259502
4003.0824108964 0.0534263
4003.2042098106 0.1574946
4003.6162632906 0.1453758
4003.7964848556 0.2860185
4004.0569556825 0.4329844
4004.3981359920 0.0409557
4004.7304503265 0.0370650
4004.9038290153 0.5879856
4005.1443996759 0.0679565
4005.2980575539 0.0794526
4005.5136683152 0.0308701
4005.7331356442 0.0786334
4006.3855480385 0.7831510
4006.8372492744 0.4746694
4007.0908583941 0.1338347
4007.2865852237 0.4223049
4007.4469256695 0.6499409
4007.7611253886 0.6082829
4007.8971080618 0.6896085
4008.1260083985 0.4237397
4008.4094589862 0.7019744
4008.7232820489 0.0331727
4009.0616290689 0.2280070
4009.1778607535 0.2447537
4009.5542516833 0.0305978
4009.7347610106 0.0953170
4010.0540181057 0.8077632
4010.2806489728 0.3566230
4010.6799739870 0.3310573
4010.8384316245 0.8468997
4011.1096246249 0.0825135
4011.3084243325 0.2864763
4011.5016403817 0.0564498
4011.7203058900 0.4861131
4011.9078344737 0.3902199
4012.0658882970 0.3629849
4012.2232913105 0.0911183
4012.5454562406 0.5473124
4012.8488569589 0.4549560
4012.9974298662 0.0480884
4013.1484073318 0.0878340
4013.2866949621 0.2725551
4013.3863866086 0.2119015
4013.5215664372 0.6894889
4013.7428165137 0.0878136
4014.2205201555 0.0281897
4014.3676193290 0.0720229
4014.7650013164 0.6771056
4014.9453011652 0.7667137
4015.4041113542 0.4558480
4015.6626700817 0.8371793
4016.0631106416 0.1639234
4016.2863011888 0.1030929
4016.5109785549 0.2462287
4016.7414510555 0.5559219
4017.1304698639 0.0435933
4017.4157978490 0.1223471
4017.5574509226 0.5451643
4017.9361639802 0.1604146
4018.2741365230 0.7436982
4018.6014202636 0.4250585
4018.9097332476 0.2759256
4019.2376579571 0.8548914
4019.4033571959 0.6191025
4019.9656576119 0.0403598
4020.1880727423 0.4030124
4020.4312685833 0.2115675
4020.9503061076 0.0231124
4021.1838918486 0.5261531
4021.3991544516 0.3633661
4021.5321775738 0.3636678
4022.0384615790 0.7318017
4022.3329502774 0.0303816
4022.4706130828 0.1223583
4022.7544732344 0.5714086
4023.0033627575 0.8361602
4023.3658168396 0.4200597
4023.5778338475 0.2232946
4023.8778605762 0.4434755
4024.1405666820 0.1086659
4024.3588734548 0.0382333
4024.5218439561 0.4710364
4024.8234847284 0.5628863
4025.2371187006 0.4966306
4025.4613984460 0.0264059
4025.7133981464 0.6828614
4025.8663879607 0.7367945
4026.1441918058 0.2629561
4026.2685357837 0.6097472
4026.5628117846 0.3104538
4026.9574053552 0.4558212
4027.3019546070 0.3105890
4027.5695781739 0.4143606
4027.6765695677 0.3951308
4027.9073271197 0.0438705
4028.0376280661 0.0354443
4028.1898966742 0.5861846
4028.3867207178 0.0521191
4028.5229549554 0.1920679
4028.8064746993 0.3350506
4029.0754513925 0.1799896
4029.4807119376 0.5298247
4029.8998349071 0.3291454
4030.5665539052 0.0503504
4030.7784913623 0.7162895
4031.0074311439 0.0592800
4031.3280261135 0.6295289
4031.6348796518 0.6716100
4031.9034617870 0.9194465
4032.2462211220 0.1411375
4032.3797275900 0.2687103
4032.8924060327 0.5807729
4033.1039465993 0.6707681
4033.4076353039 0.0289371
4033.6014465067 0.4866422
4033.7756781316 0.7654239
4034.2141525815 0.9612120
4034.7462257303 0.3469460
4035.0483331448 0.0934044
4035.3674571382 0.3477107
4035.6311271858 0.9622598
4036.0070037466 0.1186881
4036.2571727458 0.1038786
4036.3841667547 0.1502205
4036.8664971071 0.7102491
4037.1182069705 0.0946946
4037.3809642824 0.0456912
4037.5119853750 0.2142591
4037.7018880212 0.0419645
4037.9057877069 0.2272731
4038.2622611006 0.3455072
4038.4375470664 0.0804712
4038.6949699060 0.0312773
4038.8225224229 0.1882364
4039.0417153783 0.0182221
4039.2576775394 0.1746452
4039.4365040919 0.0387696
4039.7698096522 0.2067314
4039.9293691381 0.4976126
4040.2320532835 0.3134449
4040.4373990206 0.0512684
4040.7018914218 0.0666982
4041.0810797909 0.3338806
4041.2331792377 0.4490466
4041.4467947783 0.1431286
4041.6533962453 0.1511711
4041.7835001617 0.6127542
4041.9247369391 0.3463406
4042.1909771098 0.0319164
4042.5109424380 0.8846638
4042.7923953674 0.4247941
4043.0574788271 0.1213476
4043.3865776953 0.0723266
4043.5089128219 0.0201797
4043.7300629357 0.1063098
4043.8959252037 0.0939868
4044.0474429911 0.1468069
4044.4776263823 0.1456387
4045.0460979239 0.5471615
4045.2828414772 0.1829652
4045.7528160365 0.6423675
4046.2634676837 0.3245616
4046.5392076859 0.4066767
4046.7503846662 0.3081623
4046.9647339862 0.6971475
4047.2065993118 0.2666848
4047.5921726064 0.1410116
4047.8931593130 0.1082770
4048.1473774902 0.0473048
4048.4504929745 0.3233654
4048.8109996173 0.1614104
4048.9399191600 0.1460382
4049.2100137807 0.1897846
4049.4996762190 0.0423398
4049.8979551920 0.8555815
4050.1408332570 0.1662026
4050.2862455939 0.1132633
4050.4751039026 0.5293434
4050.7059676165 0.2772979
4050.8713481559 0.2903700
4051.1761898270 0.0468944
4051.4686796183 0.1527074
4051.6343653283 0.1267309
4051.8215563427 0.4682993
4052.0972393999 0.0745377
4052.3330261837 0.1204443
4052.4819934324 0.2341144
4052.8726897099 0.0632089
4053.0566451195 0.6019604
4053.4425247487 0.4891057
4053.6186842801 0.6561099
4053.8388374875 0.5515735
4054.0830370342 0.3036467
4054.4135074444 0.5948710
4054.5724569258 0.1527755
4054.9702043527 0.5556698
4055.3284286435 0.3983320
4055.5831334102 0.2804609
4055.7011972092 0.2069229
4055.9864277104 0.7188613
4056.1786285702 0.7093248
4056.3533568404 0.1032316
4056.6934488319 0.8684133
4057.3408990653 0.1924316
4057.4931249211 0.3023011
4058.0703822381 0.0273831
4058.2177780012 0.0656389
4058.3580932124 0.3864836
4058.4962850883 0.4627948
4058.6542952781 0.5586739
4059.0910650824 0.3339254
4059.3584679765 0.7476946
4059.6064979338 0.0484626
4059.7395974788 0.2656034
4059.9064064914 0.6275728
4060.0738959722 0.7986162
4060.3584539954 0.1839366
4060.5245503723 0.3451990
4060.8665099113 0.5726975
4061.1029780166 0.0619680
4061.2217129854 0.0502836
4061.4135441749 0.4601333
4061.6315236246 0.1662418
4061.9088987517 0.2344618
4062.2423227710 0.4816951
4062.5791951830 0.1445166
4062.8741064891 0.4340781
4063.1035596523 0.3973427
4063.5932049709 0.7473297
4063.7889170786 0.0726566
4063.8998842574 0.0196999
4064.4337183883 0.4352225
4064.7504795138 0.8232241
4065.1923952912 0.2224630
4065.3597939938 0.3424369
4065.5988604456 0.5073572
4066.2355705659 0.4709757
4066.5329641282 0.5545465
4066.7311073555 0.1087150
4066.8541529263 0.1056038
4067.1513989411 0.1255047
4067.2786494423 0.2528188
4067.5169189785 0.6005647
4067.7358182373 0.6107854
4067.9579525027 0.1056144
4068.1262407611 0.7811508
4068.4239378463 0.7479537
4068.6383672769 0.1381635
4068.7494309544 0.1714550
4069.1355439231 0.7668684
4069.4731144025 0.0142169
4069.6948830047 0.3490322
4070.2160807390 0.3011526
4070.4229040120 0.1109418
4070.7579576156 0.2716115
4071.1713621499 0.0703703
4071.4254178123 0.5437196
4071.5940008314 0.0485892
4071.9257264567 0.6521914
4072.2441234052 0.1481950
4072.6840335887 0.3596287
4072.8964391155 0.7279925
4073.4867671789 0.1266570
4073.6571381180 0.5126548
4073.8496582929 0.0753155
4074.0431578943 0.0542718
4074.2698250247 0.0511135
4074.4903749147 0.0238491
4074.6331472833 0.1496212
4074.9169658692 0.7092477
4075.2021499929 0.0500366
4075.4829945716 0.1408482
4075.9407561153 0.5432033
4076.2541979752 0.3722675
4076.4673824106 0.2007339
4076.8539887172 0.0911370
4077.0977498447 0.4207177
4077.3758959006 0.4283761
4077.5120677745 0.1109617
4077.6483093868 0.6173641
4077.7866635020 0.7339125
4077.9603543345 0.4723521
4078.2348707220 0.1851126
4078.4999865900 0.2628506
4078.8762392421 0.8281158
4079.1150697224 0.2757525
4079.5143134125 0.7618291
4079.9707792486 0.1915876
4080.1782528845 0.0558898
4080.3850120236 0.8083268
4080.5618697877 0.7810950
4080.9941939688 0.7247133
4081.3651657347 0.6634086
4081.5934687135 0.0330347
4081.7313559500 0.0631729
4082.0318974451 0.5240224
4082.4064667148 0.4494537
4082.5788760569 0.0330327
4082.8866513768 0.0545867
4083.0302615422 0.0172933
4083.2651776942 0.5276555
4083.5891670390 0.6884416
4083.7466600984 0.1461683
4084.0947718076 0.7669193
4084.3717795677 0.1404164
4084.7818387717 0.5300817
4084.9124966487 0.6313190
4085.1553273250 0.1120019
4085.6510946537 0.6484447
4086.1632897137 0.6847639
4086.4500357763 0.7467267
4086.7152736498 0.0513301
4086.8677303140 0.0258727
4087.1371345787 0.3859304
4087.2845963460 0.2185457
4087.4582849582 0.6276446
4087.8622626882 0.3082443
4088.2525168071 0.5886105
4088.4303410328 0.0541130
4088.7487612202 0.0623130
4088.9495641213 0.1541758
4089.1738131498 0.0390904
4089.3164070647 0.0255077
4089.4505952696 0.0576262
4089.7148921717 0.4961090
4089.9579129049 0.0481435
4090.1768964965 0.0612554
4090.3753469236 0.5366273
4090.6033624100 0.0149442
4090.9233302968 0.0293545
4091.2316539261 0.4744774
4091.4757190551 0.2026012
4091.7195721689 0.4362394
4091.9017805061 0.0543338
4092.1119073418 0.4490553
4092.7116798682 0.5056787
4093.1398035623 0.0668402
4093.4374597033 0.4617642
4093.5478445402 0.6696755
4093.8193652001 0.7344260
4094.1964516362 0.0744822
4094.4224667243 0.0409621
4094.6352746452 0.0425039
4094.7719743119 0.0403259
4095.3433138145 0.0180908
4095.5776152835 0.3041224
4095.8445804142 0.1144459
4096.0943972659 0.5985860
4096.6357581546 0.3499078
4097.1342996048 0.7383323
4097.2625453704 0.2763623
4097.3708119953 0.4250376
4097.8432604563 0.2319513
4098.2355800400 0.4871345
4098.6131435013 0.0790446
4098.8052444962 0.1733254
4099.1219975375 0.2547891
4099.3373391180 0.6506383
4099.6981153965 0.6709790
4100.2054213609 0.1791888
4100.3252353211 0.1273841
4100.5731291062 0.0418265
4100.9466519749 0.6446175
4101.1518320071 0.1419415
4101.3197350493 0.4812965
4101.4982357665 0.2649098
4101.9019624357 0.7415143
4102.0834340614 0.1022372
4102.2620984323 0.1466139
4102.4235100759 0.4214280
4102.8398741664 0.2906803
4103.3117398107 0.2118823
4103.5318481548 0.1051045
4103.7268331708 0.0598234
4104.0997303629 0.6999095
4104.4633771636 0.1425082
4104.6182094666 0.1082437
4104.7663605202 0.2073545
4104.9849195906 0.0282648
4105.2909975886 0.6940766
4105.4719614251 0.0571972
4105.6086952798 0.1945582
4105.9122783356 0.1218281
4106.1028107484 0.2415888
4106.3212414570 0.6105413
4106.5286307244 0.0806328
4106.8671567023 0.0235340
4106.9829615576 0.0792456
4107.1901570852 0.0177032
4107.4209404499 0.5514441
4107.5883937208 0.5337304
4107.8662536941 0.1543658
4108.1047301444 0.1318826
4108.6526859300 0.7704593
4108.9229715816 0.0551388
4109.0288755255 0.0877540
4109.2941378422 0.3254503
4109.6888281842 0.5009509
4110.0713608633 0.2156282
4110.2190919318 0.5896311
4110.6126506197 0.2352333
4110.7410174675 0.1474732
4110.9556801754 0.8226163
4111.4710470757 0.0777780
4111.6961241820 0.7684796
4112.0271633897 0.3199862
4112.5171822748 0.3476636
4112.9456215334 0.8396724
4113.2420449276 0.0387407
4113.4816634848 0.4629390
4113.7281086904 0.0379633
4113.8750283297 0.5341034
4114.1107528480 0.6748521
4114.3810660057 0.1181925
4114.6699820962 0.0453213
4114.8025096369 0.0599855
4115.0176438036 0.0725564
4115.2717956599 0.1186863
4115.6114227341 0.7112672
4115.8922488279 0.0276295
4116.1025996731 0.5042532
4116.3379054249 0.7599850
4116.5388747834 0.0575165
4116.7097040678 0.0408448
4116.8370435912 0.0375513
4117.0416088423 0.1214167
4117.1420646944 0.2220526
4117.3783901347 0.0538067
4117.6479920015 0.6247441
4117.8686999618 0.2379777
4118.1173559330 0.2785984
4118.3186464078 0.0137955
4118.4506806922 0.0272341
4118.7283051722 0.0291186
4119.0189038210 0.4385730
4119.3316538327 0.1801346
4119.7135181890 0.7749732
4119.9444428383 0.8035514
4120.5639470752 0.4432429
4120.8318769491 0.1227107
4120.9589336017 0.1212910
4121.0785269693 0.1483176
4121.3745205054 0.7117113
4121.7791192918 0.1959123
4121.9872920140 0.1166410
4122.2240562161 0.0495369
4122.4865848079 0.8870817
4122.8039897455 0.1146966
4122.9695889362 0.7169400
4123.1574186307 0.0889389
4123.3134943170 0.2730377
4123.6835049671 0.6916646
4123.8262312168 0.3005086
4124.1817886318 0.0510640
4124.4002030699 0.3232370
4124.6743257724 0.5943554
4124.9147680520 0.7302253
4125.0896185684 0.1830689
4125.2497567408 0.0431159
4125.6543977276 0.2390582
4125.9447699793 0.1572514
4126.0743841757 0.1002609
4126.3818067050 0.0576802
4126.6027201407 0.0448610
4126.7919586484 0.5485274
4127.0497628896 0.5444981
4127.3536187362 0.6966969
4127.6800543891 0.3990141
4128.0258982474 0.2859398
4128.4301998821 0.0887554
4128.7775319319 0.7079136
4128.9657057130 0.6499609
4129.2414542490 0.7572321
4129.4727524294 0.0899900
4129.9047067527 0.2466959
4130.0510347813 0.0466856
4130.3473817760 0.5343190
4130.6288592153 0.3530007
4130.8910837305 0.2663259
4131.1996103779 0.5005996
4131.6244625248 0.0628017
4131.8208974938 0.2011795
4132.0172531321 0.0631997
4132.2839307764 0.2540076
4132.5215193692 0.1290181
4133.2308083685 0.7039548
4133.5691326479 0.0562740
4133.7027860486 0.4849250
4133.8809807205 0.2563718
4134.0738270018 0.7824155
4134.5127058914 0.0584505
4134.6239173223 0.0895860
4134.7762329240 0.3189057
4135.0188365244 0.6295209
4135.1689960815 0.1044672
4135.3510837451 0.1700027
4135.6307885382 0.6097034
4135.8486815047 0.8072006
4136.0750213748 0.1453792
4136.2040041437 0.1446179
4136.4514613080 0.1199136
4136.6230637653 0.1364750
4136.8991940439 0.2438138
4137.0908609295 0.0415479
4137.2548456113 0.0222207
4137.6954011786 0.5816448
4138.1696969588 0.6967561
4138.4418468768 0.2516961
4138.5820291523 0.4297227
4138.8236695058 0.2402110
4139.1471195885 0.1355596
4139.2839605590 0.0616614
4139.5200659730 0.1838036
4139.6452585612 0.1210457
4140.0108644831 0.1530912
4140.2517439692 0.1714154
4140.4025269843 0.0800656
4140.5516722804 0.0500291
4140.7373246039 0.0694083
4141.1038500492 0.6988263
4141.4065995912 0.1838821
4141.5793503346 0.4878621
4141.9100376793 0.1280680
4142.2302877593 0.1631029
4142.4668574591 0.0148157
4142.8061265747 0.0860078
4143.0381677484 0.5236572
4143.1922768978 0.0668113
4143.3484678328 0.3283317
4143.4712404096 0.2040097
4143.6306286429 0.2748318
4143.7582533416 0.4277751
4143.9917911388 0.0813814
4144.2233893681 0.0959335
4144.5901331581 0.7010315
4145.0436258152 0.6982509
4145.6937284745 0.0859677
4145.9075014841 0.0728059
4146.0213984264 0.1113568
4146.1682553076 0.1173529
4146.3733419711 0.2844690
4146.7209139608 0.1336837
4146.9321134671 0.2599795
4147.2338541352 0.5223697
4147.3816407111 0.1252811
4147.5354180274 0.0498372
4147.6575114592 0.0596062
4147.8726505494 0.0830247
4148.1581500821 0.3633625
4148.3783756261 0.1210116
4148.5153054273 0.4056766
4148.6608156777 0.2966962
4148.8453052854 0.8189506
4149.4076026437 0.0922617
4149.6621095251 0.1021738
4149.9465547245 0.1351447
4150.0811941566 0.0807557
4150.3675014148 0.2732025
4150.5372697455 0.6216614
4150.9352894674 0.4401576
4151.4236716571 0.6138244
4151.6097156852 0.2603737
4151.8688359092 0.0732348
4152.1376838537 0.2911806
4152.4277053189 0.0419654
4152.5997987811 0.0171704
4152.9396095790 0.2065223
4153.1232796764 0.4104159
4153.3431568455 0.6965253
4153.7165450569 0.1841412
4153.9394961126 0.2076562
4154.0993438161 0.0753761
4154.2219041550 0.1066760
4154.5584981628 0.3140411
4154.7935034295 0.1559645
4155.0772840932 0.7150665
4155.2738360600 0.4910429
4155.6779927018 0.7381843
4155.9827644900 0.7097235
4156.2174794826 0.0845118
4156.3710289171 0.0332858
4156.6173451017 0.0763872
4156.7901228275 0.0453791
4157.0892384648 0.2651928
4157.2538903008 0.2296850
4157.4788243109 0.4595222
4157.6265661640 0.4090202
4157.8453151530 0.4495274
4157.9777517639 0.7229415
4158.3702557470 0.1932554
4158.6172937537 0.0485221
4158.9604484601 0.6934699
4159.1916214182 0.3369794
4159.5597632269 0.2875069
4159.9687905258 0.6693428
4160.3588047107 0.6061286
4160.5858215209 0.0411898
4160.8224211040 0.1997818
4161.0403722079 0.1976843
4161.2618742732 0.1782235
4161.5388837222 0.4419740
4161.7313981778 0.2750437
4161.9538078919 0.1637016
4162.2557022067 0.4586150
4162.3851041253 0.3109719
4162.6886368705 0.5988235
4162.9737798744 0.1142963
4163.2460041815 0.0460747
4163.4613429736 0.0500587
4163.6372504469 0.2570107
4163.8357405517 0.2585774
4164.1036264026 0.0707069
4164.6479881481 0.1677113
4164.8302369154 0.7033556
4165.1975825874 0.0502683
4165.4585049845 0.3445477
4165.8192409946 0.2536523
4165.9541588022 0.2272831
4166.2895145682 0.3639346
4166.5631091299 0.5829412
4166.7574134904 0.3436928
4166.9551673157 0.0535155
4167.2477631410 0.0738074
4167.4825946095 0.1402707
4167.8723789011 0.1046316
4168.0161653059 0.0793793
4168.1518202985 0.0828647
4168.4512458368 0.5639159
4168.7389512222 0.1433789
4168.8914946841 0.2006083
4169.0368871909 0.3697220
4169.1411785796 0.5121270
4169.6468095943 0.1641158
4169.7952630644 0.3812357
4170.1217864017 0.5283369
4170.2692727886 0.1050872
4170.4919678585 0.1297579
4170.7907180037 0.2955101
4170.9422585444 0.3154351
4171.3219534979 0.1968565
4171.6668230393 0.0954635
4171.8208969751 0.0260125
4172.0844123322 0.6791067
4172.2205870243 0.6034331
4172.6056363248 0.0606786
4172.8727063853 0.5414129
4173.0821682981 0.5044058
4173.6723425066 0.3911113
4173.8195051016 0.4045060
4173.9237966233 0.7634468
4174.1457341392 0.3341532
4174.3390826176 0.0174392
4174.4948506101 0.6148750
4174.6673271948 0.6450675
4175.1068187092 0.7447130
4175.5806823095 0.1710514
4176.0948317471 0.8054382
4176.3080405464 0.3727185
4176.5136416908 0.0422868
4176.8187040919 0.7778854
4177.0888245189 0.3069500
4177.4526978961 0.1375716
4177.7493653870 0.6789944
4178.0463049298 0.2042401
4178.2551177085 0.2981024
4178.5112587711 0.3161343
4178.7575779380 0.7785772
4179.0261918929 0.2873637
4179.2270038342 0.5334696
4179.4131409967 0.1233859
4179.5725071575 0.1753156
4179.7899647856 0.1243197
4180.0371109311 0.5353610
4180.5595336919 0.5785580
4180.9908239999 0.1590498
4181.2068651882 0.1110029
4181.5785591153 0.3505223
4181.9924313270 0.6008927
4182.3720530353 0.1498261
4182.5391014039 0.1165436
4182.7357753939 0.4307183
4182.9415229641 0.7535121
4183.1480041171 0.4885378
4183.5659077800 0.6693868
4183.7636174827 0.1156391
4183.9425220728 0.4776230
4184.1877196030 0.3373096
4184.3709231012 0.1029024
4184.5094578920 0.2951122
4184.6377577380 0.3923069
4184.8120078779 0.0847179
4185.1759106089 0.5445440
4185.4885365392 0.3533064
4185.6451943750 0.1387044
4185.8159690343 0.0358862
4186.0774421367 0.7551484
4186.5439203493 0.1311791
4186.7408784383 0.1276333
4186.9512678910 0.1552500
4187.3031892031 0.4509188
4187.5229372817 0.2311349
4187.8008309344 0.4127110
4188.2263647501 0.7420296
4188.7786150903 0.5402164
4188.9867702093 0.7066019
4189.4973894700 0.0366603
4189.9166757207 0.6039293
4190.1556839655 0.2528678
4190.7445077771 0.4265920
4191.0070674620 0.1754832
4191.1666196021 0.1625951
4191.3131718816 0.1765343
4191.5647269801 0.0286184
4191.8938091493 0.5820544
4192.0757914651 0.0611090
4192.6175952366 0.7347835
4192.8623098622 0.5628252
4193.1972259445 0.2271419
4193.5950596553 0.0932581
4193.7530072867 0.5038210
4194.0979674760 0.1238548
4194.3099861650 0.0455619
4194.4541349365 0.0409621
4194.6056491107 0.1378442
4194.8417178006 0.3352449
4195.0069100840 0.2240121
4195.4455763327 0.1212086
4195.6717630207 0.1863088
4195.9173818778 0.2299594
4196.0307037521 0.2248190
4196.1770881716 0.2694874
4196.5192272354 0.7282571
4196.8080579221 0.5377101
4197.1332569821 0.2093085
4197.3935202339 0.6836823
4197.5741847495 0.0855241
4197.7269555161 0.4919244
4197.8546091721 0.2268191
4198.0767722675 0.1106988
4198.2787088856 0.5588637
4198.4195287669 0.1370571
4198.5459175115 0.1157487
4199.2660041452 0.5579171
4199.4797244068 0.7544697
4199.8195317651 0.5915338
4200.2881252789 0.7724832
4200.5423709062 0.1528518
4200.9192766016 0.0227382
4201.1650182182 0.5568690
4201.6426076663 0.3057637
4201.9481008439 0.4212335
4202.1123199186 0.6477954
4202.4288662376 0.0556623
4202.9063985441 0.2785243
4203.2207735647 0.7140582
4203.9406177936 0.4300327
4204.1195244246 0.0894203
4204.3150933885 0.3038253
4204.7612395832 0.5442055
4204.9675668412 0.0334688
4205.1616523267 0.8468679
4205.3929980910 0.1786719
4205.6574759009 0.1338784
4205.9367444229 0.5428346
4206.2417131902 0.3988514
4206.5843060124 0.2550088
4206.7268982954 0.5670797
4206.9232431558 0.0375407
4207.0968935302 0.1013693
4207.4755978916 0.1230093
4207.8824062697 0.8142627
4208.0899558621 0.0780446
4208.3169282224 0.6827316
4208.5961603490 0.4087698
4209.0044558200 0.1835749
4209.3194909746 0.0914202
4209.5490636089 0.1020243
4209.7934493815 0.6804508
4210.0210584210 0.0605948
4210.1719867647 0.3036665
4210.3838684468 0.0293507
4210.5576881790 0.2563068
4210.6862076215 0.1306493
4211.0172996435 0.3269585
4211.5486345347 0.8320738
4211.8272364609 0.1114831
4212.1537782606 0.5631203
4212.5339159789 0.1563131
4212.6976747124 0.0248320
4212.9279593779 0.1533396
4213.0824851783 0.3811909
4213.4226380330 0.0893417
4213.5876084054 0.0613993
4213.8274891209 0.5691252
4214.0435651383 0.0595365
4214.1786991795 0.0401294
4214.3412315526 0.1117429
4214.8397393467 0.7186517
4215.0859755421 0.2205941
4215.5397807640 0.1147362
4215.6871309731 0.0796205
4215.7959777251 0.0872571
4216.0344663982 0.1438496
4216.2540594014 0.1882418
4216.7229103058 0.8105742
4217.1612917029 0.4245642
4217.3786810190 0.8599972
4217.7867613835 0.3699461
4218.0872667692 0.0211258
4218.2296400238 0.0662624
4218.4142018035 0.5418030
4218.7457803575 0.7253165
4219.2367101144 0.0596644
4219.4121553919 0.3147789
4219.5724546135 0.3507766
4219.9146965188 0.5764622
4220.3935993016 0.3288576
4220.5672735353 0.8086138
4220.9146063090 0.0282278
4221.2400681917 0.2972898
4221.5349962890 0.6099356
4221.8238436203 0.0763557
4222.0051002060 0.0366555
4222.3726023277 0.0506012
4222.4836079805 0.0420328
4222.6562067939 0.3674467
4223.4101056712 0.7564078
4223.7882397471 0.1518140
4223.9206991433 0.1799358
4224.0713145664 0.0523207
4224.2774549475 0.3285384
4224.4259754309 0.1247233
4224.9219600303 0.2364281
4225.3665682421 0.6742429
4225.7016344044 0.5834666
4226.0482208221 0.4979203
4226.4175955736 0.1267674
4226.6507022275 0.5840889
4226.9089482323 0.2865285
4227.1536271452 0.4877923
4227.6290977058 0.2346143
4227.9268970573 0.7461773
4228.6250950412 0.6096086
4228.9421687652 0.1720177
4229.1316847266 0.3076337
4229.7592759954 0.0251996
4229.9110801755 0.2165233
4230.2369438098 0.0353733
4230.7117529548 0.5593707
4230.9614030682 0.6570660
4231.1011148640 0.4574901
4231.4426587078 0.0598838
4231.7615729400 0.2420281
4232.2159510339 0.5910723
4232.8530876899 0.3018032
4233.1453160570 0.2823235
4233.4060243776 0.0871336
4233.5995389836 0.1488145
4233.9228504143 0.6072720
4234.1164623265 0.4395161
4234.3621971064 0.5814964
4234.8032258612 0.7421413
4235.1905283983 0.1643493
4235.4170072529 0.0525688
4235.5888453587 0.0290937
4235.7330995410 0.1777292
4236.0808389204 0.0180860
4236.3349527533 0.5209100
4236.4819014537 0.5676713
4237.1413693590 0.6885471
4237.4507002044 0.2542825
4238.0080237380 0.3440360
4238.1384030082 0.1468447
4238.3852372122 0.6785333
4238.7220441555 0.0312582
4238.8692221881 0.2366045
4239.2202496570 0.6535323
4239.4193183678 0.0433102
4239.5836775832 0.1921088
4240.0092444398 0.7777529
4240.5546792188 0.4464207
4240.9266697865 0.5970116
4241.0472720611 0.4317598
4241.3962570276 0.1712282
4241.5801731212 0.5830387
4241.8968048715 0.2651722
4242.1545400536 0.0185625
4242.3156703033 0.4053594
4242.5177132387 0.0602433
4242.7099311138 0.1071513
4242.8847484890 0.0495719
4243.0267132156 0.0232964
4243.3575972717 0.2832287
4243.6180637032 0.5030062
4243.7989324086 0.5043132
4243.9265892079 0.5157759
4244.5706168343 0.3919163
4245.0162721288 0.3981746
4245.2419621883 0.0803732
4245.5701123603 0.1325956
4245.9999776197 0.0323620
4246.2817598338 0.1942559
4247.2749202950 0.6398162
4247.7065502319 0.0155639
4248.0327000128 0.8524305
4248.3053941528 0.0281577
4248.6272807450 0.5984642
4248.9219850774 0.3257365
4249.2560709852 0.2065640
4249.4289621005 0.5895592
4249.6122643708 0.2532759
4249.9244095162 0.4988844
4250.1357544734 0.4582959
4250.3095307521 0.0931252
4250.6912017424 0.4109457
4250.8308844755 0.4440198
4251.3247833982 0.6705738
4251.6563167297 0.0344248
4251.9899604662 0.6895662
4252.5337117782 0.1957173
4252.8210296364 0.0982599
4252.9404638118 0.1109726
4253.0753136871 0.0355869
4253.2558173757 0.0993956
4253.4995999082 0.3275136
4253.6579625107 0.0508709
4253.9510520870 0.2905774
4254.2008039485 0.2885459
4254.4053157354 0.3117027
4254.5671700560 0.0530928
4254.7262954699 0.0849124
4254.9378423656 0.2841370
4255.1060919268 0.3185049
4255.5417169514 0.7852548
4256.1732417534 0.5704178
4256.4496423390 0.4531139
4256.7036330876 0.4761738
4256.8308187719 0.4231099
4257.0347293538 0.5729870
4257.3815099613 0.3107558
4257.5179010346 0.1375795
4257.8019870614 0.1459902
4258.0065198878 0.2835400
4258.3306443347 0.0102679
4258.5489453089 0.0735448
4258.8573176982 0.4849234
4259.3695992719 0.3097734
4259.5198439465 0.7526510
4259.6876221980 0.2628166
4259.8156832744 0.3107409
4260.1547073191 0.4087455
4260.2931777308 0.2334261
4260.4996928507 0.3859846
4260.9638060730 0.2105945
4261.2073761097 0.5674317
4261.3274095779 0.4282247
4261.6824624168 0.6728142
4261.9237221374 0.2318843
4262.4198391222 0.4233923
4262.7326639477 0.4678659
4262.9340291671 0.4289601
4263.1753946071 0.5085903
4263.5442332118 0.2166079
4263.7844525414 0.1379158
4263.9101946713 0.1920812
4264.3367791509 0.4534100
4264.8073923906 0.2442911
4265.1755170410 0.2932720
4265.4202104183 0.6671264
4265.6635607630 0.3341987
4265.9371986467 0.4990019
4266.1178432648 0.1161314
4266.4629628526 0.5049769
4266.7311826937 0.0740139
4266.8801284029 0.1681776
4267.1224142297 0.4765441
4267.4082614939 0.0972829
4267.9408603699 0.1872636
4268.1663855637 0.6731634
4268.5890838717 0.4633718
4269.0223359841 0.6623170
4269.3075622679 0.4677138
4269.6259192886 0.0322304
4269.8339345830 0.2733501
4269.9563307076 0.5342632
4270.1133005480 0.0762842
4270.4961144790 0.2202724
4270.6839204234 0.3418130
4270.9351208179 0.2173586
4271.0484073793 0.2943867
4271.3682293479 0.3431592
4271.7053571650 0.1185188
4272.3641629308 0.6197836
4272.9715793634 0.6776698
4273.4890594217 0.1362726
4273.6276076036 0.1226809
4273.7451552665 0.2793998
4274.0869178859 0.2671016
4274.3240751141 0.0302004
4274.5384579572 0.4954034
4274.6810200248 0.4438570
4275.1019926038 0.6074685
4275.3919812384 0.4221264
4275.5958055977 0.0736787
4275.8064818180 0.4789491
4276.0107515848 0.8406264
4276.5855583883 0.1099337
4276.8796567354 0.4629454
4277.2910430997 0.1761988
4277.4730667411 0.1761753
4277.6363541482 0.2799118
4277.8785007622 0.4714056
4278.1906414434 0.3542621
4278.4364977932 0.2601227
4278.7339894650 0.3329517
4279.4330916968 0.4884763
4279.6388706141 0.0338665
4279.8837086481 0.0829357
4280.0492016370 0.3434317
4280.2675813270 0.3148947
4280.6917316336 0.5405720
4280.9249385817 0.5916876
4281.0760503414 0.3600926
4281.2345839521 0.4367206
4281.4200423400 0.3978205
4281.6075832956 0.2194588
4281.7180133825 0.0886964
4281.9861357996 0.3549507
4282.1630927737 0.2941084
4282.3036818684 0.5674248
4282.5769786264 0.3741379
4282.8000916635 0.0809246
4283.1745852229 0.5204884
4283.6161589560 0.8274729
4283.9200492078 0.3208145
4284.2207939233 0.8536014
4284.6118237423 0.0822247
4285.0883952786 0.0485710
4285.2727868699 0.2841675
4285.4328792237 0.5545235
4285.6134221536 0.2463064
4285.8908006994 0.4392663
4286.0390953624 0.3123404
4286.2094756114 0.5469233
4286.6498736724 0.7433174
4287.0120453701 0.4788148
4287.2292612121 0.6345266
4287.3973083488 0.4674534
4287.6745171025 0.6131325
4288.0877682403 0.5765359
4288.2116905678 0.5997967
4288.6148729298 0.6652417
4288.7694377533 0.0931138
4289.0945959345 0.6029592
4289.3584048879 0.6095157
4289.5957465536 0.0415446
4289.9399377799 0.5311993
4290.1660411918 0.5082695
4290.2863985034 0.6556459
4290.5763537123 0.8173290
4290.9311447871 0.8382329
4291.1199048125 0.3931616
4291.4284595125 0.7040995
4291.5880688945 0.5396545
4292.3307190123 0.1621040
4292.6762797235 0.8241938
4293.3279235086 0.5400640
4293.4992477522 0.4806828
4293.8720210402 0.0448194
4294.3191975109 0.6309682
4294.7557354155 0.1227633
4295.0128537576 0.2706135
4295.3389337217 0.8434798
4295.8410032386 0.1477390
4295.9894521999 0.3511832
4296.2447725508 0.4837560
4296.4291615421 0.6051560
4296.9618587649 0.6237043
4297.0933581105 0.3668603
4297.4193201470 0.2878695
4298.1662419604 0.4828145
4298.4843069724 0.5979835
4298.7342292272 0.5038956
4298.9531466199 0.3408113
4299.2387976501 0.7288834
4299.4001955988 0.4292350
4299.7218275707 0.1204325
4299.8811470033 0.6924274
4300.0191936124 0.2807108
4300.2015163040 0.6779531
4300.4520425799 0.6204434
4300.6910330428 0.1794136
4300.8516881874 0.3687238
4301.0377332186 0.2179139
4301.2613019770 0.6188273
4301.5216658411 0.3471078
4301.7763050702 0.6963166
4302.0268872429 0.3824230
4302.2999360437 0.6147573
4302.7081915791 0.0945172
4303.1353705515 0.6978742
4303.4204879575 0.5382272
4303.7449344062 0.8560609
4303.9655840800 0.2590970
4304.1202065710 0.3922147
4304.3782899392 0.4982916
4304.6364288324 0.4403917
4304.8096508251 0.4165114
4305.4678921760 0.3796104
4305.6017347435 0.4456257
4305.7775701643 0.6019473
4306.0597143723 0.3901616
4306.3177159316 0.5115698
4306.5399802029 0.2255925
4306.6635780070 0.6709443
4306.9206188144 0.3492959
4307.1296552478 0.7158685
4307.3569516135 0.5258970
4307.5678957890 0.0590045
4307.9164555261 0.1058134
4308.0598702827 0.5574293
4308.5217194148 0.3751888
4308.8083539077 0.4059700
4308.9626551280 0.5150846
4309.1181922134 0.6671026
4309.7983960950 0.5206972
4310.1192531503 0.4024517
4310.2583248462 0.2683419
4310.5965012273 0.6499465
4311.0673062609 0.3792853
4311.3182644643 0.5449147
4311.9108677638 0.4144700
4312.1949246936 0.3087603
4312.3748108658 0.4810506
4312.6868988489 0.2954225
4312.9275900840 0.4020963
4313.3363362707 0.5348320
4313.5112621692 0.5185055
4313.7848354641 0.5101665
4313.9207921533 0.0835014
4314.0797788600 0.4724862
4314.2393882306 0.5493392
4314.6413984483 0.0704223
4314.8454574507 0.4914785
4315.1159649210 0.1005357
4315.2986057904 0.7449653
4315.4358461883 0.1203757
4315.7195449591 0.1902475
4316.0139076052 0.7179289
4316.1910892995 0.6322037
4316.3061039320 0.8144892
4316.6573813294 0.0580293
4316.8112261159 0.0516215
4317.1496782507 0.0629757
4317.2906710870 0.0612336
4318.0131599396 0.2955325
4318.1653531226 0.1335253
4318.5413396130 0.1009557
4318.9327446498 0.0916272
4319.2814175969 0.1056465
4319.5737092336 0.0959364
4319.8699356057 0.8645460
4320.1471899877 0.0869946
4320.5195869476 0.0167241
4320.6618362668 0.1585688
4320.8468227083 0.1496123
4321.1999538615 0.0299031
4321.3426352049 0.0482646
4321.5799587047 0.1473597
4321.7127085158 0.2134524
4321.9568265334 0.7249284
4322.1680634917 0.5403202
4322.4394335489 0.0552605
4322.6162589852 0.0820297
4322.8696645773 0.3361503
4323.0098993382 0.4643465
4323.2629985501 0.0756023
4323.5561218915 0.0421454
4323.7199052178 0.0918340
4324.0345949734 0.0606663
4324.2280793036 0.4721461
4324.4383694552 0.2174332
4324.7214047544 0.1336883
4325.0617958129 0.3100883
4325.3259933972 0.0475415
4325.6239553845 0.4275384
4326.0328697618 0.1952785
4326.2071342476 0.6585461
4326.5755399989 0.2310899
4326.9869685696 0.7069192
4327.5697017594 0.3615326
4327.9738155376 0.4584205
4328.1340050521 0.2309158
4328.3248678867 0.6189060
4328.6582832461 0.0389502
4328.9894860840 0.1078638
4329.1337982020 0.4800467
4329.8209741970 0.2224546
4330.1082266834 0.0567665
4330.2431208844 0.0649413
4330.5008845828 0.1604912
4331.2361997183 0.4105579
4331.4598439809 0.2893885
4331.6257398295 0.2769879
4331.9193973938 0.4438570
4332.1698335864 0.3115174
4332.6448821480 0.1341270
4332.8642929483 0.5159148
4333.2240247997 0.0494760
4333.3772678906 0.0563408
4333.6625780511 0.0854983
4333.7965657260 0.2132668
4334.0444430076 0.4006072
4334.4177826417 0.1026880
4334.5884881383 0.0763718
4334.9794211527 0.2930537
4335.2462531333 0.0450553
4335.4131764355 0.1423001
4335.8818411450 0.1403165
4336.0216292176 0.1448283
4336.1494499513 0.1275600
4336.4916035331 0.2303102
4336.6609452427 0.0758697
4336.8092176884 0.0325280
4337.0042695735 0.0308762
4337.1338287153 0.0291670
4337.4858569472 0.0230216
4337.8411468981 0.0191427
4338.2723871653 0.7927136
4338.4646948798 0.2755013
4338.7804863785 0.7380449
4339.1396808491 0.7084407
4339.4857721823 0.4594262
4339.6628338159 0.1059834
4339.8661572005 0.1745247
4340.0422835083 0.1980827
4340.3315585017 0.1072271
4340.4758152833 0.1634552
4340.6739734095 0.7124625
4340.9375298457 0.5671491
4341.3617187740 0.2078100
4341.7102256867 0.1841950
4342.2226740332 0.3630901
4342.5871444784 0.3781865
4342.9350867346 0.1124626
4343.4028927557 0.1204125
4343.8025389703 0.0170074
4344.0505074184 0.0139675
4344.4641628411 0.5664073
4344.7117220523 0.2188544
4344.9213999743 0.5007196
4345.1826421371 0.2458076
4345.5082944616 0.4957597
4345.7295797392 0.7942919
4346.1085555484 0.2399613
4346.3025281785 0.0946592
4346.8118087529 0.0795122
4347.1071412603 0.1187735
4347.3329359265 0.1161743
4347.5146555930 0.3398940
4347.7794167453 0.5173290
4348.0480680618 0.3096876
4348.4600197543 0.4828767
4348.7633063775 0.2755285
4349.0604908652 0.4565968
4349.1871453502 0.3290228
4349.5565243299 0.3282855
4349.8614572181 0.0577814
4350.1663855956 0.4517975
4351.0104617097 0.0436330
4351.2112555399 0.0157687
4351.4686723339 0.0966777
4351.8086421771 0.1860070
4352.0496574448 0.2902622
4352.2741544050 0.6566894
4352.6115917229 0.0695393
4352.7731429455 0.5668290
4352.9937438110 0.7714862
4353.1369979978 0.5806065
4353.4762361311 0.2238573
4353.7760794655 0.3124927
4353.9625333439 0.7554207
4354.0934617570 0.5044464
4354.3889252395 0.1703968
4354.6854148524 0.1451576
4355.1726022125 0.0993806
4355.4836514491 0.1554778
4355.8321092732 0.3430153
4355.9791404863 0.1896993
4356.3141972137 0.5732483
4356.5707333124 0.2885750
4356.9215369459 0.2945910
4357.2123077672 0.3164045
4357.5856803628 0.3728362
4357.8243425280 0.3380801
4358.1288653006 0.1407932
4358.5134031371 0.1039737
4358.7302890909 0.1938619
4359.1020583973 0.1393476
4359.3950817246 0.1755480
4359.7362587388 0.6081892
4359.9307180601 0.2681061
4360.4142080094 0.0723690
4360.5678973585 0.1818567
4360.8445030759 0.5622034
4361.2132222332 0.0598026
4361.5112204933 0.3513835
4361.7003185849 0.3905614
4362.0177086408 0.3683306
4362.4929400008 0.1429824
4362.8841249554 0.0221945
4363.0075284632 0.0291913
4363.3091620830 0.0977646
4363.4286483497 0.1558907
4363.7582029508 0.3669642
4363.9656612982 0.2908246
4364.3308137721 0.3577735
4364.5157775779 0.3831224
4364.6950718312 0.1594232
4364.8250882110 0.1963145
4365.2649410232 0.2837662
4365.4105639023 0.2748294
4365.7399736684 0.0167898
4365.8805635428 0.0792964
4366.1143622472 0.0114395
4366.2402848701 0.0193435
4366.4883313461 0.0391444
4366.7554449425 0.1924730
4367.1276874180 0.4209433
4367.7306219326 0.1692274
4367.8931610072 0.3383888
4368.1372184149 0.0799674
4368.4132488212 0.0748659
4368.8211934198 0.5264484
4369.1352310441 0.6788395
4369.3569768987 0.1524588
4369.5189913966 0.1506975
4369.8587526149 0.1696252
4370.1284850852 0.0990451
4370.3080849338 0.0131032
4370.4946335923 0.0523921
4370.6344928374 0.1731821
4370.7662894898 0.1023128
4371.0041974218 0.7912880
4371.3733663958 0.1217043
4371.5126783274 0.1815168
4371.8763484144 0.0363492
4372.2451033609 0.4624777
4372.5105450345 0.6407660
4373.0251545777 0.1064060
4373.5799716494 0.1371337
4374.0705464564 0.3256658
4374.2180766839 0.2801148
4374.4872597152 0.4150414
4374.7960981191 0.5281352
4375.4111293214 0.5653900
4375.6975559450 0.7013291
4376.0478937886 0.3132455
4376.1691727948 0.4910053
4376.4297991355 0.2498824
4376.5598047699 0.2408974
4376.8720513743 0.2698828
4377.1705249123 0.8404174
4377.4439730606 0.0601899
4377.6284281642 0.1097137
4377.7844095898 0.1239442
4378.0087496469 0.4299575
4378.4626013638 0.3957157
4378.7759433695 0.1180404
4379.0190972222 0.3008710
4379.4850569498 0.4508602
4379.7355976186 0.1367799
4380.1436102276 0.2889184
4380.4667270101 0.8387256
4380.7632350856 0.0398024
4381.0032932054 0.1731087
4381.2947859509 0.4647422
4381.7244555964 0.1779651
4381.9527602419 0.4615154
4382.3355958847 0.2286352
4382.5424514020 0.0492230
4382.9321841223 0.0398379
4383.4004046841 0.0589419
4383.5419541132 0.0222823
4383.7544743236 0.2268524
4383.9953585243 0.2916209
4384.2383757571 0.1747559
4384.7855437043 0.6708388
4385.5403931808 0.1402543
4385.7688416984 0.1510117
4385.9433321549 0.7094650
4386.2112493581 0.5801899
4386.3561899222 0.2013885
4386.4727067502 0.2876955
4386.6184337917 0.3879754
4386.8733881215 0.1566501
4387.0858051982 0.1361927
4387.2897742100 0.2182178
4387.6883007253 0.0931830
4387.9236809009 0.1177441
4388.0825592772 0.3125185
4388.2917201975 0.3425408
4388.7186511061 0.0849431
4389.1290402887 0.6256728
4389.3187289512 0.0807034
4389.6445247635 0.6339063
4389.9610765016 0.1634561
4390.0977642245 0.3701490
4390.4833642804 0.7132873
4390.8647158179 0.1390114
4391.0120646096 0.1166911
4391.2192838313 0.6251648
4391.4327783962 0.0425600
4391.5425875302 0.0812394
4391.7067683960 0.4437372
4392.2034630878 0.6348566
4392.5308211762 0.0395654
4392.9987601354 0.2053873
4393.3022237710 0.3285741
4393.5358383278 0.0742645
4393.8196560392 0.2975111
4394.2530512519 0.1646911
4394.5214802105 0.2147095
4394.7563319146 0.2848411
4395.0350106839 0.1279428
4395.1583030415 0.1589579
4395.2972871228 0.4676892
4396.0894348725 0.1636640
4396.2730496913 0.7510414
4396.4777625980 0.6859713
4396.7319171692 0.3708801
4397.0786498985 0.4721909
4397.3266042271 0.1567068
4397.5410479182 0.2119104
4397.8336202912 0.0245968
4398.1951187121 0.3192888
4398.3701533824 0.1122111
4398.4962316659 0.0958127
4399.0093697456 0.0330745
4399.2537277891 0.3611366
4399.5271616826 0.1608144
4399.7215284669 0.2225638
4400.0825741617 0.0630641
4400.2977724845 0.0549477
4400.5026882285 0.0891523
4400.8429221720 0.1278078
4401.0092571725 0.6715913
4401.2116901832 0.1285948
4401.4168748490 0.2686404
4401.6321034010 0.6836477
4401.8120212607 0.4998085
4402.0897541601 0.3109619
4402.2551525049 0.2874462
4402.5312257476 0.4867932
4402.7824901747 0.5325885
4403.5698698464 0.0539786
4403.7029656419 0.0477398
4404.0640506639 0.1018859
4404.4201042610 0.3374150
4404.6119565473 0.2114238
4404.8904656949 0.0518743
4405.2086158670 0.1524927
4405.5160859658 0.2605612
4405.9970272496 0.6695927
4406.2568842847 0.3599063
4406.9440960075 0.2079423
4407.3782761140 0.1390720
4407.8834690619 0.6341962
4408.2329022310 0.0397936
4408.5027032490 0.1295831
4408.9387924517 0.7428246
4409.1730151761 0.0504565
4409.4422226689 0.6262581
4410.0338003333 0.0252290
4410.2049284440 0.0306653
4410.3622576790 0.3156597
4410.7594842354 0.2527916
4411.2590863182 0.1730895
4411.3933459152 0.1429054
4411.5371897377 0.1341650
4411.7641698165 0.3953003
4412.3213071723 0.3096875
4412.8106278296 0.0179776
4413.1679328011 0.3295006
4413.4930126616 0.3364627
4413.6560130334 0.1031095
4413.9394925626 0.0510286
4414.1132449580 0.0400275
4414.3482875942 0.0558225
4414.6324672288 0.0614766
4414.8396074329 0.1981301
4415.0845906294 0.1892882
4415.3481031989 0.1045243
4415.4673727684 0.1024223
4415.8022224169 0.0382605
4416.1370867499 0.4616558
4416.3707431730 0.6553949
4416.7971052586 0.5885457
4417.0183719974 0.0526310
4417.2910673492 0.0259567
4417.7163937237 0.3529370
4418.0643199118 0.4307631
4418.5266279236 0.3947513
4418.9591251302 0.6276751
4419.2702054803 0.0480259
4419.5820409398 0.4294109
4420.0117625271 0.0590019
4420.1734846570 0.1090340
4420.3340070008 0.0788279
4420.5055888094 0.1150271
4420.7626013826 0.0243579
4421.0270006828 0.1066224
4421.1746366911 0.1064673
4421.5284321417 0.2298700
4421.7637525192 0.0678295
4421.9089037733 0.1191429
4422.3558938063 0.0610296
4422.5657294183 0.0760889
4422.8144635321 0.3536157
4422.9968430985 0.2121749
4423.1814463410 0.2762140
4423.3038456896 0.1986766
4423.8144037793 0.6871791
4424.0681932470 0.3299547
4424.2063572610 0.1507087
4424.3785627671 0.3364020
4424.5064705882 0.2690030
4425.0859991386 0.4335227
4425.3128361542 0.2022088
4425.5339727475 0.1400240
4425.8249926499 0.1908967
4426.0504894729 0.0494146
4426.3850428000 0.0468681
4426.6839514927 0.7745381
4426.9044297639 0.1007100
4427.2685933467 0.4268712
4427.6535179221 0.0681762
4427.9308653436 0.0271483
4428.3488609769 0.5887655
4428.5627074419 0.8108210
4429.1420432024 0.0733152
4429.3329194336 0.0360101
4429.5051251238 0.0374121
4429.7757546770 0.3558646
4430.4429367458 0.0936979
4431.0506613844 0.2062894
4431.2928231656 0.1684522
4431.4422856725 0.4455952
4431.6102709119 0.2128848
4431.8636913215 0.6695203
4432.2796312005 0.1225556
4432.5895649276 0.1897402
4433.0868722263 0.2805375
4433.4070688898 0.2739773
4433.8177007027 0.4426992
4434.4753006281 0.6343759
4434.8082760322 0.0663807
4435.0299939485 0.5417073
4435.2391633872 0.3666439
4435.6774238267 0.1993692
4436.2114139225 0.7858132
4436.3977127233 0.6984738
4436.5698894715 0.0752952
4436.9308237393 0.7538322
4437.3831505003 0.3388622
4437.5969155327 0.4639871
4437.8376636286 0.1392768
4438.1912179630 0.5672880
4438.5480536729 0.0141920
4438.8115524675 0.2175707
4439.0811539513 0.4680766
4439.5932435420 0.3864295
4439.8719827257 0.0610867
4440.4153280282 0.0787876
4440.8839740688 0.1943842
4441.1329265613 0.4526504
4441.5930376933 0.2584943
4441.7278058233 0.2810326
4442.0715886578 0.3310507
4442.3364670204 0.2295764
4442.5174472542 0.1348167
4442.7931969535 0.0743020
4442.9500207391 0.5565276
4443.2106025299 0.0240572
4443.5942075058 0.8209009
4444.0821630741 0.5640791
4444.2506785731 0.1538388
4444.4459036942 0.7378830
4445.0563984523 0.7302243
4445.4638218912 0.4563682
4445.6485646997 0.0263154
4445.8065689385 0.4325029
4446.3137053890 0.0312500
4446.5746536806 0.0360166
4446.7238670523 0.4527941
4446.9451865957 0.1023749
4447.0919294262 0.0522183
4447.4845979786 0.0577065
4447.6397483263 0.0942830
4447.8598105691 0.0278050
4448.0948619643 0.5306668
4448.3825815867 0.5727621
4448.6167603124 0.0474669
4448.9744607274 0.8058700
4449.5208814635 0.0256218
4450.1876070525 0.0776329
4450.3976720819 0.5094734
4450.5795173305 0.0708866
4450.7187257768 0.0369130
4450.9634696008 0.0382759
4451.2142551081 0.0199117
4451.3383268836 0.0174907
4451.5698193641 0.4057792
4451.7352689504 0.6296408
4452.0127081668 0.1778507
4452.1480838434 0.4480313
4452.8353528274 0.6523066
4453.2557611648 0.2626042
4453.8637649906 0.1746879
4454.0324403993 0.0961837
4454.2535842837 0.4196092
4454.5677910188 0.5831030
4454.7784937005 0.0446448
4454.9541006477 0.3890184
4455.6374767039 0.6563361
4456.0331437323 0.7887939
4456.2717658979 0.5487013
4456.5677806285 0.5981818
4457.1409862068 0.8219208
4457.5829590692 0.4283777
4457.8734626382 0.5695249
4458.2917229287 0.3740218
4458.6925690176 0.6308219
4459.0183295159 0.0843558
4459.3366865322 0.4760637
4459.5023059292 0.5071667
4459.7817316492 0.3447232
4460.3738224564 0.7369330
4460.6073051713 0.4548337
4461.0076372688 0.5450478
4461.5542838643 0.6345900
4462.0284592983 0.1086838
4462.3342757317 0.4317065
4462.4540165211 0.4283414
4462.6356357601 0.2960093
4462.9126267420 0.8383753
4463.2536111716 0.7021543
4463.4523393234 0.2274011
4463.7065425063 0.4706819
4463.9767362869 0.1023860
4464.2338235210 0.1173837
4464.3873625955 0.2000371
4464.6537533039 0.3555835
4464.7887719841 0.1828125
4465.7043442416 0.5331506
4466.3844476880 0.1025191
4466.6090115168 0.2096301
4466.8511402687 0.0181356
4467.0641386976 0.4159110
4467.4117811496 0.0557881
4467.8186675482 0.8068509
4468.1860041559 0.4513290
4468.4610846709 0.0244797
4468.5933367236 0.0690931
4468.8116346120 0.0820391
4469.0890999867 0.0586790
4469.2509137571 0.0431593
4469.7524635780 0.7584481
4470.4107566938 0.3379315
4470.6374031960 0.6108385
4470.8136153655 0.1945444
4470.9625251334 0.1563671
4471.3884060287 0.4009641
4471.7380063440 0.5170299
4472.1078508097 0.4532611
4472.4969014722 0.4183891
4472.6708449746 0.0279885
4472.9343231446 0.2418144
4473.4450606373 0.0176415
4473.6538950341 0.0267270
4473.7886420181 0.0398226
4474.0015202919 0.5297639
4474.1927328809 0.1928667
4474.4175052126 0.0335917
4475.0731196255 0.0775013
4475.3086435643 0.0561920
4475.6616464732 0.0371491
4475.8145820764 0.0696785
4476.1066710175 0.2668815
4476.5600777638 0.1387439
4476.7214819716 0.0128046
4477.3028856545 0.7767366
4477.6990832914 0.0206806
4477.8490788304 0.0153604
4478.1067730007 0.0179963
4478.3117426723 0.0754111
4478.4731325576 0.0433335
4478.7250933660 0.0465041
4478.8952111941 0.0171891
4479.2786282722 0.1867880
4479.5798406146 0.1038629
4479.8845152407 0.0656538
4480.0719163092 0.0188220
4480.2496359537 0.0253143
4480.6366181247 0.1548514
4480.8702811783 0.4747346
4481.2256110199 0.3753508
4481.3973298923 0.5138423
4481.8440963974 0.2817128
4482.0821596032 0.2105618
4482.3848812375 0.1716298
4482.5298432517 0.3939007
4482.8702453176 0.4185827
4483.9882053248 0.5205069
4484.6080561302 0.0144020
4484.7908661513 0.0155506
4485.0372026230 0.1456974
4485.1689980450 0.1247839
4485.4836550425 0.6276211
4485.7696151891 0.0396516
4486.0796162489 0.0123964
4486.3398966209 0.0318992
4486.9394447560 0.5211564
4487.2295994512 0.1734071
4487.8434807004 0.0262135
4488.1840310834 0.1252176
4488.5090225118 0.0780331
4488.7528707910 0.0611276
4488.9985571454 0.1227546
4489.3918842955 0.3518550
4489.5836967058 0.3007656
4490.1695084451 0.4200156
4490.7282683280 0.1354176
4491.0050194713 0.8039080
4491.3450944937 0.6195189
4491.8100499080 0.1847737
4492.0403097952 0.5539970
4492.3550640879 0.0146803
4492.6682406947 0.3749705
4492.9193924656 0.2129279
4493.1099472370 0.1052440
4493.5684134025 0.2145862
4493.7998505022 0.0775611
4493.9438612327 0.2715983
4494.6409757633 0.0806602
4494.7864117004 0.2253681
4495.0439571107 0.0522700
4495.3145720601 0.2286209
4495.4600669631 0.0629353
4495.8337554022 0.7186158
4496.2626811980 0.0809110
4496.5312172802 0.0574633
4496.6761950476 0.1544831
4496.8353093455 0.2208337
4497.2177142869 0.3650864
4497.4175804692 0.4271724
4497.7869502417 0.0382277
4498.1171638519 0.7335915
4498.5111456306 0.0127513
4498.6705241295 0.0101494
4498.9393665854 0.1727148
4499.5441958075 0.0419125
4499.8345475807 0.0223066
4499.9908109485 0.2192611
4500.1564702259 0.4333595
4500.4012917845 0.3102612
4500.7433136547 0.0261558
4501.5496198624 0.2445768
4501.8958757218 0.0916134
4502.3614690759 0.1959747
4502.5374393462 0.7296340
4503.0414072092 0.1531243
4503.2323087906 0.0580737
4503.4806744778 0.4258826
4503.7048734273 0.0570506
4503.8578053285 0.2348928
4504.3178506624 0.0198510
4504.4609268728 0.0230260
4504.5986093099 0.0253502
4505.0257724370 0.1099567
4505.4805454417 0.0170816
4506.0984438504 0.3562503
4506.5047193074 0.0321279
4506.7614702613 0.0115696
4507.0390938443 0.0430317
4507.1883937791 0.0177503
4507.3636962369 0.0350611
4507.5936067977 0.0755330
4507.8685223870 0.0799059
4508.1004062791 0.0932812
4508.4824795619 0.0967601
4508.6599597554 0.0939788
4509.1080227864 0.0349994
4509.2879939179 0.0444591
4509.5504387577 0.4656291
4509.9538337405 0.1039188
4510.5526719404 0.1389835
4510.7132987571 0.1514252
4511.0009975043 0.3141355
4511.2774984161 0.0224741
4512.0934116967 0.1006958
4512.4250638973 0.0884110
4512.5774739465 0.0187003
4512.8277331336 0.0698096
4513.1581133595 0.2976562
4513.5367438719 0.2253596
4514.0052411161 0.6149116
4514.2603296495 0.1169905
4514.6979117048 0.0886215
4514.8424882777 0.0363804
4514.9823268401 0.0813780
4515.1447940258 0.0402396
4515.4542694668 0.4269184
4515.7249785651 0.3929593
4516.0429818280 0.0273913
4516.2073638198 0.0101543
4516.4346537076 0.1512071
4516.6046035495 0.4385936
4516.8550013376 0.0460421
4517.1360267408 0.0285991
4517.3850586489 0.0143709
4517.5464054505 0.1056115
4517.7262480746 0.0192215
4517.9343633523 0.0676974
4518.1894135999 0.0190171
4518.4105889656 0.2110804
4518.8003211572 0.5112011
4519.0506205016 0.0251157
4519.2950716225 0.6666108
4519.6043288315 0.3525644
4519.8471867323 0.1999947
4519.9616891894 0.1893952
4520.5607359902 0.0107971
4520.8989778625 0.0382199
4521.0990981824 0.0304791
4521.2558843826 0.2983963
4521.4958973442 0.4590958
4521.7837845745 0.0506169
4522.0564664711 0.0161170
4522.3982475199 0.1054475
4523.1205178480 0.0209814
4523.3109633356 0.0325246
4523.6384265863 0.0589575
4523.9021534809 0.4700735
4524.0701327080 0.6746404
4524.3399134513 0.0851455
4524.6711363561 0.3495255
4525.0161569340 0.0270334
4525.1942901026 0.0794550
4525.3561750817 0.0439100
4525.4825402433 0.0635664
4525.9602712996 0.1597811
4526.2146647626 0.1921139
4526.4116155103 0.5920436
4526.8683861445 0.0135482
4527.1381295112 0.1848365
4527.3730052125 0.1662072
4527.7037819038 0.6625427
4528.1995650507 0.5544764
4528.5882019496 0.6905800
4529.0558263738 0.2324519
4529.4255159414 0.0123200
4529.8919887833 0.5903176
4530.5823360259 0.0223238
4530.7963444310 0.6008477
4530.9517178547 0.4226199
4531.1151241695 0.1928423
4531.7497266470 0.0509537
4531.9974280794 0.5890925
4532.2255999956 0.4960125
4532.4248007324 0.7764827
4532.8974165722 0.4753643
4533.1603506779 0.0280817
4533.3852885012 0.0266876
4533.5731011421 0.0159362
4534.0348841138 0.0277205
4534.2579858832 0.3860402
4534.5176804550 0.7781295
4534.9700300977 0.0218017
4535.2398350200 0.7396720
4535.4361882075 0.2406389
4536.0541146834 0.7740268
4536.4126687717 0.3191294
4536.5876882968 0.1098828
4536.8450339910 0.7141822
4536.9876398473 0.4315097
4537.1897974990 0.6207528
4537.3185029550 0.6557062
4537.7660821434 0.0953601
4538.4841200314 0.0639223
4538.6856801365 0.0325764
4538.9467849357 0.1639669
4539.2361641515 0.0320914
4539.6501952445 0.0263268
4539.8702073433 0.0745333
4540.0922285428 0.2672617
4540.3674704668 0.0567925
4540.5132943750 0.0541854
4541.0486250526 0.3099790
4541.2839525872 0.0285218
4541.4679394740 0.0278663
4541.7753290791 0.4592132
4541.9799699607 0.4505566
4542.3378005570 0.2496448
4542.5873297632 0.1622468
4542.7913487012 0.3048180
4543.0617518605 0.0173918
4543.2135430763 0.0747699
4543.5045414149 0.0547855
4543.7031128851 0.3454856
4543.9567259813 0.2190225
4544.2765683483 0.0157345
4544.4940825918 0.0300478
4545.0835441240 0.1388237
4545.2920823276 0.2590405
4545.9489562753 0.6925141
4546.2493559501 0.0807990
4546.4140573076 0.3230573
4546.6287848070 0.2372228
4547.2331372573 0.6970722
4547.7458789742 0.0449984
4547.9606418942 0.0679951
4548.2898937417 0.4875375
4548.5058825060 0.2622824
4549.1262988537 0.5929328
4549.3864734587 0.0481037
4549.6953145174 0.0134276
4549.8645671393 0.0432204
4550.0444516793 0.6498156
4550.3191456301 0.0252682
4550.5606171166 0.1247574
4550.7480550021 0.5543972
4550.9076141545 0.7667525
4551.0917553496 0.3320818
4551.3944118271 0.1214541
4551.5530160877 0.0366670
4552.0467124737 0.4527426
4552.5098056876 0.1591730
4552.9286591976 0.2217852
4553.4244438180 0.1405909
4553.5732592145 0.2048046
4553.7420323525 0.6402617
4554.1633580776 0.0124352
4554.4434693540 0.0970683
4554.9363055488 0.0126313
4555.3127362876 0.8659504
4555.7395416129 0.2740411
4556.1024596038 0.0837838
4556.2735097550 0.2064862
4556.5836561575 0.0501008
4556.7675105512 0.6357126
4557.1705620946 0.4638700
4557.4118034573 0.6701226
4557.7794691648 0.0265307
4558.2063057827 0.2184424
4558.5582674532 0.1612197
4559.1267768958 0.0491692
4559.3864289236 0.2216902
4559.7514807137 0.0367944
4559.9266656197 0.4023676
4561.2059909445 0.1915755
4561.3683804316 0.3497684
4561.5477914852 0.0872675
4561.7085462207 0.0135436
4561.8390306399 0.0156417
4561.9933643293 0.1181182
4562.1467313535 0.1104440
4562.4730957278 0.0461722
4562.6938503539 0.2471003
4563.0149271322 0.0371617
4563.2304934282 0.0123312
4563.6451918893 0.1535666
4563.9108342446 0.2061820
4564.1689304966 0.0222878
4564.5180387921 0.0656449
4564.7006059018 0.1089365
4565.0434666976 0.6534207
4565.4574581351 0.0890097
4565.6214969108 0.0385790
4565.9777910067 0.2112463
4566.1081418930 0.2547194
4566.6086921097 0.2711548
4566.8023990640 0.3676986
4566.9371997563 0.3909117
4567.5143785991 0.0693998
4567.7996983571 0.3339033
4568.1504179336 0.2745741
4568.6890961777 0.0295548
4568.8921250564 0.0127310
4569.3073068550 0.0110607
4569.6104159151 0.1741729
4569.8881097009 0.1261934
4570.0569173495 0.3423110
4570.3608205404 0.0247021
4570.6415687840 0.0524121
4570.8977050355 0.2120739
4571.3031469442 0.0432000
4571.6757058858 0.0139532
4571.9095935402 0.0144641
4572.3804559052 0.8385180
4572.7189297928 0.1631704
4572.9572907401 0.3722641
4573.2586598951 0.7585872
4573.5576908226 0.1031418
4573.8873097123 0.0193620
4574.1480970361 0.1052472
4575.0933299727 0.0201243
4575.2613561885 0.0250910
4575.5032217042 0.3362649
4575.7502941260 0.0278046
4576.0046868822 0.4627264
4576.3915493703 0.0913166
4576.8160990971 0.0660158
4577.0711264421 0.1243361
4577.6191220180 0.3323827
4577.7979533305 0.0511287
4578.0522194454 0.0182098
4578.4618742694 0.3785013
4578.7545117740 0.0223970
4578.9759338913 0.0443203
4579.3133224814 0.0353976
4579.6137274195 0.0360156
4579.8407971600 0.5674760
4580.0137629743 0.0920946
4580.3399194379 0.0783090
4580.6144292546 0.2320102
4580.9607669218 0.0490602
4581.1013317551 0.1449073
4581.3399598412 0.5979072
4581.6956657748 0.4776785
4581.8720198858 0.3134132
4582.1695140579 0.0152922
4582.3281377640 0.0270183
4582.4857882830 0.1546731
4583.3313144042 0.0182563
4583.5892968170 0.1038898
4583.7797261687 0.0221657
4584.1168428236 0.2547979
4584.4116949203 0.0977947
4584.6974523439 0.1887562
4585.1242405767 0.5616783
4585.5616502971 0.0305930
4585.7224871803 0.0238719
4586.1055636034 0.3775770
4586.3654102817 0.0566253
4586.6265112918 0.1329394
4587.1571977049 0.6239773
4587.5111489934 0.1721493
4587.6576672638 0.5557203
4588.2720718337 0.0811669
4588.4180250952 0.3619360
4588.6727808506 0.0144918
4589.0083602760 0.0916801
4589.4880729931 0.3735805
4589.9794247571 0.1017652
4590.2957318510 0.0300613
4590.5827533656 0.0482938
4591.2372513489 0.5244756
4591.4991464041 0.0141984
4591.6365171693 0.0116241
4592.0779690096 0.2155855
4592.3943593682 0.0253889
4592.5235362184 0.0284273
4592.6818187811 0.5790425
4593.0800753070 0.0127413
4593.3393313867 0.1912448
4593.6532064521 0.0860546
4593.8216909118 0.4519525
4593.9458268605 0.7038570
4594.4585868716 0.0637839
4594.8162611045 0.1940123
4595.2142845124 0.0536799
4595.4079830873 0.5827703
4595.6965661606 0.0195778
4595.9230530220 0.0876390
4596.1873055952 0.1796950
4596.5036207492 0.0999178
4596.6494088720 0.4189599
4596.8826648934 0.1310853
4597.3512656289 0.4196763
4597.7014136268 0.2630828
4597.8635232043 0.0497814
4598.1946870252 0.0921971
4598.5332228750 0.1115572
4598.6726745642 0.1774256
4599.0391532405 0.2136312
4599.1600857550 0.3081223
4599.4115274156 0.5250280
4599.6578472226 0.1130715
4600.0339097436 0.1302856
4600.2864465045 0.0184976
4600.5152147631 0.0798595
4600.8494855487 0.0101901
4601.1296484428 0.4033980
4601.3942951458 0.3028955
4601.6519262547 0.4111898
4602.0448044035 0.6833740
4602.2939051482 0.2696482
4602.5679835056 0.0271598
4602.8271813598 0.0122422
4603.2952290204 0.5909652
4603.8225315851 0.0168293
4604.2372849298 0.7519766
4604.6343082885 0.1490952
4605.2415562690 0.1334625
4605.5274390500 0.0603839
4605.8486429783 0.3134083
4606.2821804119 0.4744866
4606.6541532318 0.1218391
4606.8794897492 0.2959595
4607.1301734272 0.0466854
4607.5055625015 0.3274052
4608.0817559196 0.0262032
4608.3763610897 0.0300270
4608.6259646437 0.3827681
4608.9424393058 0.5993877
4609.4023205491 0.0221001
4609.8022462233 0.0102727
4609.9988579497 0.0305674
4610.1428639494 0.0159465
4610.5628178795 0.0844185
4610.9376338275 0.0110409
4611.2062937519 0.1683864
4611.4801743568 0.0798033
4612.5808812101 0.6027088
4612.9463262337 0.0167163
4613.2604448884 0.0457462
4613.9059588266 0.0551696
4614.2493838205 0.0546522
4614.5015923591 0.5229365
4614.6545406955 0.6379833
4615.0048522611 0.0627796
4615.2105029614 0.1803688
4615.4956506496 0.2182529
4615.8326986797 0.0626946
4616.0217689370 0.0442545
4616.8590618865 0.1868554
4617.4228859159 0.6965485
4617.9175803392 0.1785477
4618.5680147303 0.5472674
4619.1499078410 0.0493258
4619.2546203368 0.0493485
4619.6439096146 0.0360133
4619.7832726922 0.0272825
4620.0745241094 0.5565881
4620.5866937084 0.5467786
4620.8310611602 0.2908473
4621.0761560545 0.1147365
4621.4231781794 0.0453792
4621.8095268930 0.2263036
4622.1116656613 0.0126274
4622.3031347276 0.0150512
4622.8973384721 0.0208229
4623.2189510108 0.3763499
4623.7496694008 0.2953793
4624.0423194925 0.1734760
4624.3957563876 0.4592341
4624.8768957704 0.0804765
4625.3789169157 0.0496480
4625.7139601590 0.0321830
4625.8590254178 0.0413678
4626.0226609671 0.0204619
4626.3467807929 0.6161076
4626.6039155363 0.0212346
4627.0662893311 0.0444150
4627.2181878376 0.0896010
4627.4751257999 0.6807347
4627.8320743484 0.1385491
4628.0854179808 0.0421436
4628.6694903198 0.0725529
4628.8317708927 0.0984332
4629.4609267352 0.1055277
4629.7579954220 0.0534961
4629.9778079693 0.0115862
4630.2097689795 0.0267367
4630.6436474155 0.5566415
4631.0944855272 0.0130003
4631.2480826153 0.0197065
4631.4227554769 0.5747393
4631.8560303054 0.0980076
4632.0794203006 0.0236674
4632.3360932378 0.0391291
4632.7847024831 0.0921465
4633.2806534088 0.0126914
4633.4398677338 0.1067163
4633.6259372308 0.0357102
4633.7602251340 0.0135722
4633.9526482315 0.0317988
4634.2099915878 0.4420666
4634.5550015787 0.0817638
4634.8506012829 0.0164780
4635.0594188969 0.1459455
4635.3745770042 0.2192816
4636.0179876329 0.2388318
4636.4756651230 0.0808475
4636.6164856854 0.0382150
4636.9005824098 0.1169368
4637.1492736809 0.4187537
4637.6253888293 0.0880869
4637.9771729463 0.0459182
4638.3331015499 0.0203627
4638.4794887156 0.1907022
4638.8077475619 0.5781733
4639.0615174781 0.1609752
4639.3141627971 0.5297114
4639.8249958316 0.0692650
4639.9877866666 0.0182841
4640.2571900087 0.1181326
4640.6661190232 0.4187524
4640.8103765069 0.1123856
4640.9642983668 0.3760852
4641.2427665975 0.3593065
4641.5896763603 0.2613965
4641.8022197053 0.0650829
4642.2599630632 0.0190918
4642.5162168498 0.1448316
4642.9823786856 0.0170285
4643.2967154354 0.0423225
4643.5491167541 0.0525741
4643.8834836825 0.0485500
4644.1153288047 0.0214864
4644.4977803022 0.0626175
4644.7684958961 0.5024191
4645.0354044034 0.0397056
4645.6845679082 0.0400291
4645.8155785309 0.0544450
4646.4926390566 0.2399991
4646.7813788002 0.0726698
4647.0771264778 0.0172606
4647.4695322027 0.7410251
4647.6803302809 0.0818427
4647.9413548549 0.2347731
4648.0864191861 0.1314605
4648.5849083831 0.1226360
4648.7414429888 0.6339141
4649.2608429984 0.2214952
4649.4197200141 0.2023968
4649.5884280004 0.0262016
4649.9597526127 0.5443319
4650.1592860133 0.1391000
4650.4463595903 0.0334063
4650.7390875033 0.2088874
4650.9489399941 0.0895017
4651.1219669739 0.1718941
4651.3176789945 0.1955746
4651.6148591162 0.0912503
4651.8543200400 0.0508928
4652.1190197404 0.0468569
4652.4250433324 0.0228515
4652.5923854093 0.6273192
4653.4678457062 0.7061476
4654.6594559896 0.0774729
4654.7969932534 0.1099808
4655.0840692862 0.0118387
4655.4580055374 0.1633270
4655.8106350027 0.6885968
4655.9319129959 0.5189559
4656.5457644966 0.0351236
4656.9661844971 0.1518364
4657.3507544942 0.1146810
4657.4946403490 0.1847772
4657.7762025161 0.6360903
4658.2820634421 0.1500234
4658.5088562607 0.3488471
4658.8931112868 0.2623042
4659.1559508523 0.0286258
4659.3281048566 0.0171155
4659.6042483322 0.1443990
4659.7897752447 0.0294169
4660.1717904101 0.0367526
4660.4808423229 0.0178849
4660.6688147030 0.0192488
4661.3674615488 0.0396125
4661.5365013607 0.0328393
4661.7315801918 0.1401728
4662.2108729665 0.1409323
4662.4584323427 0.0300167
4662.6192180215 0.0515090
4662.8432273475 0.2423755
4663.2829516156 0.3648235
4663.8142025799 0.0434079
4664.0624470589 0.0694045
4664.4879932079 0.2085963
4664.6364729421 0.1950863
4665.1241112102 0.2343142
4665.5025623605 0.0302768
4665.6190999340 0.0245961
4666.0970002775 0.3870746
4666.4904116675 0.0685410
4666.8644283965 0.0482681
4667.2159581163 0.1930069
4667.4929552762 0.2118921
4667.7928552362 0.3197124
4668.0608981874 0.2142558
4668.2943839555 0.1949815
4668.5589604701 0.1840308
4668.7638015595 0.5840415
4668.8980452394 0.6516138
4669.0710174667 0.2280733
4669.4368175353 0.7057456
4669.6658311913 0.0539896
4669.8752505929 0.2646469
4670.4798551400 0.5001567
4670.6303268747 0.2141751
4670.9550283308 0.0665694
4671.1332092577 0.0168183
4671.4766053811 0.1154290
4671.7189639600 0.3888835
4672.2119420244 0.0300963
4672.3513508828 0.0186190
4672.7268443210 0.1862687
4672.9920872265 0.0967265
4673.3371147540 0.0200843
4673.6394009021 0.3319773
4674.1439795998 0.2266388
4674.4736645790 0.4435531
4675.0861364586 0.0441971
4675.4032415901 0.2021503
4675.6051063673 0.1248475
4675.9521806399 0.1709798
4676.4226243391 0.3241223
4676.6850910037 0.0337676
4676.9166169809 0.0992703
4677.2896167457 0.0214327
4677.4973486769 0.0423179
4677.6547522800 0.0663561
4677.8386428424 0.0388271
4677.9655920567 0.0136166
4678.2265186553 0.0367760
4678.7509630589 0.0238724
4678.9018725242 0.0721255
4679.4782228252 0.3283099
4679.8394034459 0.0429635
4680.1615274714 0.5949694
4680.5342953595 0.3150861
4681.4491587084 0.2798946
4681.6101898039 0.3923948
4681.7937117715 0.3648755
4682.1687310978 0.1576619
4682.5058553158 0.0166679
4682.7784477462 0.2066155
4683.2260169041 0.6541345
4683.4235778582 0.2674925
4683.6633238568 0.1862422
4683.8729273283 0.2024559
4684.0398835234 0.0435494
4684.5947176713 0.0379770
4684.8756404085 0.4266306
4685.1374796055 0.0155326
4685.2783076064 0.0336563
4685.5287722134 0.0180297
4685.6520074784 0.0403574
4685.9043732889 0.1642278
4686.1810714495 0.0240901
4686.3424530306 0.1331158
4686.5821757857 0.4099174
4687.0003895707 0.0181787
4687.1600118368 0.0352825
4687.5290384846 0.3497343
4687.9211767199 0.0170458
4688.0452245311 0.0133467
4688.2075487629 0.0356933
4688.6916076176 0.3502513
4688.9787891157 0.0617289
4689.1161740174 0.1049360
4689.4902700497 0.2642995
4689.7225974203 0.1522294
4689.9774253063 0.0318253
4690.6698003205 0.2707634
4690.8063266358 0.2069014
4691.0680062164 0.0106561
4691.4538808991 0.3909319
4691.6913866420 0.1154187
4692.1105625098 0.0617571
4692.2729792485 0.0212025
4692.7138225523 0.6644966
4692.9019207489 0.2249323
4693.2630664788 0.0217071
4693.9693303679 0.0822645
4694.1523211735 0.0105801
4694.5066625241 0.0833898
4694.9838828603 0.1689061
4695.2577909618 0.1911315
4695.4236285180 0.0473368
4695.7689690278 0.0165086
4695.9971503964 0.0467075
4696.1834865590 0.2028453
4696.4589109431 0.1261705
4696.7717174925 0.0342269
4697.0644259924 0.0171417
4697.1681438165 0.0210723
4697.3304244824 0.0314650
4697.6088932836 0.0437398
4697.9618327577 0.0318028
4698.3690415276 0.2046159
4698.7215429768 0.0557307
4699.7654973404 0.3368532
4699.9349455351 0.2971555
4700.0872375986 0.3482091
4700.6501362650 0.3695117
4700.9051312558 0.0384156
4701.4751052469 0.3727748
4701.7454210341 0.0635348
4701.9292321323 0.1533593
4702.2124946373 0.0410879
4702.3673150913 0.2751032
4702.6729931206 0.2448842
4702.8480265558 0.3158147
4703.2170298093 0.0618235
4703.4511107461 0.0123427
4703.6105510139 0.0875335
4703.9261576630 0.0986290
4704.3137732052 0.5692281
4704.8786078230 0.0446008
4705.1278232178 0.3578050
4705.4930243980 0.0235036
4705.7871850218 0.0958544
4706.2686776193 0.4381433
4706.5573923723 0.0222433
4706.7828955211 0.2154788
4707.2366948989 0.0766502
4707.4152237924 0.0761851
4707.6183930193 0.0548607
4707.8707537094 0.2155282
4708.5986639479 0.6087449
4708.8078651626 0.4799589
4709.0709204251 0.0482608
4709.3335527159 0.4195898
4709.6051125205 0.0270200
4709.8196174902 0.0254970
4709.9846918634 0.3212406
4710.2889944072 0.3312891
4710.4112445030 0.5018678
4710.8064922352 0.0268171
4711.0322710106 0.5076823
4711.6043761575 0.5399479
4711.8787273635 0.0301491
4712.3286045414 0.0159471
4712.8069685423 0.2329738
4713.4033499904 0.2237501
4713.5736827380 0.1022118
4713.8365677001 0.0821423
4714.0216126332 0.0521457
4714.4960784049 0.0387594
4715.1223001976 0.0438972
4715.3908882712 0.1878383
4715.7382264357 0.6191167
4716.0452786642 0.0170486
4716.2461799271 0.0312801
4716.6171398472 0.1692993
4717.0856823552 0.4280774
4717.8164374819 0.0160879
4718.1596641710 0.0596891
4718.4865622569 0.0124038
4718.6306346545 0.0680897
4718.9015422658 0.1558647
4719.1993311751 0.0582736
4719.7449431844 0.4575543
4720.5371318452 0.0246943
4720.8355160539 0.0829565
4721.0071064792 0.0367618
4721.4472418028 0.0232287
4721.8874425845 0.0172773
4722.3172086438 0.3452924
4722.6287446470 0.0266287
4722.8354948937 0.0160546
4723.4819231863 0.3611200
4723.9332843166 0.2308105
4724.4696626404 0.2667161
4724.6708317805 0.0186633
4725.0735549732 0.0265584
4725.7346381019 0.1764288
4726.1773994586 0.0276883
4726.4054211108 0.0143427
4726.7922971196 0.0413149
4727.2712205642 0.0667241
4727.4650269767 0.1446216
4727.6398771594 0.0433393
4728.3253956553 0.0679526
4728.4753797036 0.2380333
4728.7523688652 0.6467656
4729.2557394774 0.1306719
4729.4917511482 0.1638325
4729.8733975464 0.5134942
4730.0814992264 0.0261548
4730.3463223078 0.2832710
4730.5894261477 0.1034254
4731.0054655356 0.2493842
4731.3573735304 0.3844274
4731.7414039926 0.0768239
4732.0412469100 0.3378168
4732.3197122962 0.2001105
4732.4934080563 0.1016618
4732.8023905449 0.4732616
4733.1274808498 0.2827927
4733.3836279565 0.0160669
4733.5016964352 0.0212339
4733.7846823401 0.2588132
4734.1427635534 0.0348728
4734.5173684533 0.0145207
4734.7480285312 0.1080079
4734.9204721813 0.6693296
4735.4289563292 0.1604944
4735.7666911960 0.0326646
4735.9087317346 0.0447795
4736.1728782825 0.0576279
4736.6269003586 0.0324365
4736.9955346205 0.0595678
4737.1725267567 0.3827491
4737.3457440532 0.0554952
4737.5689454381 0.0108958
4737.8319731713 0.0458538
4738.1069862991 0.6242867
4738.6792709607 0.3765998
4738.9573418292 0.2806759
4739.6464318694 0.0124964
4739.9787775741 0.0118435
4740.4335395625 0.4271276
4740.8096086788 0.0703254
4741.4949447594 0.1197548
4741.6645185936 0.2630617
4741.8101777237 0.2083692
4742.3953341124 0.2669280
4742.8606722560 0.5223235
4743.2627665490 0.0152690
4743.4416096295 0.0569484
4743.6209914527 0.0824978
4743.8787318612 0.0533239
4744.1198442657 0.2773378
4744.4134637581 0.0430610
4744.6149220896 0.0151630
4745.1510754144 0.0932378
4745.7138103412 0.3259066
4745.9740277577 0.0416010
4746.2602887530 0.0626579
4746.4661023995 0.1197351
4746.6369948461 0.1280917
4747.1321520455 0.5029345
4747.4414171855 0.0188343
4747.6022145786 0.0447541
4747.9694853442 0.0111480
4748.5878905532 0.0247590
4749.0056149649 0.0514954
4749.4647127067 0.3924960
4749.8316920075 0.0117037
4750.0621008618 0.0243939
4750.5455321012 0.0218745
4750.9916122672 0.1871174
4751.2791568777 0.2137952
4752.4219101359 0.1698765
4752.8791560928 0.0229900
4753.1555805896 0.0841090
4753.4344387812 0.2956735
4753.7583333838 0.3499861
4754.2277767341 0.0213884
4754.4983992552 0.0217861
4755.3724989561 0.7692912
4755.6922252767 0.0589441
4756.0924180045 0.2633829
4756.4753522009 0.0724526
4756.8746546641 0.0123783
4757.0371101819 0.1778651
4757.4466769052 0.4753761
4757.8506946089 0.4897604
4758.3462391311 0.0213006
4758.6496100721 0.0543195
4758.9140026169 0.4224640
4759.1805612259 0.0183723
4759.4549425376 0.4073146
4759.7530131256 0.0236835
4760.0565056103 0.0904159
4760.2392274892 0.1026595
4760.6063341081 0.4339091
4761.2527087555 0.0337007
4761.3988798716 0.0546943
4762.1024119641 0.0170499
4762.4332760132 0.0761647
4762.8596011544 0.4814221
4763.7078126927 0.6511309
4763.9616202779 0.3590457
4764.1154134348 0.1861727
4765.2536347651 0.4722179
4765.6296571128 0.1967179
4765.8618260765 0.1940345
4766.1005419351 0.0498000
4766.3598789175 0.0125480
4766.8052610139 0.3382811
4767.1968333338 0.5404244
4767.7592728870 0.6354861
4767.9674076744 0.1333705
4768.1281458738 0.1283304
4768.6042461322 0.0369260
4769.1933282576 0.1367164
4769.4121202899 0.0864017
4769.6898319941 0.6022036
4770.0344917276 0.1723081
4770.3984451038 0.0101321
4770.8639395758 0.0134546
4771.1291156999 0.1014997
4771.3172824588 0.0522098
4772.0072737183 0.0417925
4772.4269536933 0.1451849
4772.8064335067 0.3158655
4773.0405037302 0.2969490
4773.5032158894 0.0161239
4773.6512796834 0.0452260
4774.1559432900 0.6478714
4774.4831736805 0.0790105
4774.7532838055 0.1003114
4775.0386384302 0.0335055
4775.3039352102 0.0627367
4775.8767268029 0.0187677
4776.4742291348 0.0423190
4776.8535508618 0.0163639
4776.9898033277 0.0195454
4777.2185964363 0.0639398
4777.4077651548 0.1941191
4777.6892568286 0.2013650
4778.5155323788 0.0144696
4778.9172744599 0.0116664
4779.0584668758 0.0143202
4779.5932054220 0.1621401
4779.8792411022 0.0108405
4780.4731080392 0.0116298
4780.7787855454 0.2822748
4781.3198106609 0.3663062
4781.8397927007 0.0150350
4782.1497324780 0.0659827
4782.7716733198 0.0460870
4783.0571421329 0.1465944
4783.4115553176 0.0727660
4783.6195580216 0.0199841
4784.1285957352 0.0307430
4784.3329491726 0.1152749
4784.7642190175 0.7771356
4785.1929722661 0.0366920
4785.3369218559 0.1708586
4785.6090949379 0.0125681
4785.8070295652 0.0188892
4786.0253296100 0.0204530
4786.2701012406 0.0147247
4786.4124027942 0.0165021
4787.0337373747 0.0866528
4787.2977107152 0.1926920
4787.6246830925 0.2751487
4787.8800598052 0.5387935
4788.1510741226 0.5772988
4788.4377033887 0.0235049
4788.8224904602 0.0212287
4789.1688078065 0.2993311
4789.5573181758 0.0218844
4790.1011209542 0.4922900
4790.4293496078 0.0167289
4790.6799430452 0.4465338
4790.9939686951 0.5760986
4791.6760004530 0.1138440
4791.9069671495 0.0625796
4792.0832610555 0.0771714
4792.3106909549 0.0932292
4792.5891640434 0.2630823
4792.9409813120 0.0213099
4793.6596782628 0.0786250
4793.8464429251 0.4049354
4794.1986699038 0.2596112
4794.6053309510 0.0107935
4794.7639329692 0.0283856
4795.0535533448 0.0146486
4795.3104335126 0.0641545
4795.7002848758 0.1117057
4795.9863625033 0.0172048
4796.1621045355 0.0147231
4796.5014803507 0.0111107
4797.1852202246 0.0263063
4797.5324769700 0.1602805
4797.7103252014 0.0332118
4797.9891322637 0.0189720
4798.2483358100 0.0762275
4798.3889417501 0.0297487
4798.9717503946 0.0390501
4799.3278277803 0.0765233
4799.6094386474 0.3037293
4799.8781054337 0.2726559
4800.0771224578 0.3032968
4800.4054503492 0.0270160
4800.5953380537 0.0168171
4800.7527022172 0.2581489
4801.1454051837 0.3031989
4801.4745273468 0.1188761
4801.9965263882 0.3874613
4802.3725682198 0.3872084
4802.9563511507 0.0326618
4803.2647927638 0.0225311
4803.8643723840 0.0929325
4804.2280779279 0.4114118
4804.9950818527 0.0130109
4805.4027224849 0.0244895
4805.8620285739 0.1480752
4806.4370473485 0.4500418
4806.7642893493 0.2465030
4807.2233555268 0.0129651
4807.6115791347 0.0774562
4807.9458225329 0.0147998
4808.0977661534 0.0175246
4808.3377626570 0.3755427
4808.5833380698 0.0498091
4808.8806942401 0.0941033
4809.0565001871 0.3738109
4809.4954314004 0.2112789
4809.8887073707 0.2076627
4810.0286722066 0.2794820
4810.2168108438 0.1316643
4810.4868868136 0.0833949
4810.8193893135 0.0143372
4811.2859190962 0.1409154
4811.5941001492 0.0132050
4811.8814600824 0.4002433
4812.0760082901 0.0634427
4812.3942375579 0.1314988
4812.6972432199 0.0584426
4813.3323548600 0.1286790
4813.6952411186 0.1624845
4814.3027668472 0.0212142
4814.4620192088 0.1666547
4814.8269329164 0.2996829
4815.0823400113 0.0260253
4815.3275554544 0.0484304
4815.9465788048 0.1110881
4816.2184198179 0.0167549
4816.4078343174 0.0143952
4816.5784906137 0.0915733
4816.8317434590 0.0105590
4816.9798627402 0.0398668
4817.2815678422 0.0950607
4817.4857603606 0.0289297
4817.8030910561 0.0169049
4818.0341816464 0.0207325
4818.3109597405 0.0133859
4818.7191384041 0.0226202
4819.1496174910 0.3861496
4819.3820218608 0.0727853
4820.0001105321 0.0153571
4820.3778597599 0.0419326
4820.5219695698 0.0292532
4820.9962408007 0.0183631
4821.7606558237 0.4153948
4822.4749563606 0.1543053
4822.8388758247 0.0566855
4823.2012636330 0.0132538
4823.6726961256 0.0406971
4823.9125296689 0.0689703
4824.8612641735 0.7300121
4825.2316536661 0.0254991
4825.4953420661 0.3853180
4825.8112026405 0.0420474
4826.3080679212 0.0401900
4826.7028676984 0.1567159
4827.0859990420 0.0251338
4827.7288403533 0.0276802
4828.1908839735 0.0394310
4828.6148930988 0.0144619
4828.8062420894 0.1903399
4828.9646897955 0.1161660
4829.6598759114 0.0195394
4830.0553694371 0.0316861
4830.3777148361 0.4767723
4830.7148118672 0.4392842
4831.0364095485 0.0208710
4831.6600302915 0.0191927
4831.8862979139 0.0214115
4832.5316339072 0.4599498
4832.7395732199 0.1274586
4833.0019537798 0.2708204
4833.3990611680 0.0511819
4833.6183181226 0.0312831
4833.7810026249 0.2180077
4834.0682604830 0.4262795
4834.5326325007 0.0501034
4834.7057439187 0.0155410
4834.9162472128 0.0187386
4835.1856976696 0.0502541
4835.8646939868 0.2693588
4836.1358479762 0.0247311
4836.4033042653 0.0108873
4836.6197670511 0.0460744
4836.8640795429 0.0123114
4837.0561903808 0.0173613
4837.2223739230 0.3636417
4837.5974422821 0.1178674
4837.8221813037 0.0289546
4838.0077525680 0.0165236
4838.2073343280 0.1030087
4838.7538887577 0.0233633
4839.0035434980 0.0224083
4839.1718702196 0.0119962
4839.4449845420 0.0904838
4839.8663945242 0.3951136
4840.0008180048 0.2657649
4840.4628340771 0.0277274
4840.6123251141 0.0133330
4840.9026320475 0.4688939
4841.2261276034 0.0392219
4841.6469248556 0.5042590
4842.2336868854 0.5638462
4842.8584552665 0.0374293
4843.1431176851 0.2023393
4843.3233585590 0.0389716
4843.5460823405 0.0280192
4844.1398937837 0.2637462
4844.5049583183 0.4867423
4844.8530824803 0.1253653
4845.3740964282 0.3281355
4845.6662276902 0.0771981
4845.8580278215 0.0929818
4846.2217844813 0.0125104
4846.5145068009 0.0270738
4846.6953021039 0.0256259
4847.0076158003 0.3249419
4847.5122879375 0.0208244
4847.7249985362 0.0778452
4848.0656664243 0.0234827
4848.6661056646 0.1927884
4849.0814187228 0.0372864
4849.6040360834 0.2846833
4849.8169321928 0.1344901
4850.2424575714 0.3376612
4850.5238769169 0.1918881
4851.0239931116 0.0756670
4851.5533386002 0.0144502
4852.8513616942 0.3873254
4853.2261013659 0.0619431
4853.3754417794 0.0934669
4853.9144902060 0.3062217
4854.3841512379 0.0337561
4854.6312445819 0.0470917
4855.1408953327 0.1198318
4855.5217117393 0.0180101
4855.7129218004 0.0113886
4855.9635911942 0.0227774
4856.2301471023 0.2631100
4856.5162271998 0.0511131
4856.7724602001 0.4719480
4857.0360511824 0.4090188
4857.3737889239 0.3670219
4857.5451505410 0.0779791
4858.2522535355 0.0146358
4858.4542734559 0.0236658
4858.7529470563 0.2920497
4859.1257986146 0.0144051
4859.6241410732 0.1096738
4859.8672853940 0.0106466
4860.4828263443 0.2096534
4860.6745662491 0.0341084
4861.1071496356 0.6507840
4864.4432495329 0.0209633
4864.5974303061 0.0199853
4865.0080433996 0.4101188
4865.2915474521 0.1909736
4865.6742682268 0.2665976
4866.0952887828 0.3649330
4866.9747336400 0.2385038
4867.6364482550 0.4749486
4867.9402331906 0.0166432
4868.2615235908 0.0238238
4868.8970112403 0.1137774
4869.2330060427 0.4195107
4869.6248592954 0.2698661
4869.7666562257 0.2008120
4870.2912915078 0.0284121
4870.5141069137 0.0219759
4870.8268183005 0.1597823
4871.2286098920 0.0111293
4871.4901143135 0.3302960
4871.7796986153 0.0221503
4872.1760376214 0.4473168
4872.6879987550 0.6396117
4873.3025147996 0.3608928
4873.5068395117 0.6489916
4874.0542880833 0.0414566
4874.2757874528 0.0778987
4874.6172779994 0.1675337
4874.8083136765 0.4086586
4875.1147285471 0.1041507
4875.3753255811 0.1958597
4875.7196621441 0.1820052
4876.1578162303 0.1379179
4876.3939759512 0.2081110
4876.8522670815 0.4870660
4877.2443426230 0.4243389
4877.5392621859 0.0527489
4877.7702855051 0.1935364
4878.0360570544 0.0146729
4878.9711945340 0.1947839
4879.5702410767 0.6615238
4880.0858567825 0.0341119
4880.5228404244 0.0231190
4881.4224251578 0.0547477
4881.6416505193 0.0168855
4881.8980333407 0.0800964
4882.2995629074 0.1014082
4882.6030361450 0.0235970
4882.9265212832 0.5768249
4883.0869347397 0.3944544
4883.5131983413 0.4666920
4884.0715794120 0.0435109
4884.8137820428 0.0324194
4885.0522376397 0.3332659
4885.2734078899 0.0259830
4885.4281597253 0.0520756
4885.9667721436 0.0856382
4886.2988347315 0.0639277
4886.4520395568 0.4766319
4886.8002181019 0.4828265
4887.1403328975 0.2569575
4887.3188421783 0.1152144
4887.7014355971 0.4487743
4888.0901590631 0.0598403
4888.3771582747 0.4313799
4888.5603180304 0.3911354
4888.7303274864 0.1122824
4889.0572287476 0.0386490
4889.5312767884 0.0260085
4890.0077276377 0.4225656
4891.0236518533 0.0148816
4892.1308508653 0.6236010
4892.8675083141 0.6094319
4894.2292720420 0.3233978
4894.4136446231 0.0326353
4894.7827209834 0.0268083
4895.0658005910 0.0440024
4895.1900724321 0.0360186
4895.7343330667 0.0161776
4895.9294293046 0.0654645
4896.2033122926 0.0101847
4897.8084655117 0.2234942
4898.5513281410 0.0135974
4898.8263094628 0.0285766
4899.2109262329 0.0104974
4899.8280233461 0.0182898
4899.9779610111 0.0101031
4900.8867777320 0.0548598
4901.2849598652 0.4407651
4901.4903595014 0.3095925
4901.9867141120 0.0410669
4902.1906410478 0.0766452
4902.3441944136 0.1155162
4902.6646586008 0.0117790
4903.0210027816 0.0133628
4903.2700882441 0.0316763
4903.5899684973 0.0715850
4903.7591164930 0.0554765
4903.9830896107 0.0167935
4904.6825805028 0.7281685
4905.0983937007 0.0270487
4905.7877217779 0.4963942
4906.2201371239 0.0200711
4906.5071838951 0.1989169
4907.1705942660 0.0146133
4907.5070753397 0.0282929
4907.7670489159 0.0118595
4908.1420830836 0.0887657
4908.4529525701 0.0254819
4909.1076382893 0.4340087
4909.3988229715 0.2275511
4909.6704124526 0.0135812
4909.8260582276 0.0155534
4909.9793038756 0.0527665
4910.4765875964 0.0650564
4910.7594120008 0.4141122
4911.0982461429 0.0229123
4911.3943303376 0.5264508
4911.7017037993 0.4506925
4911.9416284971 0.4655366
4912.5694596951 0.2307738
4912.7509341177 0.0288911
4912.9020417996 0.1474362
4913.1531628704 0.2717841
4913.3968758849 0.2813890
4913.8675227904 0.0497753
4914.3274723369 0.0206526
4914.5104900402 0.0931531
4914.9931182979 0.4187184
4915.3504034328 0.3201462
4915.7616510529 0.0312084
4915.8911233029 0.0315248
4916.3361844200 0.0143088
4916.6059024704 0.0871633
4917.2010184231 0.0397851
4917.6098565661 0.0348222
4917.8621080808 0.0814725
4918.0366320614 0.0296384
4918.2254836357 0.0409452
4918.6071711023 0.3673062
4919.2120526313 0.0164552
4919.3893071275 0.3386776
4919.7432989031 0.3831410
4920.0838110305 0.2275140
4920.3730217890 0.6455244
4921.2416631640 0.1751999
4921.8862747357 0.5872553
4922.3308162034 0.1956740
4923.1520803559 0.3375998
4923.6425814872 0.4806848
4924.1967484617 0.0455447
4924.5306869988 0.1132871
4925.3065002202 0.5849131
4925.6777662987 0.0880139
4926.1510440311 0.5921322
4926.6528300031 0.1399928
4926.9488059639 0.3044977
4927.5286468307 0.1034221
4928.0613201655 0.0233708
4928.2116684132 0.0355569
4928.8050211698 0.3190573
4929.2490804193 0.3719397
4929.7151734196 0.2703169
4931.6877020044 0.4425868
4932.1819813022 0.1170567
4932.4972495005 0.0351206
4933.0746052377 0.0146733
4933.4501810497 0.1577010
4934.7085880621 0.5066324
4935.0707886846 0.0217071
4935.2569349008 0.2776611
4935.4476351263 0.8406715
4935.9859843417 0.0194416
4936.3817734243 0.0261176
4936.8045242865 0.0239125
4937.2131330542 0.3297895
4937.7203319711 0.3282230
4938.0803313926 0.0379158
4938.4465741123 0.0845248
4938.7256384735 0.4621114
4939.1106216702 0.1055874
4939.5554408660 0.4186294
4939.8476684435 0.0188226
4940.1997696301 0.6192755
4940.6200794293 0.4471972
4941.0715398108 0.6913074
4941.4444094036 0.0748286
4941.8743358781 0.0472115
4942.1109630333 0.0309535
4942.3529533128 0.0178954
4942.5617756049 0.0390517
4942.9540964248 0.0424215
4943.2629809586 0.0591268
4943.8657854735 0.5189707
4944.4459964597 0.0147885
4945.2806777428 0.0150466
4945.6706389594 0.0608962
4945.9565450839 0.0321350
4946.8312983425 0.2719045
4947.0207649074 0.2517272
4947.4148860009 0.1531459
4947.7757961552 0.5669460
4948.4090003117 0.0129217
4948.9865880795 0.0952942
4949.3505510764 0.0336388
4949.5811066747 0.0692251
4949.9990822364 0.0123554
4950.9685935114 0.0118287
4951.4929444355 0.4556553
4951.7915011949 0.0148877
4951.9919586016 0.0335939
4952.8116040213 0.0421864
4953.6645818857 0.1963715
4954.0301847834 0.3146938
4954.5935299088 0.3158719
4955.1017984176 0.0453373
4955.3969927373 0.0146256
4955.6955286448 0.0163954
4955.9958906076 0.1875440
4956.1914209984 0.3385455
4956.7143836023 0.0193619
4957.3727910904 0.0411572
4958.6916166646 0.5791167
4958.9898404322 0.5404563
4959.6377982295 0.1068342
4960.5597222644 0.0990057
4961.0715137584 0.0115974
4961.7055874022 0.0102640
4962.2568516223 0.0543142
4962.4317127269 0.1089744
4962.7620440462 0.0101903
4963.3074020093 0.2014623
4963.6726755806 0.0279929
4963.9624620218 0.3359905
4964.4524668543 0.0292933
4964.6523666009 0.0119391
4964.9331623749 0.0267615
4965.1359871587 0.0132841
4965.5132210789 0.0621518
4965.8566859498 0.0174242
4966.1104849840 0.1305401
4966.3176977540 0.3530862
4966.5608794284 0.1453852
4967.2388738294 0.1479605
4967.4824123292 0.6366920
4967.9751749696 0.0435109
4968.1852252746 0.0197769
4968.7566462600 0.0103500
4968.9129299635 0.0707670
4969.2895556366 0.4887158
4969.7903548346 0.1375879
4970.0879613485 0.3339082
4970.5509632875 0.0107007
4970.8112277028 0.0146411
4971.3088887895 0.4366021
4971.8861257054 0.3598409
4972.0389254449 0.2036318
4972.4452582230 0.0125765
4972.7390221987 0.3723869
4973.3064803795 0.0196720
4973.5748035478 0.0122240
4974.0530627347 0.0173938
4974.4873715671 0.4930983
4974.7487784291 0.0452170
4975.8307069024 0.0872853
4976.2866616374 0.0163003
4976.7591977380 0.2295245
4977.2459939076 0.0187940
4977.5290776303 0.2122538
4977.7173360824 0.2879196
4978.0866355994 0.0431090
4978.2701975041 0.0164759
4979.0566668372 0.2100566
4979.5728705826 0.2730301
4979.9812882041 0.5133988
4980.3153468214 0.0118109
4980.6076184978 0.0623892
4980.9770092724 0.1496737
4981.2552167629 0.0135496
4981.5657704771 0.5204040
4981.9351081587 0.0455912
4982.7250786507 0.0475038
4983.1289187100 0.7578149
4983.5255589469 0.0383591
4983.8972863756 0.5624500
4984.2117169423 0.4170950
4984.6477680711 0.5216631
4985.2494337809 0.5676748
4985.5107624408 0.4880459
4985.8373119188 0.0141472
4986.0098983518 0.1077227
4986.6500089483 0.5410453
4986.9447824151 0.6148347
4987.3779024788 0.1596180
4987.6190270324 0.3080469
4987.8779753017 0.0261152
4988.2990684612 0.1037182
4988.4811089875 0.0123621
4988.6803135341 0.0120466
4988.8255027895 0.0262973
4989.0073451934 0.0260366
4989.2457292700 0.0467474
4989.5230794198 0.0388194
4990.0104240542 0.0148241
4990.3484937575 0.4919126
4990.5280935364 0.2632312
4990.9437769420 0.0411419
4991.3466510948 0.0363212
4991.6782676449 0.0144711
4991.8458760984 0.2153508
4992.4668185633 0.7545139
4992.6661345120 0.4888271
4993.2595266783 0.1083938
4993.7036190358 0.0617666
4994.1795418614 0.0691872
4994.7443317705 0.1574432
4995.0959435570 0.2939827
4995.5298050186 0.7416259
4995.9668750432 0.0100950
4996.2254614129 0.0140512
4996.4429334682 0.0563497
4996.8058535413 0.0847133
4997.0515877967 0.1256842
4997.2714270615 0.0208840
4997.5862413129 0.0188114
4997.7672997734 0.0523346
4998.2394984854 0.2241298
4998.4960948681 0.3846346
4998.9418840435 0.0142362
4999.1024000361 0.0101458
4999.3586628609 0.0602137
4999.6241429351 0.3117882
4999.9297287766 0.0190348
5000.5109574538 0.2131350
5000.9044274893 0.7189059
5001.3703491378 0.0334580
5001.7433411327 0.4254949
5002.1276078741 0.0370165
5002.3876409931 0.3066734
5002.6191218851 0.0210566
5002.8898244297 0.0282412
5003.2667208139 0.5818269
5003.7148166987 0.0163811
5003.9823266559 0.0702994
5004.1942268856 0.4709149
5004.4923665926 0.0102183
5004.7535301539 0.0139497
5005.1418056040 0.2729670
5005.4443495423 0.3215720
5005.7623251216 0.1048535
5006.2936168587 0.1083929
5006.5734840517 0.1066062
5006.8216318257 0.0780174
5007.1154728427 0.5856621
5007.5239342901 0.6219311
5008.0940218399 0.0209890
5008.6338601319 0.7560810
5009.1316206625 0.1725906
5009.4329546828 0.0145183
5009.6002235151 0.0355005
5009.8614321824 0.0181042
5010.0404611102 0.0877887
5010.2116346004 0.0228388
5010.6052850354 0.0305682
5010.8375880116 0.0866128
5011.0478671449 0.3399296
5011.2290923470 0.0469638
5011.4257103900 0.2131554
5011.6252656037 0.1346132
5012.3402250119 0.2939864
5012.6218011043 0.0158015
5013.1445217444 0.0136438
5013.4783839132 0.7902342
5013.8456405275 0.3371196
5014.0999320798 0.2236639
5014.4021532904 0.0117099
5014.6994103320 0.4722291
5015.0953022380 0.2843547
5015.3151390842 0.0971171
5015.6631445741 0.7217838
5016.3475071591 0.5797779
5016.7271917496 0.0841670
5017.5672422752 0.5794580
5017.8779973171 0.2236303
5018.2849132669 0.2764018
5018.5881434695 0.0176409
5018.9823402296 0.5025467
5019.6911519497 0.3178702
5019.8469445269 0.5853404
5020.5810372781 0.0601137
5020.8706199055 0.0227320
5021.1337146228 0.1003207
5021.4312303092 0.5762039
5021.9020739947 0.0826167
5022.0786031345 0.0725213
5022.2217774790 0.1289514
5022.4010978009 0.0459028
5022.5691034755 0.0166547
5023.0061223522 0.3426145
5023.3270255064 0.1760657
5023.6417904295 0.5476846
5024.2740175334 0.6062691
5024.5907883905 0.2392931
5024.9008791123 0.1792297
5025.2522575487 0.0203533
5025.4130572694 0.0177790
5025.6037175072 0.0870540
5026.2507215125 0.5782318
5026.4863112432 0.1411495
5026.7082428937 0.1178117
5026.9685584369 0.3960380
5027.1721631663 0.0894471
5027.7318134453 0.0145716
5027.8893246631 0.0148538
5028.5352254796 0.5017452
5029.1641007318 0.3388823
5029.5341273796 0.4580244
5029.7596819651 0.0407373
5030.3796147425 0.0273715
5031.0256014866 0.3351150
5031.3137845309 0.0323835
5031.8229871968 0.0172877
5032.0268110374 0.0377021
5032.1848023548 0.1666320
5032.4259497670 0.3985866
5032.8789996479 0.0174002
5033.1611762171 0.0361464
5033.3249524328 0.1459736
5033.7578101373 0.0314519
5034.1328258264 0.1227050
5034.6205473263 0.0220110
5035.0113129031 0.0601372
5035.1816810220 0.0508152
5035.6079058457 0.0393995
5035.7648254599 0.0115459
5035.8913727202 0.0232450
5036.3066111442 0.0294894
5036.7724710956 0.5353198
5037.3366949064 0.6228253
5037.6787828260 0.2918115
5037.8736020263 0.5399005
5038.3285405266 0.1758751
5038.7395395466 0.0141332
5039.1137168083 0.0812644
5039.8103609061 0.5116756
5039.9987488179 0.3149923
5040.6660767139 0.4383925
5041.3693799152 0.6307405
5041.6655222243 0.0587357
5042.0280494120 0.1769643
5042.3004161309 0.5005527
5042.4818887557 0.7244667
5042.8485866231 0.0616626
5043.0265435035 0.4788753
5043.1739544832 0.6598879
5043.5968964541 0.3624863
5043.9673144518 0.0119901
5044.2837820267 0.0321432
5044.7152482953 0.0810170
5044.9943198089 0.1814154
5045.6252093672 0.4698915
5046.2033603254 0.0281823
5046.6775480045 0.0654595
5046.8198289619 0.1316532
5047.3298610717 0.0124161
5047.6394708265 0.0184306
5048.3543795378 0.0365035
5048.5259922243 0.0296463
5048.7119834337 0.0441106
5049.4674963427 0.0813119
5049.6219562394 0.1400242
5049.8476173966 0.3997282
5050.2585829516 0.3536332
5050.6382291900 0.0439017
5050.8206741678 0.0325532
5051.2374797467 0.6499817
5051.5427316164 0.0608526
5051.8575266937 0.0227493
5052.1632688843 0.0456400
5052.3684349139 0.0379103
5052.7350279841 0.0301701
5053.0520993078 0.7250009
5053.3106961043 0.1873461
5053.5624077303 0.0892071
5054.0372315488 0.0853896
5054.2899209353 0.1575223
5054.7245047355 0.0371257
5054.9904279813 0.0477403
5055.4834517609 0.0358503
5055.6611413868 0.0399784
5056.0554180714 0.2542763
5056.4598862162 0.0107668
5056.8336595800 0.0196363
5056.9949612491 0.0404735
5057.1946535662 0.0406779
5057.3946254378 0.1036715
5057.8302483482 0.0383558
5058.2605263779 0.1676573
5058.7133291675 0.0153353
5058.8977336706 0.1297878
5059.3942126946 0.1624386
5059.6749284673 0.0256926
5059.9118687503 0.0947375
5060.3254530937 0.0374584
5060.6460464109 0.0504001
5060.8037832339 0.0204117
5061.1971219450 0.0764189
5061.4870667933 0.4887804
5061.8185968397 0.0273086
5062.8034979445 0.0407406
5062.9346350053 0.0388883
5063.1306567698 0.1003041
5063.5161931188 0.1418967
5064.5762491732 0.0353841
5064.9344028723 0.0630345
5065.2578830414 0.0201149
5065.4760986390 0.0559894
5065.7776275914 0.0246829
5066.0700091515 0.6283838
5066.4275393964 0.6074955
5066.6094715161 0.4227918
5067.1099714305 0.0285174
5067.3847960629 0.2469965
5067.7156133155 0.0176490
5068.1332222485 0.0951088
5068.5682936558 0.3843507
5068.9363339982 0.0544026
5069.1404774259 0.2009526
5069.7181491363 0.1084264
5070.1867443307 0.6135548
5070.4923987643 0.0617142
5070.8117845898 0.1165778
5071.0353406411 0.0351719
5071.2072698931 0.0305579
5071.4186932681 0.0935336
5071.8512362172 0.0250008
5072.3421428579 0.0217207
5072.5382657446 0.0390552
5072.8993946832 0.2709208
5073.2120610539 0.0620295
5073.4955944173 0.4216464
5073.7050763874 0.1206179
5074.0929869096 0.3735024
5074.3449187794 0.2630771
5074.8597919374 0.0966986
5075.1734035813 0.0576535
5076.1716562149 0.5547674
5076.7226045800 0.1036335
5077.1461441512 0.0132354
5077.3048726454 0.0166512
5077.5158412933 0.0767341
5077.6946956403 0.4048037
5078.0246301579 0.1074940
5078.3219890921 0.0381355
5078.7924612573 0.0385500
5079.0340313247 0.0224822
5079.2527478942 0.0118864
5079.4866544838 0.0302150
5079.7815048821 0.0419519
5079.9367895117 0.0290266
5080.3974693846 0.5060483
5080.6452651690 0.6017123
5080.9656119694 0.0390908
5081.1623182762 0.6536254
5081.3784672541 0.3554376
5081.7769164178 0.1890139
5081.9528137105 0.5111668
5082.5322799295 0.5121930
5082.9960276019 0.0986026
5083.2519830683 0.1146590
5083.4631794603 0.0179292
5083.7650137995 0.3340926
5084.4490116041 0.0639997
5084.7629260972 0.7156326
5085.1343427147 0.0753088
5085.2844649336 0.0166293
5085.5204621332 0.4777264
5085.8055035377 0.0203849
5085.9779961469 0.0864362
5086.1118778865 0.0325290
5086.2541833867 0.0715314
5086.4385120942 0.0450215
5086.5976973843 0.0349874
5086.7554790010 0.0479620
5086.9156364497 0.1435008
5087.0949451424 0.0457415
5087.3284458593 0.0333306
5087.6670133022 0.1011706
5088.0618658364 0.0410352
5088.1931493557 0.0301264
5088.4789601770 0.2189207
5088.8435430708 0.2399480
5089.5720712799 0.2309113
5089.9659818357 0.1823271
5090.1569991343 0.0550300
5090.3793563291 0.1646040
5090.6348520286 0.0849279
5091.2602007164 0.0386908
5091.4782306809 0.0206380
5091.6507204122 0.0539930
5091.8106482721 0.0346961
5092.1996798325 0.4813128
5092.7315104576 0.0423210
5093.1448562767 0.0619332
5093.3061954627 0.1283832
5093.5554339399 0.0313105
5093.7296010583 0.1022536
5093.9022320282 0.0379569
5094.2257873842 0.0410462
5094.7171721436 0.0111344
5094.8632857603 0.0160697
5095.0056652037 0.0142507
5095.4545891594 0.0859036
5095.8354896210 0.1719702
5096.0205713339 0.0231197
5096.3602335264 0.1116454
5096.6002068412 0.0940624
5096.7682236051 0.0883753
5097.2603046032 0.0561020
5097.6049600652 0.0410812
5098.4278188757 0.5122615
5098.7416104386 0.0482586
5098.9124421223 0.2633337
5099.1101756724 0.0270481
5099.5564170997 0.1195215
5099.7359581506 0.0307712
5100.1281752073 0.6104252
5100.5004040871 0.2925352
5100.7535811872 0.3460901
5101.3555511538 0.4545544
5101.6702349566 0.0410232
5101.8880409880 0.0168580
5102.0693720063 0.0926286
5102.3446385938 0.0809734
5102.5101440124 0.0994144
5102.8612100548 0.0829242
5103.4006256838 0.0168943
5103.6791297936 0.0433101
5103.8694019415 0.0717864
5104.0825671796 0.0434103
5104.3931336295 0.3122273
5104.8172476470 0.0213563
5105.1773977184 0.0866382
5105.4583833298 0.2099473
5105.6171032046 0.1792258
5105.8705609730 0.2220697
5106.2993682708 0.0447675
5106.4736869758 0.0173766
5106.9660646164 0.6027554
5107.6748277847 0.0637254
5107.8585162731 0.0581295
5108.0163304380 0.0994759
5108.2922717797 0.0452204
5108.8793155781 0.6549420
5109.0702716006 0.7083439
5109.3207810771 0.0650283
5109.6317352348 0.0309874
5109.8150300795 0.1083920
5110.0619220641 0.0745247
5110.3539193090 0.0363332
5110.5493820113 0.0993578
5110.7304133643 0.0335252
5110.8715919646 0.0564113
5111.0775983524 0.4386216
5111.4490509572 0.0364678
5111.8379391512 0.7900547
5112.1754629400 0.2029836
5112.4045319844 0.0358267
5112.7994193355 0.0716843
5113.0561073184 0.1130559
5113.2753793068 0.0772806
5113.6980169420 0.0340270
5113.9173620803 0.0445216
5114.0771500130 0.0364183
5114.5570859239 0.1679297
5114.8697744176 0.3057021
5115.4517159693 0.0479643
5115.6873127426 0.0962747
5115.9285824054 0.0725891
5116.8235768411 0.4091995
5117.2094937204 0.1597886
5117.5684732529 0.0468262
5117.8994051733 0.0929467
5118.1924823319 0.0522851
5119.3635254322 0.1519644
5119.5287772911 0.0328227
5120.2373826425 0.0668838
5120.5626498480 0.0927615
5120.7978719149 0.0526472
5121.3325887208 0.0309811
5121.5311736699 0.0565584
5121.8486021910 0.2619306
5122.0697586362 0.0804225
5122.3109738588 0.0755811
5122.6707745949 0.0564930
5123.0652677525 0.4638132
5123.3839927099 0.0216747
5123.5445515820 0.1162604
5123.7111451399 0.0285323
5124.2324362177 0.1272628
5124.4256802573 0.0432668
5124.6612594918 0.1564447
5124.8902215758 0.1689740
5125.1581651424 0.6413471
5125.4542068958 0.1092056
5125.8154933104 0.0590655
5126.0411486652 0.1294632
5126.2213405827 0.0199406
5126.5523420195 0.5069984
5126.9237115483 0.0769840
5127.0983452472 0.0308125
5127.2617928297 0.0635172
5127.6255957158 0.3698530
5127.9306509297 0.0161560
5128.1072444006 0.0453933
5128.3787791852 0.0435450
5128.7954763675 0.6813204
5129.1145274967 0.2152410
5129.3046466274 0.0358343
5129.5160244051 0.0800855
5129.9199814685 0.0766621
5130.3245286495 0.0363715
5130.5911944901 0.3716053
5130.7998379710 0.3550226
5131.0605634512 0.2479361
5131.3543334049 0.0610828
5131.5595027317 0.0380392
5131.7944492626 0.1469060
5132.0030668572 0.1084411
5132.4046985847 0.0199799
5132.7213455673 0.0256221
5132.9052767932 0.5519536
5133.1980248465 0.2648872
5133.5773006561 0.0245849
5133.7784500244 0.0584578
5133.9299513509 0.0434159
5134.1054899140 0.1046241
5134.3707631868 0.0300976
5134.6010756163 0.0544494
5135.1287188503 0.5340745
5135.6470124470 0.0669176
5136.0023032863 0.1090157
5136.5352362601 0.0595754
5137.0162755446 0.0871645
5137.5192136176 0.1390974
5137.6984547478 0.0931463
5137.8766377865 0.0927743
5138.0898683923 0.0319878
5138.2347642026 0.0246328
5138.5084829961 0.5899010
5138.8213440165 0.5525718
5139.3800740798 0.0160020
5139.5419091687 0.0333322
5139.7827280475 0.0853576
5140.1473724101 0.1271347
5140.6938081835 0.5812771
5140.9040863252 0.5707151
5141.3543253786 0.0546054
5141.6202582723 0.0546845
5141.8093127262 0.0423475
5142.2549621092 0.1157573
5142.6514283133 0.0969457
5143.1767748778 0.5572454
5143.5472295202 0.0397347
5143.9622564655 0.5539398
5144.2157078093 0.3530845
5144.3690416578 0.6987998
5144.7634408741 0.0397300
5145.1600924102 0.1884731
5145.4646405440 0.0426992
5145.8242801903 0.0204438
5146.1025668352 0.1847555
5146.5342458053 0.3580101
5146.9003990563 0.3491764
5147.1874681495 0.0579765
5147.5638647774 0.1921443
5147.7306595700 0.0744117
5147.9238608007 0.4773760
5148.2212914524 0.0713795
5148.5329066197 0.0730822
5148.7372842955 0.0280555
5148.9180868968 0.4341785
5149.1458981098 0.1317534
5149.4839410317 0.4186479
5149.6698665269 0.4563823
5150.1053650578 0.0733433
5150.2733567401 0.0847116
5150.5374895712 0.1117073
5150.9435084669 0.0456742
5151.2382148359 0.1250493
5151.6128703647 0.1311003
5151.9944809649 0.1019291
5152.2864132965 0.6823539
5152.6118328715 0.0540725
5152.9003487242 0.0270269
5153.3507721014 0.6459823
5153.6255449968 0.4043952
5154.0392894322 0.0377652
5154.3920310810 0.0299549
5154.6819819471 0.2124504
5155.1072572229 0.0821681
5155.3010629884 0.0149851
5155.5131820686 0.3710044
5155.8625240939 0.0859526
5156.1714828505 0.0208445
5156.3566883875 0.0307779
5156.5679730862 0.2578779
5156.9608792882 0.0937976
5157.2051206595 0.4162326
5157.5001346455 0.0484270
5157.7896091273 0.0659804
5158.0633115411 0.1718123
5158.4336992508 0.0899920
5158.6332608102 0.0450324
5159.0564595678 0.1087708
5159.4230920389 0.1107608
5159.9741851308 0.0885780
5160.5014673455 0.4230323
5160.8977162216 0.0896051
5161.2053904305 0.0707371
5161.3928625934 0.0364448
5161.6263590675 0.1358447
5162.2723594162 0.0165765
5162.4724214809 0.0806988
5162.6234757402 0.0403834
5162.9047451519 0.0120975
5163.1839776615 0.1122004
5163.7195610005 0.5665067
5163.9850948643 0.0532196
5164.1710127048 0.0493944
5164.3461810539 0.0499180
5164.5555123372 0.1085103
5164.8629792040 0.0769804
5165.0374869076 0.0645131
5165.2923628252 0.0425234
5165.6753098555 0.0388566
5165.9891471891 0.2276586
5166.1630196241 0.0478884
5166.5077468310 0.0686948
5166.8554513709 0.3875431
5167.3870212368 0.0709211
5167.7243797934 0.6598688
5168.7704301891 0.5990431
5168.9381740840 0.5545734
5169.5936479674 0.0839271
5170.0982553896 0.3127866
5170.3476740979 0.6844950
5170.7371454402 0.0964856
5170.9174293943 0.0305524
5171.5367898673 0.0186343
5172.0277421369 0.0661968
5172.2095301220 0.1454362
5172.4688465267 0.0634306
5173.0489807294 0.6359335
5174.1362671483 0.6535642
5175.1901908783 0.5191011
5175.8814653939 0.0468082
5176.3623023962 0.0678789
5176.6806360559 0.0319341
5176.8373424458 0.0808134
5177.1423776755 0.0350372
5177.5611804140 0.0877942
5178.0069325777 0.3093437
5178.2356652440 0.0973641
5178.6934217546 0.1815649
5179.0410916266 0.0314995
5179.2591239848 0.0209352
5179.4546103504 0.0174403
5179.6315126384 0.0205588
5179.9212979403 0.0804716
5180.2456128055 0.1322903
5180.5306200057 0.0952988
5180.8187292520 0.0214185
5180.9743329200 0.0187182
5181.2275628204 0.0353957
5181.5058059904 0.2774965
5181.8286431336 0.0569545
5182.0292584762 0.0745946
5182.3329088814 0.0382478
5182.7565431320 0.0742329
5182.9728993861 0.0306896
5183.1874668840 0.0562234
5183.4090139603 0.0437441
5183.8308374101 0.0194036
5185.0592518360 0.6641315
5185.7111353120 0.1640049
5186.0048691499 0.1942602
5187.1796169238 0.0225595
5187.3517616087 0.3098185
5187.7800570961 0.0884992
5188.0000698867 0.0934223
5188.6963235818 0.0135187
5188.9429340249 0.0339804
5189.3614480397 0.2680559
5189.8175852527 0.0211251
5190.1412405109 0.5130272
5190.2965570864 0.5206449
5191.0296681798 0.0252092
5191.2388498882 0.0112628
5191.6324522924 0.0130263
5191.9922841749 0.0268734
5192.5110262811 0.0402462
5192.9090578760 0.6045682
5193.4510645982 0.1627264
5193.7984111579 0.5752271
5194.4226650919 0.6073692
5194.7906178094 0.0337039
5194.9420934341 0.0734354
5195.3195718787 0.0490848
5195.4939995153 0.1146877
5196.3964982737 0.6926929
5196.9263576563 0.5406362
5197.5113534416 0.4291455
5197.9001114924 0.2561574
5198.6150747580 0.1521644
5199.0226278649 0.3505014
5203.0846612830 0.0309188
5203.7783810212 0.6898277
5204.2072107897 0.0250333
5204.4251863473 0.0372967
5204.9482619546 0.0420609
5205.9940409723 0.7914276
5206.5988440666 0.0251269
5206.7480765086 0.0145648
5207.1871189001 0.2637029
5207.4954964246 0.6965814
5208.0114836684 0.0827027
5208.2560524103 0.0344589
5208.5383404376 0.0361226
5208.7251566896 0.0298201
5209.0429678076 0.0477905
5209.3795399522 0.1493109
5209.8850780958 0.6967990
5210.0510554486 0.5116614
5211.0317832358 0.0392025
5211.2026866311 0.0693047
5211.3280212404 0.0837728
5211.5060141938 0.0259961
5211.8452957723 0.6168970
5212.2027193126 0.0640053
5212.4011137299 0.0887801
5212.6640569983 0.0745809
5212.9850464561 0.1651909
5213.2795876302 0.0151237
5213.6943417607 0.1003713
5214.1432329032 0.1014117
5214.4549978455 0.0272415
5214.7959780689 0.0557258
5215.2637442099 0.0560186
5215.5884816480 0.1248681
5216.0684316549 0.1477342
5216.6401773008 0.5615166
5217.0040140738 0.0689535
5217.7353547374 0.6880101
5217.9292979320 0.1389112
5218.8492797403 0.5523047
5219.3693139374 0.2759261
5219.6621820309 0.2761523
5219.9625318173 0.0170770
5220.4787791073 0.0148616
5221.1580268227 0.3015374
5221.5382656186 0.0912476
5221.7442498623 0.1686039
5222.3445351783 0.0903448
5222.4946973741 0.1209646
5223.2129239453 0.1922231
5223.6795367093 0.0120957
5223.8559444563 0.1591870
5224.1322128218 0.1629599
5224.4643115482 0.0103655
5224.6428542842 0.1978268
5225.0785787627 0.1308825
5225.3418145177 0.0201906
5225.5369950557 0.0939768
5225.7648069756 0.3429703
5226.0018883946 0.2157615
5226.4037154956 0.4468231
5226.9877263139 0.5453644
5227.2731704558 0.0850160
5227.5403823014 0.0370132
5228.0018775375 0.4255592
5228.3262954614 0.5745514
5228.6481634263 0.7115378
5229.1821472525 0.0348793
5229.5516236095 0.1055811
5229.8378433099 0.3329305
5231.3153603093 0.5926711
5231.6720884527 0.1949678
5232.1401091820 0.0383803
5232.4322620247 0.0226304
5232.8617257642 0.0562895
5234.4069906521 0.5542150
5235.2676547286 0.0240983
5235.5255441364 0.0296166
5236.0876282877 0.3827305
5236.6494184114 0.1630368
5236.8515610398 0.4487619
5237.6647308997 0.2292473
5237.8478787887 0.0485880
5238.5430203788 0.0108330
5238.7811524756 0.2015473
5239.3026686944 0.0219439
5239.7080292506 0.0221561
5240.0353788453 0.1749373
5240.4236517802 0.1370328
5240.9636895154 0.0127795
5241.2814870165 0.2656865
5241.5701922276 0.0281735
5241.9360077313 0.0674457
5242.3385650835 0.0391032
5242.9214956182 0.0326211
5243.3765711124 0.0440857
5243.5226692038 0.0730835
5243.9579730114 0.4994249
5244.6381832347 0.0698352
5244.8180302975 0.1285226
5245.2415863770 0.3775064
5245.9947007150 0.0139779
5247.4623349533 0.0205891
5247.5888262626 0.0263737
5247.8254308980 0.0152072
5248.0225874738 0.0798964
5248.2304011691 0.0429989
5248.5175800487 0.5566779
5248.7515520533 0.1161721
5249.0346538171 0.5851667
5249.3842676214 0.1260210
5249.8376021494 0.0494391
5250.5698199890 0.1697366
5250.8915759626 0.0435729
5251.0525286144 0.0503719
5251.4846931541 0.0370252
5251.6768309647 0.5485502
5252.1136550765 0.6256706
5252.3870954388 0.0561129
5252.9495499131 0.0292329
5253.2584756403 0.0157538
5253.4316265030 0.2687832
5253.5698009870 0.2626482
5253.8721601252 0.0112622
5254.4885270757 0.1669184
5254.9306260961 0.4910296
5255.4189480325 0.0223205
5256.1155667276 0.0332665
5256.4171727070 0.6124637
5256.7801452572 0.2279742
5256.9775513040 0.0381081
5257.1980938455 0.1832627
5258.3999219934 0.0743223
5259.1070312390 0.1509241
5259.7894056653 0.0102783
5260.2963403571 0.0290293
5260.5734134030 0.0126191
5260.9362364171 0.0425754
5261.1942344609 0.0176528
5261.4383141863 0.0610089
5261.8520753738 0.2277121
5262.1633846331 0.0448280
5263.1738450451 0.5714275
5263.7035015457 0.5873626
5264.0896750046 0.0530228
5264.3513489599 0.1223141
5264.7797399388 0.5667834
5265.3275375654 0.2302731
5265.6554235846 0.7260488
5266.2744694975 0.1961799
5266.6223689203 0.2053432
5267.0240042822 0.5687764
5267.1888787457 0.5346598
5267.4374178831 0.2600320
5268.0304408045 0.5926486
5268.5647269252 0.0158770
5268.7409705288 0.1490709
5269.1290922919 0.0114820
5269.8055037667 0.1544175
5270.0769560514 0.0962645
5271.0144681347 0.6355364
5271.8202296616 0.7057700
5272.5255912656 0.1236573
5272.7576006415 0.0940942
5273.0808413489 0.0236184
5273.4709137361 0.1742293
5273.7302259082 0.0701857
5274.6396553066 0.5485866
5274.8532354626 0.5450758
5275.7040173747 0.0338063
5276.0026602795 0.0570756
5276.4561070182 0.2029018
5276.7461120316 0.3615683
5277.2263913818 0.3893511
5277.5105627912 0.5100628
5278.7793890757 0.0435859
5279.7062994343 0.0250433
5280.2571388623 0.0499966
5281.1304338357 0.0407986
5281.3490182189 0.0721798
5281.5423544234 0.0581506
5281.8223562247 0.3017312
5282.1047952857 0.1114243
5282.6303417563 0.0289447
5282.7980700068 0.0562146
5283.2687370125 0.5717931
5283.8656693595 0.1587570
5285.0998841600 0.5601521
5285.5805881634 0.2194901
5285.8913113752 0.1718276
5286.0816935847 0.1531878
5286.6031989534 0.1531993
5287.1139489064 0.0318607
5288.6522718979 0.0798900
5289.0492625242 0.0147469
5289.2598036479 0.0218615
5290.0044046311 0.3730431
5290.2776693327 0.0314259
5290.7495358069 0.0325553
5291.2999321620 0.0138261
5292.2867543380 0.0355147
5293.6761051333 0.0138357
5294.0594752043 0.1611070
5294.3406244602 0.0245772
5294.5077626383 0.0727304
5294.8490265572 0.0406633
5295.4368900344 0.1820982
5296.0235970041 0.1107680
5296.7916674154 0.1971388
5297.2553436943 0.1516456
5297.5537849014 0.0292358
5298.1740356652 0.6338444
5298.8598623088 0.4640277
5299.4979581711 0.4211276
5299.7564781991 0.6621504
5299.9653902542 0.3165091
5300.2599306137 0.2317030
5301.4671876990 0.0921722
5301.8796075707 0.0350266
5302.2275196580 0.4636274
5302.5227928344 0.1585829
5302.8020774292 0.0159817
5303.3483063400 0.0514172
5303.7836628275 0.5602438
5304.7045711441 0.0184477
5305.0239932995 0.0176393
5305.3223983728 0.0328512
5305.6590471207 0.1140526
5306.0428843376 0.0177952
5306.5080135044 0.0100359
5307.3446485527 0.0956345
5308.8428998297 0.5721458
5309.9111768724 0.0985359
5310.1620029160 0.0390341
5310.3794729978 0.0238149
5311.6964784499 0.0137030
5311.9531863026 0.0280422
5312.1721135139 0.0356131
5312.9313587933 0.0129368
5313.1083957080 0.0196376
5314.1379049870 0.0473280
5314.3367102953 0.1317879
5314.7215334432 0.0334488
5315.0611777475 0.1111379
5316.2064933942 0.0222482
5316.3954406654 0.0520226
5316.5551218147 0.2103450
5317.2609468610 0.0279322
5318.1006332650 0.4495979
5319.0258647866 0.0459350
5319.8331766133 0.0488494
5320.2543968598 0.1188122
5320.5193612691 0.0379858
5320.7758640627 0.0370734
5321.2965944197 0.0695910
5321.5208402940 0.1347273
5322.2976726396 0.0210534
5322.5938173530 0.2317341
5323.2337756792 0.0171829
5323.5285607908 0.4220183
5324.2686582665 0.0127255
5325.6703664062 0.5255880
5326.7577554186 0.0549704
5327.0402385928 0.1495083
5327.4425126355 0.0275741
5327.6299826781 0.2281623
5328.3031604691 0.0686533
5328.7484154625 0.0432296
5329.5299173069 0.6478500
5329.8116388200 0.3458304
5330.0214403277 0.6702002
5330.6288028448 0.3937136
5331.2777570721 0.2226050
5331.4761283730 0.3214213
5332.0450777402 0.0206956
5332.9450416563 0.1206683
5333.8373430614 0.0193116
5334.1497147597 0.2499044
5334.3900858706 0.5537235
5335.1416829320 0.0346626
5335.6982135330 0.0130013
5336.3488704023 0.1265958
5337.6582519752 0.0151916
5337.9732672314 0.0134182
5338.2763365925 0.4050222
5339.2287319629 0.1128926
5339.8056189473 0.0534118
5340.0390539619 0.0138807
5340.9111221372 0.0476091
5341.4231878393 0.5442072
5341.9366858741 0.1103127
5342.5135608090 0.7638548
5344.1926937682 0.2004670
5344.4631190091 0.0132486
5344.9193507370 0.3594422
5345.7345752545 0.0102820
5345.9335914744 0.0331411
5346.2474058066 0.0582854
5347.2930880716 0.6956080
5348.0394323158 0.0687308
5348.3002706126 0.0215980
5348.9916174926 0.0282952
5349.1997738114 0.0279331
5349.5454554441 0.0283585
5349.8119682651 0.6490890
5350.2413636825 0.0240819
5350.5876348433 0.0242417
5350.9555192981 0.5636472
5351.2312887385 0.2581293
5351.5646294620 0.0190377
5351.8359792642 0.0213962
5352.5589745399 0.0852102
5353.5353181696 0.1411121
5354.4630247209 0.0136673
5354.8725027715 0.4229193
5356.3817120542 0.0143337
5357.2111271087 0.0288921
5357.5871133400 0.0285591
5358.4667307554 0.0160057
5358.6734381225 0.0245884
5359.6088909412 0.0722135
5360.4145841956 0.0157261
5360.6923860143 0.0571366
5361.0257153323 0.0163918
5361.2005465494 0.0183443
5363.1182026386 0.2292719
5364.3413967392 0.3348198
5365.9257075264 0.0207279
5366.3718031344 0.5206848
5366.8974429983 0.4571641
5367.9205529847 0.0398552
5368.1410036520 0.0452607
5368.9684644686 0.5285049
5369.7696798066 0.0250774
5370.0188709305 0.0356254
5370.3879816495 0.0145977
5371.0916034999 0.2967565
5371.4646299143 0.5279185
5371.8209045008 0.0542845
5372.9934186891 0.6509067
5375.2084803994 0.3665265
5375.6427852823 0.0136184
5376.2775548263 0.0181856
5376.6664250413 0.0101037
5376.8181743982 0.0117042
5377.6073586920 0.0148017
5378.3306748877 0.1093457
5378.5423433079 0.0413571
5379.1099924425 0.2564115
5379.7188032574 0.0159344
5381.0764569327 0.3794166
5381.8188404005 0.0417960
5382.2172582474 0.0150236
5382.5243899843 0.3110805
5382.8294108782 0.0102087
5383.2705151627 0.0306594
5383.7730238573 0.1202754
5384.8756061242 0.5408342
5385.5952172740 0.0219483
5386.1329792955 0.0271131
5386.6330643870 0.0205641
5387.0853138384 0.0456065
5387.8346606443 0.1880637
5388.2956473378 0.0127444
5388.4684813034 0.1691285
5388.7811688469 0.0117778
5389.0132545589 0.1411934
5389.8487555311 0.0959704
5390.6710835508 0.0464096
5390.9846303751 0.4241233
5391.3408875934 0.0633739
5391.4940767596 0.0579424
5392.0293198766 0.1371782
5392.2664409736 0.0139627
5392.9616206283 0.3724252
5393.1268218695 0.2365031
5393.5317540849 0.0338541
5393.8361033476 0.0719702
5394.6757879654 0.5764776
5395.8395778294 0.0141360
5396.1766092727 0.5479871
5396.7206543938 0.1142469
5396.9426850876 0.0169579
5397.7530435877 0.0486699
5398.0958202853 0.0756374
5398.6400205901 0.7114125
5399.1222310376 0.1519942
5399.7864686984 0.3947777
5400.3561816919 0.0187346
5400.9814112876 0.1599308
5401.2673808920 0.0142082
5402.0140086274 0.4652645
5402.7739409236 0.1513032
5403.2100756428 0.0154800
5403.5736620767 0.0801604
5404.2816956091 0.0466141
5404.9831830462 0.0106088
5405.3313977504 0.3336436
5405.6486870539 0.5972973
5406.0536782468 0.0337643
5406.5016040853 0.0737175
5406.8605079427 0.2491907
5407.2884454690 0.7025755
5407.8399048823 0.0561615
5408.2824816254 0.2212581
5408.9302302209 0.2743908
5409.6410532264 0.0142953
5409.8794036012 0.0105305
5410.4480056317 0.0170522
5410.6432380124 0.2693446
5411.2984430110 0.7234383
5411.9453326618 0.0208231
5412.4222610949 0.4912898
5412.7254181929 0.1783985
5413.4666450170 0.0149306
5414.2945034476 0.1185355
5414.6042037828 0.0525899
5415.1828162806 0.0865097
5415.5803945345 0.0881708
5416.7144967936 0.5189757
5418.5484412658 0.2021854
5419.6347639534 0.0285921
5420.2788646325 0.2363832
5420.6998537480 0.0240226
5421.4045498679 0.0148858
5421.8733126124 0.3810986
5422.4425941500 0.0649506
5422.6799886668 0.1254145
5423.3501578566 0.0601665
5423.6664575993 0.0673489
5423.9978801377 0.0127656
5424.9815203183 0.0250869
5425.5870641565 0.5403672
5426.1561684117 0.2436284
5426.7603097372 0.1473955
5427.7633147817 0.1054733
5428.4077875422 0.0110933
5429.3124349830 0.0127231
5429.8280432571 0.0110274
5430.3427623346 0.0123731
5430.6555970076 0.0986768
5431.2125633702 0.6599479
5431.8712021162 0.0484689
5432.2867793786 0.0104935
5432.8787457136 0.0128362
5433.8441660320 0.0214827
5434.0552724995 0.3708094
5434.4620408032 0.3698110
5434.9180868280 0.0309174
5435.1461577834 0.0326815
5436.0440625087 0.7226121
5436.5241168524 0.0140108
5436.6878074772 0.0625696
5437.3731460669 0.3137814
5437.8086055406 0.2259547
5438.1044888051 0.3193739
5438.7104835418 0.1124978
5439.2972563294 0.0123856
5439.5596268009 0.0163414
5439.8174018462 0.0329963
5441.4097719328 0.0135328
5442.1607626516 0.0193037
5442.4938805264 0.0170796
5442.8556107078 0.1780705
5443.9252013001 0.0543263
5444.2890368346 0.0113334
5444.9201583260 0.0240915
5445.1155191864 0.0249235
5446.1040577019 0.0778860
5446.5640857716 0.5220833
5448.1066772367 0.4030459
5448.4363670411 0.7204442
5449.0268631754 0.0198076
5449.8914005631 0.0989755
5450.4264620636 0.0165923
5450.6714392694 0.0361695
5452.3100515177 0.0541702
5452.6212823383 0.0188133
5453.6032950087 0.0869612
5454.3603853263 0.0807450
5454.7491581254 0.0459449
5455.1678618440 0.0630572
5455.5098371428 0.0475741
5456.0951968055 0.0696587
5457.1384783275 0.7181081
5457.8599625071 0.0227949
5458.0326154720 0.0306089
5458.6046610342 0.0116164
5458.9741066182 0.0547414
5460.6839574127 0.0108407
5460.8897789424 0.0191332
5462.0216658772 0.1361428
5462.2082405499 0.0239876
5462.3966674371 0.0530219
5463.0716926837 0.1376534
5464.0171872992 0.1855045
5464.4848312504 0.4692078
5464.8024597073 0.4745844
5465.4812700379 0.0680749
5465.8027576357 0.2216470
5466.6567672358 0.0134150
5466.8713537380 0.0119759
5467.3052902842 0.0114537
5467.5362167386 0.0100889
5467.9216278319 0.4155684
5468.5101319303 0.2056193
5468.9213839526 0.0127259
5469.2963110084 0.0290709
5469.6283948075 0.0745054
5469.9113075808 0.0266422
5470.1466883255 0.0115991
5470.8016692029 0.0537800
5471.6158035678 0.1385055
5472.1602075884 0.2951006
5472.7196300589 0.0931705
5474.2298328582 0.2505149
5474.6878788979 0.1146855
5474.8908663174 0.0285660
5475.0781603075 0.0194821
5475.4276794155 0.4195686
5475.7501305377 0.1233807
5475.9732952642 0.0421587
5476.9551815823 0.0190251
5477.2625866688 0.0132820
5477.8125136507 0.3599926
5478.0944041061 0.4514634
5478.4359800459 0.6244271
5479.2348674341 0.1247615
5479.9711693252 0.1883812
5480.3027059461 0.0107260
5480.7776840124 0.0118577
5481.5202358345 0.0114208
5482.0361824397 0.0931261
5482.3839226582 0.3270410
5482.7787677929 0.3457623
5482.9533937041 0.3333016
5483.3926913672 0.1239404
5483.7918102338 0.0109346
5484.1061711620 0.0244802
5484.6276164882 0.2869669
5484.8828295155 0.3621509
5485.4320703435 0.0281486
5486.1509613262 0.0265806
5487.0846188400 0.0291612
5487.2730695740 0.0263536
5487.6379832616 0.0104947
5488.0307372826 0.0115930
5488.2668670168 0.0100099
5488.6753053259 0.1932060
5489.0431770645 0.1555452
5489.2739513293 0.4547884
5489.7013982145 0.1304235
5490.4958603911 0.0442678
5491.1985138765 0.0317650
5491.3772278325 0.0739219
5491.6798775492 0.2247110
5492.0138873090 0.0141870
5492.2221924962 0.1074473
5493.3620498180 0.0792444
5493.7227734618 0.0242778
5494.4135149417 0.0433483
5494.7649653503 0.0736098
5495.0288248120 0.2304275
5495.3737049467 0.0977643
5495.9947834586 0.1541401
5496.2244464203 0.0256716
5496.4131643294 0.1062064
5497.2073510142 0.0199707
5497.4121972102 0.0106759
5498.0894799720 0.0578179
5498.3156324274 0.0228647
5498.6688057191 0.0271313
5499.0514919914 0.6937923
5499.4275338298 0.0258253
5500.9357297925 0.0122693
5501.1166008284 0.0151504
5502.1278533623 0.0194893
5502.2865521782 0.0118387
5502.4902230026 0.0143920
5503.0021493981 0.6829548
5503.6164310854 0.0492921
5504.6030581293 0.2183230
5505.0308436793 0.0315105
5505.2425784082 0.0167006
5505.4311936236 0.1378776
5505.6244044263 0.0495249
5505.9215757195 0.0667436
5507.0689345987 0.0109104
5507.4137245485 0.2453240
5507.7139960507 0.0152106
5508.0249563674 0.0370014
5508.3172300743 0.6927145
5509.2900594038 0.0184056
5509.9453199125 0.1000304
5510.1579784403 0.0461817
5511.0673438963 0.0375000
5511.2287336639 0.0382205
5511.5410986680 0.1782055
5512.1682060819 0.1091207
5512.7098669486 0.0128957
5512.9633760166 0.0261717
5513.3199125077 0.0619817
5513.5882123959 0.0455027
5513.7889742185 0.2079503
5514.0633158804 0.3396644
5514.5165376719 0.4552419
5515.0738677758 0.0100230
5515.8829939226 0.3001028
5516.0709283106 0.3728500
5516.3409901609 0.0652787
5517.1650302627 0.0343090
5517.5581121967 0.0152054
5517.8212422867 0.0268447
5518.0194454179 0.0426891
5518.3061598165 0.2439780
5518.6034006364 0.1136571
5519.0734444448 0.0559293
5519.8967201774 0.0121150
5520.3134401065 0.0138258
5521.1154473913 0.0979834
5521.3868410603 0.0110396
5521.5509033852 0.0101051
5521.7324116893 0.0109414
5522.0330155496 0.0531767
5522.4744313260 0.0520260
5522.6592271785 0.0511239
5522.8285441572 0.0318729
5523.1039364750 0.0234857
5523.6939259616 0.0142106
5523.9848254114 0.2669957
5524.8335587217 0.0546679
5525.1102282619 0.0193560
5525.5211734634 0.0419743
5525.7876514021 0.0308512
5525.9942488285 0.0175174
5526.3075107922 0.0167233
5526.6563915490 0.0269727
5527.0839671934 0.2807023
5527.7120553603 0.0169049
5528.3520323332 0.3861923
5529.1317421368 0.0271920
5529.9529552864 0.5724725
5530.4318774176 0.0934555
5530.7007132488 0.0884021
5531.5143700230 0.0186049
5532.0077750440 0.0533846
5532.3207135954 0.0849861
5533.2105232019 0.0108306
5533.5140277944 0.0740485
5533.8910169640 0.0258812
5534.1011486480 0.0138074
5534.2902884854 0.2124177
5535.1102290942 0.0113442
5535.3208816579 0.0150168
5535.8252367776 0.0185313
5536.2009418761 0.0617002
5536.3818814941 0.2198361
5536.7478094216 0.0284626
5536.9681114934 0.3673559
5537.6209687093 0.0266811
5537.8146093003 0.0211635
5538.1295239734 0.0500206
5538.6474163119 0.0200558
5539.3039556537 0.1663681
5540.0584091796 0.2053126
5540.6106547261 0.0172084
5540.8226249642 0.1094051
5541.3544151880 0.0437392
5541.7087429609 0.0193876
5541.9823664975 0.0242080
5542.2460021164 0.0181873
5542.4273005126 0.0252945
5544.4071988428 0.0137048
5544.7365701519 0.2997227
5545.4818820646 0.3497765
5546.1429113354 0.0187187
5546.9488082737 0.0101508
5547.4742377553 0.0465424
5548.0528198056 0.2884688
5548.5415932068 0.1340556
5548.8529331723 0.0114979
5549.2567742870 0.0151907
5549.4495966842 0.0114622
5549.8505465172 0.0103867
5551.1892972908 0.0378974
5551.4961025867 0.0605783
5552.1995382939 0.0161805
5552.4355655135 0.0102363
5553.0930830660 0.0191029
5553.3117056568 0.0196797
5553.5105457831 0.0386833
5553.7658678177 0.0231301
5554.2347469104 0.0436625
5554.6863914097 0.0261889
5555.1294194377 0.2202605
5556.4368891100 0.3802365
5556.9312200145 0.0108279
5557.2509443753 0.0329812
5557.7397692199 0.0165171
5558.2287440650 0.0179367
5558.5854153867 0.0542199
5559.0234665788 0.0194559
5559.4962857694 0.2823051
5560.3597291938 0.0292759
5560.6303548104 0.0207940
5561.1935848156 0.0447281
5561.4229798580 0.0274356
5561.7605491991 0.2739307
5562.7868257587 0.0456641
5563.1969877640 0.0116076
5563.6647992309 0.0304255
5564.0608392642 0.0158078
5564.2581754533 0.3133409
5564.8175128729 0.0113031
5565.1665245233 0.4726342
5567.0292905359 0.1334541
5567.2556194320 0.4167947
5567.6264606462 0.0764529
5568.3153658253 0.0315279
5568.9446663713 0.3602548
5569.3030683635 0.0264597
5569.6283108469 0.0224098
5570.2284342394 0.0100259
5570.4155474099 0.0598709
5571.1741317291 0.5359332
5571.5913307018 0.0246265
5571.9485379068 0.0231981
5572.1365845573 0.0177948
5573.6974235201 0.0202245
5574.3992546715 0.5543036
5574.6490960030 0.2543423
5575.1970080622 0.0319078
5575.9349046818 0.0227370
5576.4609783577 0.0146335
5577.6455563843 0.5315796
5582.8642120344 0.0135732
5583.5249818879 0.5429190
5583.8466958182 0.0193486
5584.2933709078 0.0122183
5584.5239575797 0.0287484
5585.5356076701 0.0251586
5585.8662121373 0.0112296
5586.0530745969 0.0441351
5586.3236501246 0.2089271
5586.7352622377 0.0119007
5587.2099073536 0.0199150
5587.8364298521 0.0476694
5588.3170475651 0.5112160
5589.1278347216 0.2114786
5589.4164879716 0.3647100
5590.3118782667 0.6823109
5590.9135245321 0.1403152
5591.4091102177 0.0759173
5591.6729781362 0.5589231
5592.3098420839 0.0771270
5592.9155971997 0.0135905
5593.8091310152 0.3069518
5594.1967056915 0.0493608
5594.7819779463 0.0104749
5594.9793687627 0.0125663
5595.2939742311 0.2151598
5596.0233097139 0.6761014
5596.2124844052 0.3409754
5596.6156218221 0.0374328
5597.7284639788 0.0213811
5598.6200549341 0.0228871
5599.8589951424 0.3678326
5600.0418769436 0.6246112
5600.3745682684 0.0159695
5601.5900971150 0.1338668
5601.7833701937 0.2038540
5602.3852790336 0.0150299
5602.8358067199 0.5038961
5603.3669222026 0.0420046
5603.6204500343 0.0104000
5605.3131807259 0.0807500
5606.4964886341 0.0349740
5607.4519071029 0.0288134
5608.5581779984 0.0177566
5609.2258810800 0.0935355
5609.7238615944 0.0258957
5610.5394148005 0.0548005
5611.3542864959 0.0131643
5611.5273045954 0.0361452
5611.8113900180 0.0260121
5612.9193405522 0.0646130
5613.2211704979 0.0232374
5613.9001474889 0.0262486
5615.2468158476 0.0123545
5615.8327807229 0.0666080
5616.3391647399 0.2035005
5616.8671959330 0.4000467
5617.2126658445 0.4839485
5618.7337347638 0.1233376
5619.4624269098 0.0150230
5619.9931592781 0.0132166
5620.1975241987 0.2959031
5620.7983833308 0.0273962
5621.1655472333 0.1925735
5621.5936638270 0.0446745
5622.0438621131 0.1704962
5622.9050536078 0.0263908
5623.1703269389 0.0445926
5623.7838172906 0.0176323
5624.3394525897 0.0166025
5624.5147916741 0.0521106
5625.5894583410 0.2639192
5626.1158722517 0.5085326
5626.4351517495 0.0713330
5626.8848682912 0.2089885
5627.2396368752 0.0797810
5627.5872675816 0.0278792
5628.3631030314 0.0125218
5628.6304721057 0.0126638
5629.2012330731 0.1854044
5629.5715935764 0.0238691
5629.9098870186 0.0802716
5630.2105382897 0.1041549
5630.6425893631 0.0115677
5631.6724098962 0.0243322
5632.5566821871 0.0107475
5633.3752296216 0.0393290
5633.5880508681 0.0109213
5634.0378695136 0.0162232
5634.7844045917 0.0164545
5635.5144105026 0.3331763
5635.8255536816 0.0124511
5636.0807691912 0.0180498
5636.4395176757 0.0100090
5636.7612044936 0.0106682
5637.0675355972 0.0205793
5637.3910622473 0.1932297
5637.7871891242 0.0345335
5638.2649799006 0.1279224
5638.6843396285 0.1923295
5638.9749606838 0.2091598
5639.2747362763 0.0203204
5639.8325620284 0.3864246
5640.3157669541 0.0466609
5640.9105002631 0.0202708
5641.8789484519 0.0773619
5642.5491035142 0.1549392
5643.0115475728 0.3295979
5643.4532839764 0.1291146
5643.9365398492 0.0333855
5644.1659134050 0.0271497
5644.3226888640 0.0603353
5644.6404369542 0.0716361
5645.7018048898 0.2375864
5646.5984054113 0.0141902
5647.1810788440 0.1509469
5647.3959241775 0.0618872
5647.6786775547 0.0384276
5648.2549705129 0.0449490
5648.8062347409 0.1063950
5649.4350899519 0.0129871
5649.8288259792 0.0290107
5650.1372581425 0.0947131
5650.6522191376 0.0629000
5650.9559536855 0.0374639
5651.2386970920 0.1468369
5651.5590174743 0.1696462
5652.0576604185 0.0146352
5652.2577217318 0.1674201
5653.0422737605 0.1089248
5653.5768940743 0.0130734
5653.8902856157 0.1469790
5655.4388956506 0.2197322
5656.0654026121 0.0539057
5656.5036515649 0.0728206
5656.7493552222 0.2549657
5657.0648375345 0.3563617
5659.0146416877 0.0664823
5659.4467300660 0.3217118
5659.9145179889 0.1478128
5660.1116065506 0.3076098
5660.3981321135 0.5060335
5661.1469286956 0.1058875
5662.0866755503 0.0487156
5662.3712381695 0.1000592
5662.5873269920 0.0311095
5662.9206806660 0.1221205
5663.5457698178 0.0319490
5663.7288964981 0.1941237
5664.0937936663 0.4694724
5664.5023905883 0.2463114
5665.5803042997 0.1847518
5666.1499511416 0.0309764
5667.1319437307 0.1563285
5668.2567400125 0.0810803
5668.7185569772 0.1222022
5669.0905659105 0.2723655
5669.9444022401 0.0642827
5670.6085441722 0.1603028
5671.3178601235 0.0658416
5671.5215403721 0.0767898
5672.4277176204 0.1860392
5673.0581355388 0.0269904
5673.3884638609 0.1036489
5674.9916873683 0.0178156
5675.7551823422 0.0149926
5677.0002100212 0.2344157
5677.3180946586 0.0316776
5679.2643138715 0.0405628
5679.9624987186 0.0265672
5680.1772813793 0.0250487
5680.6047406680 0.3091557
5681.4983075406 0.0504863
5681.8215792413 0.0636528
5682.6467414350 0.0203334
5682.8141441777 0.0181274
5683.7803650717 0.2742853
5684.2215546248 0.4457502
5684.5853616963 0.0218394
5685.0434456177 0.0173620
5685.7713681446 0.1903973
5686.0673558922 0.2606672
5687.7775510445 0.0738490
5688.1153087728 0.3357887
5688.4186484477 0.0872025
5688.9989615975 0.0108614
5689.7921713384 0.5565174
5690.1237325311 0.0208850
5691.0468483321 0.1099449
5692.0079728789 0.2185435
5692.7522376659 0.0138918
5693.0813723716 0.2227787
5694.4563519944 0.0233362
5694.8974998656 0.0126141
5695.2274182022 0.2432286
5696.3271719893 0.1220262
5696.5685868090 0.2267528
5697.6763889513 0.0705782
5697.9570782146 0.0114870
5699.6072365411 0.0940184
5699.9163930084 0.1877790
5700.1062592741 0.2682381
5700.9941705084 0.0213098
5701.7874798946 0.1750223
5702.0903389490 0.0238045
5702.6875756303 0.1670774
5703.1352424619 0.4893601
5703.4793582307 0.0155151
5703.9069071428 0.1561902
5704.2455312134 0.0712191
5704.4853846593 0.0277116
5705.1645179156 0.2541718
5706.3191632243 0.0992314
5707.0530177279 0.2030596
5707.5903521844 0.3407691
5708.3001554774 0.0415023
5708.6024021019 0.2550838
5708.8359893439 0.0202580
5709.3181382430 0.0105663
5709.6862477330 0.1939401
5709.9854222467 0.3058996
5710.4979638454 0.0262076
5710.9684980497 0.4800040
5711.1324298734 0.4488771
5711.5173984737 0.0646149
5712.6793917417 0.4761616
5713.4648447046 0.4506295
5713.7209876415 0.3224845
5714.3642525667 0.1092050
5715.4725398370 0.0445721
5715.7446358717 0.1033467
5716.1367240196 0.0353974
5716.6781940316 0.3787677
5717.0525064459 0.0213888
5717.4039364502 0.0118800
5718.0390927113 0.0550635
5718.8823793408 0.0109208
5719.4249717859 0.3254567
5719.8787520172 0.0160173
5721.4090184661 0.0368649
5722.0298157415 0.0442795
5722.4857880214 0.0754849
5723.2977759565 0.0286857
5725.2817608950 0.0255590
5725.6616900878 0.0133515
5726.0457728219 0.0276322
5727.2309888441 0.0191851
5728.6404064294 0.3062320
5729.2498573984 0.0743167
5730.4748476170 0.0107938
5730.7944215293 0.0176635
5732.4431597504 0.0418008
5732.8461556486 0.0776592
5733.3581325988 0.3232605
5733.8909088532 0.0843726
5734.4586962335 0.0212604
5735.6201951705 0.0185914
5736.1550973959 0.0375820
5737.2937277493 0.0342883
5738.6590626894 0.1008020
5739.8308574900 0.0787391
5740.1334572772 0.0211021
5740.6428732195 0.0104134
5741.0693416831 0.0830319
5741.3856998915 0.0124192
5741.5791627746 0.0642863
5742.4704067712 0.0114991
5742.8065811315 0.0157999
5743.4460110767 0.1969745
5743.6392937523 0.0109632
5744.5589918643 0.0566274
5744.7754566218 0.0230341
5745.0333374189 0.0539428
5745.5231803998 0.0218185
5748.0094774613 0.0210436
5749.2643224305 0.0935212
5749.5486259184 0.1670581
5749.9510371833 0.1773573
5750.4963239114 0.0106295
5750.8932700149 0.0217512
5751.6499141180 0.0121328
5753.6337583859 0.2639015
5754.7249811839 0.3906761
5754.9824429737 0.0164681
5755.2385288656 0.1449485
5755.6395344387 0.0184194
5755.8128723928 0.0238420
5756.0058773186 0.0796413
5756.2548901287 0.4291217
5756.7454469109 0.0131418
5756.9449810939 0.0122293
5758.4170960328 0.1419831
5760.3657965034 0.0188322
5760.8640793065 0.0429437
5761.1387870234 0.0663294
5761.9481144063 0.1474978
5762.4350107845 0.1775520
5762.8573718867 0.0149181
5763.1835843247 0.0218688
5764.0150008407 0.1578814
5764.2272583506 0.0184726
5764.5985494703 0.4145621
5765.0800622705 0.0122837
5767.9315511437 0.0609033
5770.9297314114 0.0403754
5771.2716323020 0.0107732
5773.2076977089 0.0410080
5773.7460719912 0.2026859
5774.0153780494 0.0292968
5774.2656206069 0.0120606
5775.6375403740 0.0831009
5775.8397953520 0.0196987
5776.6872558507 0.3200525
5777.8349558278 0.0149771
5778.3249066778 0.0195758
5780.0631255800 0.1512417
5780.4084346683 0.0109737
5781.2869309889 0.0215423
5781.9879845098 0.1027005
5782.2087735097 0.2020166
5782.4114951650 0.1631813
5782.7862333598 0.1117852
5783.3583605335 0.1223270
5783.7331048606 0.3977574
5784.6737414246 0.1836557
5785.4687002182 0.2444282
5785.9678597692 0.0157191
5786.2675956863 0.1687670
5786.5791559577 0.1664818
5786.8896611970 0.2382341
5787.3329903394 0.1989356
5787.5778521432 0.1097372
5788.6245457645 0.0496358
5788.8858983618 0.0121557
5789.5295522925 0.2654597
5789.9934751780 0.0473168
5790.4586285331 0.0117421
5791.7480699000 0.0363531
5792.2619270199 0.0225445
5792.5957783700 0.4260762
5793.1372601733 0.0504443
5793.3708807915 0.0193226
5794.6799318230 0.1584045
5795.3210497919 0.0170935
5795.5259664396 0.1830029
5797.6913927136 0.0538252
5798.0383985674 0.0101773
5798.3431618565 0.0218949
5799.0377088483 0.0203050
5799.4682010653 0.1629638
5799.7889941351 0.2170422
5800.1196337603 0.0136027
5801.4493104679 0.0105028
5802.8561349453 0.0189131
5803.3506467885 0.0108522
5805.6494283333 0.1563610
5805.8738764320 0.1261901
5806.0726317147 0.1053129
5806.8317256511 0.2020489
5807.3768778308 0.0694812
5808.3400009040 0.2827103
5808.7015548980 0.0159111
5809.3987089707 0.0445554
5809.5917479048 0.0185047
5809.8402401203 0.0115478
5810.8305717498 0.2697609
5811.2029862822 0.0100221
5811.4964768017 0.0106486
5812.4085136894 0.0239317
5813.5318000179 0.0663982
5814.0600593831 0.0142907
5814.4450219661 0.0156869
5815.2911577805 0.0119712
5815.6077895959 0.0322791
5816.4239249524 0.1232123
5816.8334155120 0.0614254
5817.2316343550 0.0167245
5817.6762347824 0.0692585
5817.9899732247 0.3473689
5818.6905306001 0.0672328
5819.0989654488 0.0132740
5821.5310411368 0.0132344
5823.4917672534 0.0334522
5824.0719466151 0.0311031
5825.3098695616 0.0332908
5825.7791072700 0.0134253
5826.0295810532 0.0125625
5827.3802053506 0.0221085
5828.2400200662 0.0170221
5829.0572556560 0.0221805
5829.2914431613 0.0133412
5829.4977748105 0.0781280
5831.6678688380 0.0112882
5832.2896709698 0.0170015
5833.2169732780 0.1295723
5833.5449256040 0.0104830
5834.0965829715 0.0161602
5835.6271806543 0.0800224
5836.7213832649 0.0801201
5837.0472489143 0.0307789
5837.1911022618 0.0391868
5839.3259479237 0.0571624
5839.7708400169 0.0341585
5839.9937379846 0.0995098
5840.2961403251 0.0290579
5841.2044778399 0.0108541
5842.8037877963 0.0158960
5844.8256621074 0.0162386
5846.2209623604 0.0309277
5846.5498997777 0.0204328
5846.9106226642 0.0385714
5847.5736925906 0.0193273
5847.8749182001 0.0256157
5848.6213191559 0.1432547
5849.7380852523 0.1930590
5850.5923594692 0.0110421
5850.8038238304 0.0110738
5851.3107257134 0.0511707
5851.7157388301 0.0125658
5852.8268416565 0.0221636
5853.8471916392 0.2214512
5854.7778394690 0.0600123
5855.3061391142 0.3178522
5855.9339921122 0.0185421
5856.7065062497 0.1280064
5857.5141340490 0.0177795
5857.7168560622 0.1800104
5859.0805142358 0.5547709
5859.3667958806 0.2488616
5859.8936694083 0.0221273
5860.4088064043 0.0808615
5860.8710566615 0.0211936
5861.2164213655 0.3765314
5862.7376328995 0.0483708
5863.9901545503 0.3924278
5864.4857258317 0.0121557
5865.0794194142 0.0172297
5865.5540086289 0.0156590
5865.8733246015 0.0390175
5868.0841557870 0.3953610
5868.7035457734 0.0191419
5869.1898855072 0.1417730
5871.3174656755 0.0117082
6007.2107602352 0.1546036
6008.0109884388 0.0219216
6008.7828553533 0.0136917
6008.9809947007 0.1574151
6009.3972190007 0.0326299
6009.6304506024 0.3102396
6010.2287424438 0.3740498
6013.8920361329 0.1602271
6014.4266038210 0.0177543
6015.1612246419 0.3969988
6015.5762747615 0.0118927
6016.9120850682 0.0352517
6018.3122144451 0.4418167
6019.9734128511 0.0497537
6020.3053508399 0.0118157
6021.0364531749 0.0321484
6021.8460911184 0.3838234
6023.4676835394 0.4463208
6023.8677035464 0.0139863
6024.1629193357 0.0108414
6025.7348219355 0.4132915
6027.4237502834 0.0249797
6028.7266172065 0.3184151
6029.3902316438 0.0155741
6029.6325431466 0.0125142
6029.9237705297 0.0134540
6030.4420153569 0.0109655
6031.5601901158 0.0218013
6032.7046163025 0.0142024
6035.7104834588 0.0466801
6037.0034234387 0.0184135
6038.1264611328 0.0350310
6040.9666436165 0.0110863
6041.4040789534 0.1306534
6043.7742788193 0.2679262
6047.6502562353 0.0180896
6054.3216611232 0.0184595
6055.1554639876 0.0161917
6055.3633586548 0.0929089
6055.7532653214 0.0510360
6056.7622087353 0.0138916
6057.0851061805 0.0132801
6057.6872456290 0.3222860
6058.0271658877 0.0198631
6058.4846914119 0.0100337
6058.9311754066 0.0272461
6059.8410429571 0.0265363
6062.3049032800 0.0106323
6062.4878310268 0.0104647
6063.3119265497 0.0136216
6064.3466529874 0.0363167
6064.5355424829 0.1366376
6066.3116263198 0.0954889
6067.1726776946 0.5633708
6069.2978909324 0.0125579
6070.9746706712 0.0110478
6078.5794063638 0.0299524
6080.1806930979 0.3598464
6080.6966889237 0.2233637
6082.9227153947 0.0129472
6083.1319206324 0.1312002
6083.3665596889 0.0211393
6084.4003862281 0.2272319
6085.3624490089 0.0115978
6085.7939615586 0.0563022
6086.9364648985 0.3086916
6087.9705254362 0.2002212
6088.3571456518 0.0211911
6089.5135354293 0.0378307
6091.2593291148 0.2065496
6091.9018867524 0.2880470
6092.8662732475 0.1416475
6093.6043002835 0.0787982
6094.4863175766 0.0418391
6094.8355221143 0.0641529
6095.3349475191 0.1647446
6096.0655058455 0.1086633
6097.8003920343 0.0110384
6098.3574587264 0.2154068
6098.7717196894 0.0222188
6098.9584549375 0.0248242
6099.9392783904 0.0807344
6100.3516720837 0.0434128
6101.9660048403 0.0448994
6103.8726884593 0.3468907
6104.4163604450 0.5829047
6104.8940032467 0.3449447
6106.8244055942 0.0659345
6107.4512039717 0.0115497
6108.2969327434 0.0332771
6109.8118307473 0.3369243
6112.7684083827 0.1441973
6113.3491816145 0.1040426
6114.6205079170 0.0289778
6115.0173888700 0.0321997
6117.8987258331 0.2133801
6118.6899472420 0.0496270
6118.8933676001 0.0148772
6119.7939271000 0.0134324
6121.2290537794 0.1998765
6121.4494526412 0.0590294
6121.9484204339 0.0473950
6122.6995674215 0.0402507
6123.9204819237 0.6220903
6126.7205914137 0.1054809
6127.9175071677 0.2319728
6129.1495415517 0.0174348
6129.6089353977 0.2692676
6130.6776984499 0.1591434
6131.2148534705 0.0195483
6131.4151050027 0.0160284
6131.8366083290 0.1094276
6132.9800139722 0.0143554
6133.2741689977 0.0785114
6133.5544115623 0.0726408
6134.8977335319 0.0100521
6135.6627029312 0.0268027
6136.2652016998 0.0147570
6137.0693570797 0.0932559
6137.4754127468 0.0585900
6138.3261597334 0.5758470
6138.7001806401 0.3898817
6139.0039165075 0.0161669
6139.4018044954 0.5405236
6140.2068045457 0.0499338
6141.3479658616 0.0189989
6143.4282419521 0.5407969
6144.1923603631 0.1038916
6144.9041945227 0.0160181
6146.7211453912 0.1387198
6147.1129809205 0.0217881
6147.9165901972 0.0278569
6149.5264489417 0.2210155
6150.3671519900 0.0168837
6150.9511476194 0.1145714
6151.4392760874 0.0158141
6151.8577388911 0.0952364
6153.3271820046 0.3093958
6155.9329243685 0.1841372
6156.8481121827 0.2340733
6157.4012744279 0.0200883
6157.7263548089 0.0627002
6157.9804930323 0.0252870
6158.5046861386 0.0172139
6159.0969042706 0.0152940
6159.4388266697 0.3215773
6161.0838290684 0.0692492
6161.9348013757 0.0124781
6162.4574698562 0.2600720
6163.0029528563 0.3359077
6163.8869329996 0.6005251
6165.2401088940 0.2007494
6165.4621595536 0.3500413
6167.0721588984 0.2282302
6168.1483498036 0.3831268
6169.5772978411 0.0114108
6170.7508245291 0.4697205
6171.2731168056 0.5202639
6171.6668085573 0.0209995
6172.2267816017 0.3080414
6172.7225188863 0.0163391
6173.7678839920 0.0127758
6175.0509127402 0.3917358
6177.0804050639 0.2300178
6178.5254856479 0.2776712
6178.9590316746 0.1027211
6179.2772332109 0.0108035
6181.7125849890 0.0250962
6181.9211366729 0.2973385
6185.3017039288 0.0483444
6185.5719730499 0.0150570
6187.4129594871 0.0737837
6187.9062391036 0.0478820
6188.4287342978 0.1232693
6189.1173549373 0.0284381
6189.7081340705 0.2192193
6190.7130813900 0.0614947
6191.0726869090 0.0120603
6192.1125157881 0.0122257
6192.8975431640 0.4059800
6193.2828131891 0.5774265
6196.1360185857 0.0342119
6197.1703909688 0.0412124
6200.9117604462 0.1197063
6201.2261914613 0.0315121
6202.0376941206 0.4090365
6205.0624620516 0.0132909
6206.3266639483 0.1082898
6206.9418080632 0.0155595
6208.9539951099 0.0157494
6209.9362808280 0.0101388
6210.2729232664 0.0168826
6212.3872632800 0.0371727
6213.7522473898 0.0241183
6215.1571903933 0.4546219
6215.5885373735 0.0674850
6216.3717628531 0.0195948
6216.8796882101 0.2420531
6217.6017763579 0.0199637
6218.0856900234 0.2174371
6218.3447999135 0.0122589
6219.4064385759 0.0169592
6221.0098534425 0.4500306
6221.6616363911 0.0149406
6221.9476661054 0.0416137
6222.1996286293 0.0753916
6222.5079994982 0.0976008
6223.0491924057 0.0797396
6223.4004992252 0.0162361
6225.7113470852 0.1360372
6226.2332250728 0.0731560
6226.9054516418 0.0115265
6228.4638689922 0.1649725
6229.2778210511 0.0489169
6230.9577902219 0.2317017
6231.8182335984 0.0914721
6232.4622030407 0.5637747
6234.3730805082 0.3958930
6234.9232251271 0.0515963
6235.2131096412 0.0145606
6239.0520534090 0.1783609
6240.1133281957 0.1236288
6241.0984274934 0.0219229
6241.5098593258 0.0286899
6241.6754601527 0.0246169
6242.0383956320 0.0865610
6242.3801323131 0.2956739
6244.5554569101 0.1201541
6244.8417611275 0.2807879
6245.5471916246 0.1550491
6245.8375085793 0.0161414
6246.2022268092 0.1458035
6247.3502433436 0.1346297
6248.0551090817 0.4520835
6249.0681883890 0.0143570
6249.2924719951 0.1727319
6251.3635186206 0.0476966
6252.9599598199 0.0127415
6253.5585632377 0.1561504
6254.2964869033 0.5599431
6255.5669026578 0.0854671
6255.9856493418 0.4849712
6256.5736422247 0.0116575
6257.6864884979 0.1141818
6258.0952239765 0.4897588
6258.6375961484 0.0425269
6259.3132637822 0.0174857
6259.8416343475 0.3745519
6260.4465839542 0.3516679
6261.3217212206 0.0636900
6262.8398324413 0.3575849
6263.9250196216 0.0102689
6266.8743206603 0.4741994
6267.3560197758 0.0217077
6267.7483523279 0.0140850
6268.0577359588 0.0356680
6269.4752458350 0.0253991
6270.2667827561 0.0197334
6270.5716460549 0.0379901
6271.7374064114 0.0187215
6271.9662549199 0.2743814
6344.5897984812 0.0104189
6345.9114558737 0.3049035
6347.7130161859 0.0113721
6348.8508847990 0.0659374
6349.5984090306 0.0218553
6351.2414439292 0.0105646
6351.4981917237 0.0117107
6352.2582412710 0.0332046
6353.0300613293 0.0160782
6354.6834974883 0.0124528
6355.5980214047 0.0124192
6356.7941434110 0.3188944
6359.0495274422 0.0137592
6360.4475922464 0.4380789
6360.9466833044 0.0114555
6361.6299123847 0.0105795
6362.5744993619 0.0710661
6364.1111915855 0.0583864
6364.6344196769 0.1937671
6366.1282086548 0.1221041
6366.4570968951 0.0538987
6368.2468256706 0.0936417
6368.8811168071 0.0129813
6369.1932615827 0.0141495
6371.2259615870 0.0467970
6372.1141292268 0.0712616
6373.1211747788 0.0498079
6373.3979421367 0.0125261
6376.9844836978 0.0103840
6377.3042250167 0.0115509
6377.5714283179 0.0173890
6377.9609544162 0.0156896
6380.0197238049 0.1257876
6382.5127925131 0.2468233
6382.8899306874 0.0121682
6383.4127772796 0.0120805
6383.9098862007 0.0111495
6385.4799211522 0.0277522
6385.6934886831 0.0101195
6386.2084927013 0.0131362
6386.4280598235 0.0964706
6387.2387847050 0.0104565
6387.4877944840 0.0558048
6390.1771972214 0.0168747
6392.2640197673 0.0111402
6393.0201285881 0.0100378
6393.9567787737 0.0121453
6394.3129658674 0.1240460
6395.3815001422 0.5627466
6395.9915845510 0.0200774
6396.9236678739 0.0204609
6397.2342296562 0.0100349
6398.1508683429 0.0151802
6399.7569013417 0.0179910
6401.7789913598 0.4738290
6402.0923537962 0.3426473
6402.5929454650 0.0103569
6404.8951798672 0.0140364
6407.2422221602 0.0163254
6407.5221711851 0.0251866
6409.0620057051 0.0731889
6409.7976985396 0.4027089
6410.4373456897 0.0221890
6412.6962662628 0.0314504
6412.8902274157 0.0235367
6413.4306601920 0.4276014
6415.3053839574 0.0101724
6415.6966384295 0.0179347
6416.3701320251 0.0823319
6416.7603488890 0.1356169
6418.7030442186 0.1414813
6419.4772623897 0.0544250
6420.8618928185 0.0210429
6421.4255518087 0.0599353
6421.7311077465 0.3333101
6423.1338666185 0.5223523
6426.6298003101 0.0491851
6428.0450981390 0.0161292
6431.6810263853 0.0203742
6432.6325544550 0.5196966
6433.4929201495 0.0130429
6433.7908504439 0.0140264
6434.4626436587 0.1124704
6435.2289964932 0.0401364
6438.1923416628 0.0555054
6439.4699309534 0.0235070
6439.8496214616 0.0105220
6440.8626527418 0.6639549
6442.7228329981 0.0289124
6444.7392995797 0.0100491
6446.4823318373 0.0120011
6607.3707976310 0.0160343
6607.7833792707 0.0270556
6608.7839226663 0.0281410
6609.8579849465 0.1250510
6610.9456396721 0.3537728
6611.4146879731 0.0546415
6614.0171443880 0.0169466
6615.2561083051 0.0442803
6615.6501059928 0.0521389
6619.4122703876 0.0105908
6626.1803190885 0.0136975
6626.6528756511 0.0256535
6626.8580097697 0.1214378
6628.0016816872 0.0133901
6629.3811912998 0.1227758
6631.8482302237 0.0537514
6633.8409615870 0.0152523
6634.2784668204 0.0497254
6635.2471137421 0.1159859
6635.5873956375 0.2578875
6635.9462510466 0.1028787
6636.9598682407 0.0907856
6637.5244732870 0.0376466
6638.1944015103 0.0132933
6641.3123770996 0.0112114
6641.5317247832 0.0970105
6641.7230817613 0.0625549
6644.3981205744 0.0116755
6645.4683546108 0.4378196
6646.1540774070 0.0120054
6646.9525437566 0.0165170
6648.7737826166 0.0683122
6649.6788473897 0.0116033
6649.9327085550 0.0440898
6655.6948283292 0.0516801
6658.1597793581 0.0102804
6661.6981510976 0.0188140
6662.9192600535 0.0607530
6663.1603335643 0.0301886
6664.8535173967 0.0121327
6665.0758730551 0.1567470
6665.2910632969 0.3893612
6666.1578247281 0.0145487
6667.0704771197 0.0101724
6667.2752924923 0.0119770
6667.6939882552 0.0117019
6668.3495861089 0.0188862
6669.0215726699 0.0175270
6669.2634209308 0.0418087
6669.5670778916 0.0544055
6670.2237865854 0.0272726
6671.1251017829 0.0268584
6674.5052005165 0.0138090
6679.0455542085 0.0140086
6679.8395704920 0.5014957
6680.4220169843 0.0146315
6680.6602132463 0.0254739
6681.9885737197 0.0294988
6689.3420081451 0.0216495
6689.5735835891 0.0103009
6691.1029218824 0.0130876
6692.6545665370 0.0125474
6694.1246611739 0.0128931
6694.6992213249 0.0145453
6697.8761808013 0.1798329
6698.1660829431 0.0675847
6700.5247228231 0.1170167
6700.9960879663 0.0388141
6705.2077435688 0.0128665
6705.4254207594 0.2041299
6706.3376839577 0.0327652
6706.9595765161 0.1851597
6709.2976608916 0.0359930
6710.8567462496 0.0104867
6711.7524254234 0.0174799
6712.1785697209 0.1201480
6713.6730831179 0.0168054
6714.3097963173 0.0197741
6714.9045449912 0.1300108
6715.6009612684 0.0908701
6717.2451973685 0.1033980
6718.0938996945 0.0708176
6718.5305896013 0.0210232
6719.5435833046 0.3959025
6721.4858176691 0.0179953
6723.6993408620 0.1021584
6724.5759461389 0.0119675
6726.5179144529 0.0178496
6727.2196650640 0.0906066
6728.5302971498 0.2167805
6728.9915110577 0.0115777
6730.4597298509 0.0109893
6730.8785229602 0.0386846
6731.5899211796 0.0163575
6732.1489425658 0.0225068
6733.9291439066 0.0395946
6735.0156916011 0.1175512
6736.1154416179 0.0169553
6737.3057920048 0.0119306
6739.8502306742 0.1011897
6740.0844227954 0.0308072
6740.7050875572 0.0305538
6741.3886515778 0.0848465
6742.8406568605 0.0101398
6743.4928450733 0.0394463
6744.7719944750 0.0137448
6744.9952172770 0.1587511
6746.9700913666 0.0444999
6747.4132598702 0.0264037
6747.8270171030 0.0392795
6748.8235843513 0.0272401
6749.9999085023 0.0174215
6750.2497547668 0.0115066
6752.0245045975 0.3836737
6752.5134559786 0.0101897
6754.5771696716 0.1464536
6755.3306209618 0.0272101
6756.7787371609 0.0157649
6757.4758644122 0.0710478
6758.4156279714 0.0168385
6759.0430693589 0.0191142
6762.8900083990 0.0111402
6764.0086761689 0.0104793
6764.2467180620 0.0101410
6765.8276891936 0.0146730
6769.6511004036 0.3831952
6771.5200188846 0.0111317
6772.9186639516 0.0901636
6774.1922571505 0.2256901
6779.2758858536 0.0364647
6784.1133683766 0.0140797
6785.1509636224 0.0176900
6785.5783905100 0.0614160
6786.1139844872 0.0214915
6786.8877104680 0.0182768
6787.6340096909 0.0183504
6788.3048596267 0.0253639
6788.7389629719 0.1153392
6791.0114031011 0.0140553
6791.8421249696 0.0100147
6795.1375966657 0.0653365
6795.4984674620 0.0670757
6796.1844830637 0.0147128
6796.4996423324 0.0168859
6797.6793654099 0.0183343
6797.9947567316 0.0572727
6798.3882947678 0.0126373
6800.3457030150 0.0319336
6800.7775927704 0.0125103
6802.4797289439 0.0356032
6803.7466053770 0.0139669
6805.8854287846 0.1041944
6806.1529791477 0.0666930
6808.5012604151 0.0115995
6808.7310421374 0.1874692
6812.1479349927 0.2015406
6815.4842478502 0.0210731
6815.8214036039 0.0128487
6816.8327932848 0.1099074
6821.4632187348 0.0341094
6822.2570959574 0.1662226
6826.7197641065 0.0205056
6829.8258713948 0.0158700
6830.2320549771 0.0149849
6830.4828336245 0.2441856
6831.5161535223 0.0112963
6835.1213191315 0.0444325
6838.8978113853 0.0805127
6840.7087630694 0.0784185
6841.4927020542 0.0122688
6841.7260181957 0.1732988
6843.2338114297 0.2440656
6843.9315452700 0.1034242
6844.3451659997 0.0118236
6844.5795480188 0.1852635
6845.0568712203 0.0180476
6845.5505754500 0.2681746
6846.5770413001 0.0154079
6849.4897052804 0.0244526
6850.4553311132 0.0447847
6851.2112569180 0.0124267
6852.3264040880 0.0292049
6853.5331482377 0.0348866
6854.1140994698 0.0105369
6854.6141047298 0.0156197
6856.2242901282 0.0162154
6856.7199989132 0.0597405
6857.0606260059 0.3133931
6857.6148942198 0.0875172
6859.1472062973 0.1184972
6859.8045059785 0.0114779
6860.0481498338 0.2330551
6861.9814860830 0.0147716
6862.1890357758 0.0321274
6862.8277157083 0.0221970
7419.0880285916 0.0110576
7419.4310134795 0.0493095
7420.3682051121 0.0272560
7420.7197598311 0.2241751
7421.4153596245 0.0115909
7422.2908528429 0.0127732
7423.6093676440 0.0738413
7424.3307191626 0.3345010
7425.5561287917 0.2512288
7425.8913858478 0.0334184
7426.6630513540 0.0465060
7429.5988501058 0.0284571
7432.5943067706 0.0757904
7432.8942655709 0.1112060
7433.1849724166 0.0166824
7433.6671546815 0.0360762
7434.0114024241 0.0161434
7434.4703889049 0.0111150
7435.0614718343 0.0142728
7435.5033041199 0.0192003
7437.6365859605 0.1039727
7439.1172532914 0.0132000
7439.6630874720 0.0270242
7440.4492983691 0.0107871
7442.2615313487 0.0344884
7442.6374419015 0.0527843
7442.9690006050 0.2042667
7443.8596984388 0.0110185
7445.0777547947 0.1541442
7446.5559075166 0.0107711
7447.8118127812 0.3625923
7449.4533945554 0.1367270
7449.9664270055 0.0690307
7450.2938158666 0.0112393
7451.4005058587 0.0421982
7452.5100281054 0.0166248
7454.1703081579 0.0350330
7456.0589749888 0.0518660
7457.4515907582 0.0215542
7458.3918193288 0.0108203
7459.4084708884 0.0172569
7461.1052981655 0.0154024
7461.4120218370 0.0120392
7462.5952680034 0.0206202
7463.3247258209 0.0144594
7463.5834136494 0.1467294
7464.3808954011 0.3125232
7465.2311094533 0.0102719
7465.4505390757 0.0372105
7465.9377758863 0.0112866
7466.3269679879 0.0409780
7468.5803178202 0.0206708
7470.9789219973 0.0168284
7472.0247791431 0.0118926
7473.3678827485 0.0146468
7473.8070762864 0.0164488
7474.5752210833 0.0107292
7474.8092953666 0.0457452
7475.6172625831 0.0810034
7476.5749806240 0.0129225
7476.9698185915 0.0123217
7478.1927204468 0.0637062
7478.4405569821 0.0643995
7479.6424768006 0.0526318
7480.9017076456 0.0150693
7481.1405610289 0.0119954
7481.7472126692 0.0208948
7483.5475842007 0.0300413
7483.7961754006 0.0323403
7484.0108413716 0.0438737
7484.2822183365 0.0604883
7484.9404852679 0.0101408
7485.4558845411 0.0101164
7486.3701114008 0.0361490
7486.7164692572 0.0170181
7488.1879727657 0.0170208
7488.7226765463 0.0351646
7490.7654592024 0.0123210
7491.6369485703 0.0471749
7493.7200524354 0.2290590
7494.4029478538 0.0116254
7495.1595552119 0.0116453
7495.6068138225 0.0101153
7496.0315334247 0.0156352
7496.4669969546 0.0553421
7497.1429520628 0.3534300
7498.1702298198 0.0292587
7500.6019583273 0.0909933
7501.2704631984 0.0132892
7502.2808279975 0.0169162
7503.3421429684 0.0181648
7503.7797208411 0.0107240
7504.8650749666 0.0110896
7506.3385692333 0.0240532
7506.9976246190 0.0146346
7508.0925170097 0.0809882
7509.3408799723 0.2181699
7510.6802679857 0.0129146
7513.1015988230 0.3644835
7514.2123569681 0.0226109
7516.2720665910 0.0664567
7517.4933633418 0.0109039
7517.9077520451 0.0282496
7518.6729702597 0.0150481
7518.8799105430 0.0133060
7523.1092317291 0.0123066
7523.6198843576 0.0119573
7524.8449478214 0.2467724
7525.2951297110 0.0550471
7527.1916975903 0.2620257
7528.1923991039 0.0107267
7530.2302035513 0.0187925
7530.4703154334 0.0108787
7531.5444965582 0.0119860
7533.2286193865 0.3096567
7533.8616174880 0.0299229
7535.4378001857 0.0436812
7539.5250548782 0.0133706
7541.5859967145 0.0115993
7542.5188025461 0.0620951
7543.6142245704 0.0167284
7544.0004309106 0.0417945
7547.6934140936 0.0134187
7548.2629372612 0.1746257
7548.7375399561 0.0164918
7549.9835080227 0.0744856
7552.8434346690 0.0133428
7553.1860107135 0.0429545
7554.5742596325 0.0306208
7554.8980180717 0.0233931
7556.0342379211 0.0228887
7556.9153058676 0.0462356
7557.6882080283 0.3113023
7559.7675059552 0.0162845
7560.9409180012 0.0123369
7561.7931494927 0.0904462
7565.1001112800 0.0686539
7566.5794276769 0.0138935
7567.6022027255 0.0151026
7569.2615002145 0.0253110
7570.9925407983 0.2732533
7571.6478472861 0.0314570
7575.5152294829 0.0500703
7576.1347714855 0.2408493
7577.4932664030 0.0144240
7580.5692340986 0.0103768
7580.8788636029 0.0118733
7583.7972085464 0.0125191
7584.2074505426 0.0505119
7584.5766544784 0.0119956
7585.2039623003 0.0121801
7585.8891301907 0.3575720
7586.3641677767 0.0156312
7588.1190084036 0.3420113
7761.4725527664 0.0322805
7762.7896593806 0.0308981
7766.7889299821 0.0138813
7774.0991763193 0.0894685
7776.3169953376 0.0764487
7777.5403448606 0.0669075
7791.0763504793 0.3464914
7801.3650182687 0.0210069
7802.1527959643 0.1020525
7804.6278325248 0.0546596
7810.0640866005 0.1906610
7812.9732088357 0.0679732
7813.2879293570 0.0498744
7815.7896869996 0.0101203
7822.9620893006 0.0259109
7823.9172740269 0.0125697
7828.9203336405 0.0477264
7832.9201882859 0.0128104
7834.3629371123 0.3198615
7837.4627151730 0.1318120
7838.2853100972 0.1700501
7840.2898485412 0.0244572
7842.1405790882 0.0101709
7852.1345771869 0.0992810
7854.8448064648 0.0200561
