3783.0104165107 0.5064713
3783.1938935544 0.5333005
3783.5241456359 0.5786412
3783.6876305610 0.5186285
3784.2659433830 0.0641291
3784.4257598669 0.2860730
3784.6116825775 0.8872234
3785.3265732668 0.1574438
3785.5757661126 0.2030334
3786.4160773153 0.0954631
3786.7852704744 0.5779520
3787.0242620550 0.8067645
3787.2465284143 0.8043116
3787.4008065043 0.3548226
3787.5267957609 0.3285988
3787.7561352572 0.8371058
3788.2418067786 0.5175055
3788.9598668722 0.6853023
3789.5126252451 0.1171656
3789.7717439764 0.5281420
3789.9330812424 0.2824015
3790.2571170684 0.7213984
3790.3707456388 0.3052628
3790.5018852256 0.5138999
3790.6503090399 0.3764540
3790.8987891315 0.4583376
3791.1733453538 0.8101415
3791.2896690148 0.5439099
3791.5630119429 0.5889971
3791.7317645865 0.5461151
3791.8373824385 0.5452691
3792.1813800724 0.2720346
3792.4567524994 0.3737384
3792.5814491556 0.6568913
3792.8205378728 0.5220082
3793.2291005935 0.6734568
3793.4189666715 0.6632209
3793.7604282513 0.5079289
3793.9054886863 0.5424426
3794.1960906617 0.0728724
3794.4284562964 0.4916380
3794.5598815117 0.6366462
3794.6782223096 0.7422366
3794.9512224064 0.6426471
3795.4200687676 0.7232515
3795.6975765865 0.1328866
3796.0814518762 0.6866050
3796.6097239330 0.4584530
3796.8488916987 0.0825297
3796.9745759358 0.3454437
3797.0883339260 0.1893845
3797.4630545929 0.1108104
3797.5711008804 0.0914410
3797.9619575290 0.2874102
3798.2153673757 0.3070620
3798.5971443585 0.7442227
3798.7967563357 0.3795707
3799.0288189204 0.5084267
3799.3429117684 0.4471053
3799.5932577524 0.6361876
3799.9750437217 0.2164121
3800.6319667767 0.6562044
3800.9876660243 0.3187169
3801.3898599182 0.1257238
3801.9236864805 0.0875726
3802.1818698152 0.2505950
3802.4405305944 0.3977675
3802.6296024004 0.1293196
3802.7597222354 0.7143397
3802.8932370423 0.5994922
3803.0678904642 0.6823742
3803.2032681253 0.1867424
3803.3592135986 0.5953948
3803.5731395913 0.1174132
3803.8157854139 0.1485384
3804.0654919208 0.2779354
3804.1609777617 0.2067071
3804.3321795289 0.3703610
3804.5584831882 0.5638368
3804.8658963654 0.0677419
3805.0913860243 0.5968530
3805.3681528926 0.1019097
3805.5708249157 0.0754208
3805.6926533802 0.4187219
3805.8743133459 0.6598481
3806.4258641615 0.7504082
3806.8314490940 0.1350574
3807.2993387321 0.6790499
3807.5078929963 0.2886598
3807.7944834318 0.8159920
3808.2286572252 0.7840680
3808.4702426715 0.1121576
3808.6201331785 0.7297104
3809.0147958209 0.4066810
3809.1936033105 0.5909583
3809.3655468573 0.4920812
3809.6016468808 0.6090085
3809.8135813570 0.8088014
3810.1282890822 0.5790733
3810.6651706859 0.7487870
3810.8065156756 0.3811360
3810.9716781530 0.0878603
3811.1132271460 0.0568727
3811.3679767978 0.1049300
3811.8384300991 0.6991898
3811.9876975483 0.1936817
3812.1246115283 0.5749779
3812.3780553330 0.5387562
3812.9745747307 0.4780501
3813.3310243988 0.1696070
3813.5484266120 0.0964225
3814.0473864779 0.6871266
3814.4718218429 0.3820261
3814.5767304001 0.5586475
3814.7187570313 0.6017680
3814.9832575440 0.6226754
3815.6180541696 0.8010082
3815.8671640954 0.4988873
3816.9269409005 0.6908083
3817.4264192046 0.5595446
3817.5481646792 0.1770305
3817.8258733600 0.2974688
3818.0057236332 0.3424518
3818.4704327469 0.1651065
3818.7256190072 0.5753350
3818.9282990442 0.3509643
3819.3208782278 0.5872525
3819.5569540539 0.2684278
3819.7065858571 0.3033562
3820.1473549559 0.2080570
3820.5809010493 0.2904783
3822.2663616256 0.5103296
3822.5708386335 0.1632228
3822.9214166430 0.4982338
3823.0807816498 0.4683155
3823.3771530731 0.3261904
3823.7293654696 0.0684285
3823.9583177626 0.4285480
3824.1444949690 0.2298395
3824.3004188630 0.3854952
3824.4392003518 0.1020781
3824.5982440770 0.7119743
3824.9742278052 0.3943446
3825.1670620133 0.3288106
3825.3934808004 0.3576383
3825.5313429015 0.5647386
3827.9330001496 0.2659812
3828.6646385729 0.2908552
3828.9138976833 0.6861681
3829.6361358688 0.4739850
3830.4448261712 0.7737953
3831.1581280925 0.1785372
3831.4499648460 0.0916637
3831.5785400395 0.0929726
3831.7231836603 0.1914819
3831.8476861354 0.3921625
3831.9528521340 0.5007792
3832.1218597588 0.4422608
3832.7810561540 0.5276121
3833.3930795792 0.7853751
3833.9670633381 0.3683095
3834.2906615752 0.1593700
3834.4005360499 0.5480132
3834.9511562492 0.1966994
3835.3172742233 0.7115604
3836.2660087821 0.2996453
3836.4497988260 0.2236721
3836.6366071548 0.1564163
3837.0502967922 0.1300594
3837.1732784371 0.4986751
3837.4227125498 0.6115595
3837.6063699808 0.4279862
3837.8570975906 0.2774810
3838.0058477862 0.2524277
3838.2267857613 0.3852716
3840.3462746893 0.5032671
3840.7151290404 0.2500053
3840.8736194721 0.4101468
3841.5310541946 0.7273980
3841.8428321072 0.2749774
3842.1432857159 0.6824577
3842.3599476262 0.1731873
3842.5450579622 0.2561243
3842.8225276057 0.2637869
3843.1397121675 0.7314011
3843.7252055533 0.2175682
3844.1003336556 0.6467583
3844.3519346152 0.7369933
3844.5502576101 0.1722305
3844.8002102520 0.4734677
3845.0858299299 0.6487631
3845.3272378306 0.5849229
3845.5334650726 0.4526131
3845.6598057993 0.0955172
3845.9800947954 0.2400254
3846.1079958783 0.4038396
3846.2743592942 0.7317991
3846.5623035299 0.8793733
3846.7879775715 0.4547020
3847.0818718058 0.6003757
3847.3792186388 0.3260568
3847.5069876987 0.6984308
3847.7424854669 0.5640177
3847.8969776374 0.7496917
3848.0385579600 0.5998560
3848.4150197518 0.4098932
3848.9344225021 0.5411303
3849.3879144015 0.6201432
3849.9368958791 0.3963699
3850.0906087896 0.5933014
3850.4529560162 0.3971953
3850.6295708441 0.4415433
3851.0624335637 0.7104975
3851.6046871584 0.0620368
3851.7530602519 0.1856102
3851.9158381925 0.7278756
3852.3792853219 0.5755685
3852.6273934992 0.3137667
3852.9484823907 0.2155030
3853.3066798559 0.5743912
3853.4950374223 0.6716166
3853.6707030274 0.7511832
3854.1328178666 0.3002001
3854.2948416839 0.4096521
3854.4396778905 0.2478465
3854.5726005080 0.6068385
3854.8191952958 0.3357375
3855.0141769976 0.0620622
3855.1504396246 0.2637926
3855.3235406049 0.4571556
3855.4611665068 0.4536175
3855.6645553866 0.3619762
3855.9477348438 0.3410431
3856.2138092117 0.0715020
3856.4564202363 0.6764933
3856.7021645664 0.5421394
3856.9370834208 0.6135043
3857.4695260177 0.6235927
3858.2395899066 0.2411153
3858.4260165078 0.0924236
3858.7543554999 0.4874042
3858.9857419889 0.2213657
3859.2378464586 0.2988690
3859.3948690811 0.7251198
3859.7816581929 0.1714327
3859.9668295897 0.2315902
3860.3113578678 0.4674500
3861.7164085582 0.1398148
3862.1178011565 0.1153512
3862.2582488199 0.4529649
3862.4361818269 0.4350045
3862.6726600173 0.2697449
3863.0760216209 0.2856842
3863.3136068405 0.2110391
3863.4286032327 0.0597147
3863.5865930220 0.3959711
3863.7986419579 0.0723872
3863.9247803497 0.2788501
3864.1614187645 0.2683903
3864.4931647876 0.5186280
3864.8311003722 0.6803284
3864.9643567872 0.2142391
3865.0755147220 0.1489665
3865.1995585400 0.5431753
3865.3993161601 0.5728612
3865.5925450216 0.3598832
3865.9650874144 0.6925476
3866.2419642139 0.3755347
3866.6235400693 0.6982901
3867.0870093168 0.3943471
3867.5357319284 0.4772848
3867.9234706014 0.4289760
3868.0686361988 0.1444400
3868.3149776962 0.7353202
3868.7186427561 0.6530518
3868.8575802136 0.3047267
3869.0219412275 0.5135759
3869.2170236367 0.2609167
3869.3386248229 0.4255885
3869.5081700466 0.5321848
3869.8692649813 0.4435499
3870.2574240106 0.3329277
3870.4005270237 0.3464460
3870.6736201278 0.7985532
3871.0185026562 0.5755227
3871.2528114675 0.5957761
3871.4566651829 0.2694698
3871.5894153129 0.4344772
3871.7814250162 0.3930200
3871.9777286173 0.2082862
3872.1183729225 0.1631284
3872.4840828555 0.4338814
3872.6463655230 0.1928237
3872.8542500996 0.6282659
3873.0002882896 0.2820986
3873.1677029234 0.4486195
3873.6037554981 0.6948037
3874.0294851272 0.4232875
3874.2048879416 0.8407807
3874.4554251626 0.2169438
3874.6670255092 0.3528663
3874.8631427362 0.7717375
3875.0520463958 0.8581015
3875.6189722521 0.6381760
3875.8718400224 0.6011195
3876.1789571842 0.7218817
3876.3649474573 0.6124067
3876.8757397675 0.6213538
3877.0037039872 0.4118460
3877.1566313250 0.8461674
3877.4029290180 0.2350024
3877.5436272229 0.3645201
3877.7756701359 0.4138171
3877.9383712388 0.7849542
3878.0747594724 0.5755230
3878.2986990269 0.3510224
3878.4384508464 0.2708847
3878.5712657302 0.2993936
3879.1218818159 0.6473925
3879.4048443972 0.1325603
3879.6739938833 0.6295685
3880.3009204294 0.3137304
3880.6779978343 0.3863233
3880.7841419071 0.4726293
3880.9457864487 0.1202063
3881.0706091644 0.4108679
3881.1637636258 0.2584551
3881.2928827403 0.2467324
3881.7842187341 0.5622600
3882.1075295255 0.6004072
3882.6989418270 0.5218219
3882.9730982333 0.8569878
3883.2469620539 0.6468898
3883.4051002856 0.6662161
3883.6236009031 0.5325233
3883.8024383644 0.5477785
3883.9731343562 0.4307291
3884.1005512902 0.1644384
3884.3892466047 0.3015187
3884.7361555565 0.2602292
3885.1881028576 0.0982875
3885.4678587169 0.5093997
3885.7146795414 0.5347931
3885.9431076175 0.0978771
3886.3133461078 0.5994049
3886.6173104428 0.5672197
3886.8588748608 0.1903051
3887.3888016536 0.5578493
3887.9012978298 0.3361310
3888.1532436333 0.6454918
3888.9885152711 0.0663227
3889.1360504586 0.1426597
3889.6207957551 0.6752601
3889.9260531143 0.4224906
3890.2063168658 0.2267729
3890.3224664917 0.1191441
3890.4536578146 0.3272378
3890.7744882810 0.4083408
3891.0391727273 0.5562656
3891.2903224594 0.5669097
3891.4991717764 0.4822949
3891.6633962228 0.4415243
3891.9454592465 0.6897465
3892.2936187335 0.4468039
3892.4840215282 0.2558984
3892.6085179697 0.3192036
3892.8776335336 0.1554787
3893.0315195892 0.6358923
3893.4139797719 0.2375977
3893.5391394770 0.0500730
3893.6911153860 0.4730687
3893.9821540615 0.7416676
3894.4995355952 0.6931539
3895.0200162180 0.6725037
3895.1597287747 0.7077740
3895.5890790157 0.2765150
3895.8055406820 0.0634224
3896.0848409448 0.6908762
3896.1992771795 0.1371472
3896.3474056894 0.1415256
3896.5543601607 0.1912202
3896.7633561541 0.6469171
3897.2331392812 0.1116574
3897.5823044938 0.3436245
3897.8813396104 0.1283422
3898.0768162046 0.0394536
3898.1807149063 0.0387570
3898.4203945943 0.1047704
3898.5604118439 0.6805269
3898.7577884039 0.0598704
3898.9982031343 0.7064097
3899.1171337621 0.6471852
3899.4928377623 0.4461788
3899.6005066071 0.5250143
3900.1365375401 0.6039847
3900.2512340660 0.2126792
3900.8166113158 0.5948871
3901.6431992200 0.7720624
3901.9382603804 0.2308873
3902.0660374152 0.6151668
3902.2625611182 0.0590109
3902.6998985123 0.4487312
3902.9700613391 0.4986998
3903.2088966755 0.0551563
3903.3633864002 0.6992946
3903.5357681560 0.2543350
3903.7448342484 0.2402008
3904.0531240395 0.7163935
3904.2603003405 0.2132629
3904.9947593649 0.7427777
3905.1816111124 0.1940425
3905.7398904635 0.1523392
3905.8926014877 0.7276014
3906.1197367111 0.1664870
3906.3032422884 0.1750244
3906.6321610697 0.5149210
3907.0090041474 0.2755872
3907.4049991659 0.4901862
3907.5914595547 0.7086324
3907.8553960990 0.5684144
3908.0673914312 0.2603562
3908.2130691756 0.1041944
3908.5890533539 0.7448056
3908.7796178837 0.2862258
3908.8813974515 0.2741923
3909.0444646474 0.7223713
3909.3788561112 0.3888944
3909.5280790906 0.0602184
3909.6491870550 0.1627042
3909.8670521293 0.7953182
3910.0317473406 0.3010292
3910.3902344150 0.1923569
3910.6132854218 0.0873021
3910.7688001919 0.6221150
3910.9523583192 0.6706992
3911.0472477933 0.7652558
3911.4399577175 0.4887209
3911.6421000780 0.3800916
3911.7746773827 0.1757910
3911.9516250388 0.6783511
3912.1035019026 0.5239434
3912.2907125333 0.3609108
3912.5000746663 0.0444240
3912.8109817392 0.2590934
3912.9273711569 0.6439449
3913.0944772901 0.4034561
3913.3996457890 0.2956684
3913.6909427540 0.0719680
3913.8868462021 0.0722799
3914.0872266470 0.5418858
3914.3603924488 0.2091310
3914.5734562996 0.8064007
3914.7428955127 0.7563041
3915.1183493008 0.3617472
3915.4222493836 0.7270689
3915.8459922173 0.2675845
3916.0626871366 0.0298899
3916.3217734932 0.1968695
3916.5829084642 0.2330975
3916.7213064706 0.5090825
3916.9319258279 0.6201307
3917.1904896101 0.0490569
3917.3511328642 0.6258331
3917.5091915650 0.5393584
3917.8437768099 0.7013138
3918.2945745418 0.8682625
3918.7068481952 0.1635486
3918.9852842797 0.0625854
3919.2055130449 0.0375858
3919.4266678218 0.6674309
3919.5298034009 0.6670644
3919.7544842873 0.7082042
3919.9935489728 0.0485629
3920.2738170774 0.7564102
3920.9350637063 0.1341409
3921.3721580567 0.6434034
3921.7347497405 0.1709506
3921.8366567711 0.1636721
3921.9488552841 0.4786521
3922.1479320911 0.6617294
3922.2913671558 0.1098943
3922.3892369846 0.2988525
3922.5353232306 0.6479400
3922.6624111650 0.3164736
3922.8229266122 0.3680730
3923.0153832149 0.0648737
3923.1914243992 0.1499443
3923.5414204247 0.2091397
3924.0250677075 0.5290100
3925.1751065221 0.0786825
3925.2806955050 0.0737065
3925.6411601446 0.7317105
3926.3205609614 0.4697214
3926.7592093939 0.5891209
3927.0614711153 0.6215973
3927.4352947218 0.1209607
3927.5707071808 0.1615401
3928.5636301970 0.0774442
3929.0365019583 0.6567028
3929.1942192134 0.2749383
3929.7534362563 0.4695831
3930.2314280664 0.2890083
3930.3314789594 0.2568301
3930.4635132104 0.1189160
3930.9907320465 0.4488557
3931.4138723607 0.5549146
3932.2348629596 0.1753774
3936.9355764364 0.2778625
3937.0856313725 0.3387137
3938.4462736307 0.3453932
3939.1209859972 0.1314319
3939.5178515145 0.3569563
3941.1564861993 0.1632892
3941.7694694011 0.0446638
3941.9982943440 0.7251395
3942.3950997938 0.4622486
3942.6077529504 0.5867618
3942.8523553992 0.5769737
3943.2675652910 0.0772185
3943.5586895735 0.5632179
3943.9648002844 0.0603254
3944.2210663174 0.1620059
3944.4609787259 0.4137805
3944.7045683838 0.0895091
3945.1265028549 0.8141446
3945.8478613090 0.3563018
3946.0065295911 0.4343592
3946.2348935706 0.5070449
3946.4476338557 0.5316515
3946.9684929631 0.2123776
3947.1142839877 0.1244577
3947.3104618744 0.0568198
3947.6560597130 0.0446664
3947.7671848468 0.1225601
3948.1147715453 0.5775965
3948.4982580782 0.4427483
3948.6503759447 0.6583230
3948.8887871292 0.7586924
3949.2174371711 0.6467564
3949.3974643880 0.2217889
3949.7902338558 0.8290579
3950.0148383308 0.4912467
3950.2514885182 0.3015548
3950.7275751810 0.0533088
3951.0742591112 0.7806645
3951.4699375024 0.3979599
3951.9029482729 0.0299650
3952.2857248409 0.7086055
3952.5491338822 0.0346489
3952.7457169021 0.1034148
3952.8844764785 0.1125707
3953.0798096727 0.3823310
3953.3077973055 0.1072632
3953.4380499833 0.3208480
3953.7277215478 0.6682264
3954.0406217723 0.6584961
3954.2695922330 0.5740498
3954.6162686499 0.2837293
3954.9782768373 0.5155951
3955.1812878674 0.0349535
3955.5219974700 0.0203768
3955.6525770251 0.1766929
3955.8327548194 0.2488339
3956.4560666392 0.6251477
3956.8784467314 0.0421378
3957.0773846116 0.5438209
3957.4565464204 0.8067775
3957.5796343728 0.6326092
3957.8005985904 0.7433345
3958.1560470645 0.7630530
3958.7466524914 0.2569069
3959.0538379260 0.5774582
3959.3299212065 0.8291913
3959.5304751517 0.2126058
3959.8562561597 0.1960062
3960.3065383018 0.0534320
3960.5825687410 0.0554212
3960.9530305192 0.0610058
3961.4036360992 0.3459627
3962.2684502966 0.2119605
3962.6456344431 0.8221648
3963.4873951626 0.2138331
3963.8377377085 0.1228144
3963.9756066832 0.6044440
3964.2267364420 0.4537235
3964.5554877356 0.1439079
3964.8088534589 0.5032458
3965.3955389602 0.5485418
3965.6401965126 0.3909722
3966.6328652694 0.2324902
3966.8461869166 0.0547062
3967.0539675181 0.0665483
3967.1870059254 0.5596582
3967.6276939568 0.2262162
3967.7503911860 0.3841482
3971.3883687826 0.1558873
3971.5149445672 0.2370955
3972.4497042505 0.4517395
3972.9468873930 0.0844638
3973.2924889044 0.4035526
3973.5722657263 0.1043262
3973.6912211338 0.2406294
3974.0394986755 0.1072046
3974.2642510570 0.1536112
3974.6820654097 0.6324745
3974.8174452852 0.6362539
3975.0245338775 0.2164003
3975.2871170249 0.0572624
3975.5188749970 0.3634146
3975.8720437097 0.5813832
3976.3321577181 0.3388007
3976.4679675873 0.0987168
3976.9683842575 0.3190092
3977.2071395088 0.2765085
3977.5141015543 0.3711434
3977.7831556653 0.7296798
3977.9857148595 0.5411557
3978.1120360134 0.0866558
3978.3125662785 0.0923230
3978.8700319770 0.7761484
3979.2819175153 0.1059117
3979.4688564241 0.1980035
3979.5841473199 0.3674893
3979.7862825459 0.5615263
3979.9830155520 0.0741607
3980.3161806736 0.0411964
3980.6438968935 0.6612875
3980.7663167513 0.4273290
3980.9142307444 0.1811857
3981.1325509975 0.1680007
3981.7555549160 0.2784494
3982.1038481610 0.1224603
3982.2274032263 0.3418561
3982.3571737544 0.2908393
3982.6110902424 0.1163799
3982.8931851874 0.8670125
3983.1180502520 0.4064553
3983.6079257631 0.7594135
3983.7173425786 0.4813991
3984.1275834611 0.4112718
3984.3227683489 0.4315972
3984.4832090060 0.1513713
3984.6675296479 0.2244348
3985.0693607975 0.8243924
3985.2767213853 0.3427877
3985.4614715403 0.5129879
3985.7881152217 0.3069076
3986.0642936780 0.3020246
3986.5052089259 0.6386777
3986.7103483759 0.1059740
3986.9190484358 0.0220734
3987.3020707807 0.6602692
3987.8799474027 0.6808600
3988.2205472034 0.6109555
3988.4989659593 0.0691350
3988.7338210710 0.3860599
3989.0975515333 0.1728734
3989.6426938150 0.1558666
3990.1152582377 0.4241983
3990.8874433684 0.8574925
3991.1063153003 0.3167264
3991.2359085499 0.1190200
3991.5016311362 0.6232890
3991.6992072381 0.2753152
3992.2452907453 0.6735930
3992.5565715300 0.2031108
3992.6685718168 0.1266483
3992.8127994993 0.6057002
3993.3745584540 0.3577289
3993.5157956863 0.2255808
3993.7683298526 0.1202723
3993.9558585538 0.5462335
3994.2258437881 0.3344991
3994.4239126224 0.0512804
3994.5999482531 0.0177941
3994.7368967666 0.1039721
3994.8628782261 0.0762383
3995.0978713240 0.4510449
3995.2469782230 0.6151048
3995.6482135058 0.5029478
3995.8118750964 0.4667142
3996.4431436555 0.8580675
3996.8765321386 0.1949103
3997.1149578161 0.7008011
3997.3958241979 0.3476034
3997.7313209379 0.3100407
3997.9162453239 0.2613895
3998.0992640225 0.5763731
3998.2398189911 0.2446332
3998.5224117059 0.7605748
3999.0345035605 0.8538769
3999.1882124854 0.7707221
3999.7694727776 0.8681508
4000.1019726202 0.2938479
4000.3625983611 0.0896984
4000.4769003150 0.2042899
4000.8042290285 0.0349509
4001.1570851002 0.0616996
4001.3844164868 0.5452636
4001.5925620726 0.6302193
4001.9335200484 0.0670825
4002.2864616151 0.3897165
4002.5751587821 0.3347072
4002.7959296272 0.7277040
4003.0856622057 0.0324619
4003.2025271110 0.0683600
4003.6110024564 0.2453737
4003.7952778103 0.2868309
4004.0539680221 0.3351704
4004.3935218568 0.0212264
4004.6462274864 0.0392858
4004.9044613005 0.6150035
4005.1432655597 0.0708905
4005.2897068925 0.0606241
4005.5097941231 0.0142980
4006.3812456246 0.7313062
4006.8353235713 0.4058013
4007.0886678719 0.1867614
4007.2880063149 0.3882568
4007.4449568852 0.6643357
4007.7592619418 0.5966473
4007.8947688907 0.6720995
4008.1232492478 0.3983208
4008.4079554734 0.7279738
4008.7281036184 0.0210979
4009.0648431585 0.1638560
4009.1831750218 0.2782704
4009.5621285611 0.0142335
4009.7349893502 0.0572258
4010.0562984514 0.8520169
4010.2797090472 0.3382902
4010.6789451682 0.3476118
4010.8250702238 0.8556902
4011.1059633684 0.0332042
4011.3055763285 0.2448132
4011.5022407285 0.0342088
4011.7187447421 0.4316495
4011.9056397203 0.3500987
4012.0651051124 0.3474207
4012.2224138913 0.1012935
4012.5433579624 0.5235764
4012.8478888460 0.4941399
4013.1482394880 0.0905381
4013.2839043831 0.2245509
4013.3864919661 0.2298382
4013.5187486810 0.6655559
4013.7400912016 0.0917603
4013.9288076783 0.0867992
4014.2145757023 0.0252410
4014.3656437329 0.0703234
4014.7603465702 0.6522645
4014.9424204525 0.7716072
4015.4026829210 0.4205641
4015.6613267307 0.8045501
4016.0589047827 0.1400996
4016.2843161002 0.0653923
4016.5089082940 0.3408940
4016.7390704535 0.5517266
4017.1240430146 0.0187093
4017.4144118069 0.1493304
4017.5555413537 0.5916666
4017.9340694429 0.1218311
4018.2721975063 0.7180788
4018.5985778308 0.4501936
4018.9085734446 0.3029379
4019.2357990813 0.8536976
4019.4014650215 0.6009943
4019.9607096389 0.0402713
4020.1858469406 0.3694493
4020.4298604354 0.2555681
4020.9376343663 0.0200286
4021.1757275151 0.4740938
4021.3971586601 0.3581750
4021.5298285199 0.5481529
4022.0370729061 0.7672248
4022.4689248416 0.0943143
4022.7516008138 0.5338288
4022.9989194964 0.8368121
4023.3633033227 0.3511171
4023.5762265675 0.1959443
4023.8761217417 0.3987324
4024.1357977356 0.1005707
4024.3531423870 0.0714791
4024.5213510072 0.4047785
4024.8212047025 0.6986820
4025.2363425677 0.5341049
4025.4588952418 0.0382136
4025.7123825910 0.8209189
4025.8638354635 0.7446973
4026.1430491171 0.2079465
4026.2663815607 0.5834209
4026.4313386432 0.0292321
4026.5611627837 0.2411269
4026.9562237263 0.3890197
4027.3005082689 0.3567211
4027.5676721958 0.3816954
4027.6769998301 0.4144395
4027.9015132302 0.0423052
4028.0368827213 0.0503525
4028.1874872344 0.6119182
4028.3807979198 0.0801841
4028.5212395370 0.1200831
4028.8054620746 0.2473424
4029.0689813214 0.1596731
4029.4771435749 0.4810400
4029.7270877547 0.0423945
4029.8975301747 0.2781404
4030.0931817341 0.0137681
4030.5724433946 0.0510934
4030.7756042977 0.6851170
4031.0135424714 0.0690655
4031.3265225605 0.6126702
4031.6336080295 0.6388884
4031.8974828241 0.9190476
4032.3774805726 0.2563248
4032.8946656934 0.5259135
4033.1018183730 0.6519443
4033.5995580531 0.4352948
4033.7718661651 0.7613475
4034.2109665586 0.9524648
4034.7373385471 0.2038777
4034.9251927243 0.0575292
4035.0453660391 0.1070623
4035.3693563447 0.3227756
4035.6261317599 0.9262190
4036.0058616781 0.1497475
4036.2556854070 0.0951982
4036.3824195380 0.1353319
4036.7413528413 0.4604304
4036.8638689600 0.7475477
4037.1155095653 0.0908968
4037.3805000010 0.0386905
4037.5108443467 0.2357987
4037.9078799538 0.1513905
4038.2615480742 0.3434650
4038.4355554057 0.0808944
4038.8193849427 0.1213332
4039.0377743780 0.0294161
4039.2557105151 0.1778505
4039.4539417909 0.0463494
4039.6307617791 0.0251709
4039.7679263998 0.2106357
4039.9282724313 0.4484446
4040.2313903302 0.2797847
4040.4383639929 0.0480190
4040.7000072892 0.0432560
4041.0799990283 0.3460446
4041.2313465785 0.4702035
4041.4520070710 0.1744968
4041.6525015113 0.1601897
4041.7823793087 0.6522771
4041.9243912687 0.2661262
4042.1824253339 0.0248603
4042.5097262901 0.8769248
4042.7904528395 0.3634756
4043.0547901341 0.0822127
4043.3850825443 0.0947833
4043.5927379895 0.0196158
4043.7323972460 0.0865777
4043.8957982505 0.0846937
4044.0452469669 0.1315666
4044.4767504033 0.1787247
4045.0418926343 0.4935791
4045.2812910418 0.2115750
4045.7521265662 0.6282407
4046.2633344188 0.2207060
4046.5355023170 0.3131782
4046.7463830298 0.2149762
4046.9600548627 0.6759048
4047.2012573049 0.1820228
4047.8897663557 0.0834593
4048.1438376846 0.0305235
4048.4495517684 0.3276912
4048.8083525050 0.1775187
4048.9404763557 0.2074168
4049.2083507158 0.2095015
4049.4837469934 0.0225105
4049.8956005963 0.8545768
4050.1396276017 0.1233803
4050.2817492580 0.0841384
4050.4739471701 0.5147490
4050.7043634170 0.3132433
4050.8688156937 0.3193495
4051.1697259065 0.0464857
4051.4672100640 0.1335364
4051.6279137111 0.1097319
4051.8200937502 0.4091214
4052.0973447674 0.0918810
4052.3334736807 0.0789155
4052.4874000863 0.2405105
4052.8828880370 0.0415788
4053.0525883385 0.5456705
4053.4412381222 0.5060759
4053.6153110279 0.6066203
4053.8394247111 0.5223077
4054.0813044311 0.2913902
4054.4117823532 0.5678689
4054.5691935623 0.1367836
4054.9685445686 0.5001407
4055.3262496736 0.4185076
4055.5790689471 0.2059386
4055.6976260452 0.3227258
4055.9836329594 0.7230034
4056.1742908557 0.7624941
4056.3544954282 0.0790330
4056.6915603179 0.8843843
4056.9923537114 0.0258729
4057.1365181283 0.1419210
4057.3393848793 0.1768166
4057.4903868749 0.3143847
4058.0733837232 0.0236527
4058.2149106212 0.0731362
4058.3521632813 0.4181769
4058.4938828600 0.5338596
4058.6481070195 0.5905641
4058.9663384380 0.1099708
4059.0906318591 0.2772071
4059.3548605630 0.7835345
4059.6032272983 0.0384984
4059.7401638469 0.2437894
4059.9041542323 0.6832629
4060.0712353563 0.8113670
4060.3572888706 0.2260768
4060.5221793821 0.2939607
4060.8640631613 0.5480024
4061.1000822291 0.0694974
4061.2209792134 0.0762675
4061.4123660967 0.5916039
4061.6313210116 0.1158373
4061.7767905642 0.0424492
4061.9085921015 0.2127069
4062.2409605847 0.4265190
4062.5748389935 0.0841439
4062.8715261541 0.4017321
4063.1011224047 0.3943921
4063.5915141086 0.7185643
4063.7924444113 0.0436075
4064.4303688921 0.3643717
4064.7452713113 0.6721589
4065.3584812904 0.4041345
4065.5983104417 0.5294958
4066.2383012203 0.5326647
4066.5313494358 0.5043817
4066.7300714545 0.1394409
4066.8541741018 0.1025556
4067.1490321520 0.1264015
4067.2782964300 0.1886002
4067.5150203317 0.6122363
4067.7342219196 0.6347195
4067.9595757574 0.1255031
4068.1211692942 0.7777816
4068.4220613554 0.7228693
4068.6366631711 0.1119812
4068.7511490639 0.1392369
4069.1336583298 0.7638270
4069.6932464665 0.3200916
4070.0000801352 0.0176378
4070.2152247751 0.3213633
4070.4218257399 0.0868240
4070.7563151559 0.2503139
4071.1705592598 0.0453193
4071.4250073549 0.5252131
4071.5829005971 0.0483296
4071.9230016637 0.6479216
4072.6796291162 0.2979480
4072.8919544121 0.6724918
4073.6536708908 0.4556456
4073.8494406859 0.0968768
4074.2648613158 0.0396838
4074.6338944688 0.1249307
4074.9148835243 0.6846883
4075.1876631121 0.0362316
4075.4824052574 0.1759419
4075.9386884342 0.6179461
4076.2551317495 0.2950348
4076.4695570696 0.2102301
4076.8547884764 0.0770491
4077.0944201934 0.4488035
4077.3754802518 0.4610531
4077.5124533854 0.1843457
4077.6466229555 0.6174528
4077.7836032412 0.7410218
4077.9544443780 0.4592032
4078.2351826537 0.1715859
4078.5042125659 0.2537681
4078.8712311415 0.8425828
4079.1121408059 0.2577905
4079.5099185024 0.7421353
4079.6215002830 0.7203496
4079.9687641713 0.1932097
4080.1874951332 0.0677477
4080.3852005029 0.8068649
4080.5614877577 0.7883355
4080.9922287845 0.7104827
4081.3631827657 0.6800733
4081.5965358862 0.0298574
4081.7366842845 0.0750005
4082.0301858471 0.4901554
4082.3992228690 0.4132123
4082.5774320190 0.0333577
4082.8881058675 0.0548074
4083.0257041094 0.0125093
4083.2633832146 0.4933033
4083.5876123921 0.7539026
4083.7474107349 0.1780517
4084.0930640406 0.8141814
4084.3693857712 0.0966021
4084.7800832522 0.5746624
4084.9128766182 0.5866203
4085.1553637945 0.1322190
4085.6480731229 0.6141293
4086.1611169550 0.7252033
4086.4476736980 0.7200460
4086.7135385556 0.0469691
4086.8632236145 0.0138810
4087.1349373936 0.3277033
4087.2820256632 0.1712549
4087.4553894703 0.6413438
4087.8614891057 0.3031670
4088.0974728043 0.0569321
4088.2502472330 0.6074691
4088.7415297274 0.0359177
4088.9485526565 0.1052551
4089.3133100141 0.0263611
4089.4505427458 0.0752101
4089.7128423151 0.4549978
4090.1620572622 0.0358823
4090.3734085262 0.5240770
4090.6047386902 0.0160449
4091.2298354401 0.4502732
4091.4739767390 0.1749033
4091.7212987809 0.4821322
4091.8811292301 0.0504145
4092.1112932211 0.4760213
4092.2397355041 0.0253415
4092.7097504231 0.5555348
4093.1293549971 0.0683717
4093.4340661449 0.4910171
4093.5458195201 0.7275885
4093.8218711261 0.8049558
4094.1957195545 0.0688294
4094.4132468306 0.0349172
4094.6367117714 0.0506574
4094.7704572147 0.0399510
4095.5748967318 0.2607520
4095.8431839486 0.1273886
4096.0917252263 0.6713608
4096.6347927419 0.4261092
4096.9153843017 0.1037052
4097.1353222526 0.7556303
4097.2529667326 0.3548563
4097.3710419655 0.4289897
4097.7017402550 0.1114685
4097.8409736476 0.2031883
4098.1014895135 0.2378563
4098.2355731982 0.4595635
4098.3820439962 0.1940694
4098.6091803636 0.1987661
4098.8015662632 0.1838240
4098.9678852483 0.0348193
4099.1235810121 0.3098295
4099.3352542521 0.5490892
4099.6941375650 0.7137132
4100.2262848034 0.2083012
4100.3424564100 0.2384776
4100.5655312869 0.0886087
4100.7686443174 0.0247685
4100.9443435905 0.7674257
4101.1605920507 0.1316043
4101.3185874888 0.5372621
4101.4847448141 0.3337857
4101.6518402652 0.1254929
4101.7540001541 0.0594384
4101.8981113874 0.8183997
4102.1069194207 0.2297781
4102.2680357469 0.1372455
4102.4158986630 0.4464411
4102.6786723273 0.2661736
4102.8358478122 0.3076060
4103.3122732504 0.3907195
4103.5302694815 0.1851668
4103.7112178920 0.1357087
4103.8647868635 0.0265306
4104.0971251207 0.6315384
4104.4524348683 0.1562621
4104.6147312058 0.1429584
4104.7746588332 0.2570649
4104.9825881301 0.0219845
4105.2911624917 0.7155115
4105.4653485034 0.2576081
4105.5994287033 0.1898692
4105.9141787632 0.0884739
4106.0880045613 0.2701440
4106.3193876515 0.6915904
4106.8587554223 0.0333620
4106.9830619339 0.2681635
4107.1962817990 0.0301512
4107.4227005408 0.5563554
4107.5863864351 0.5461683
4107.7758921710 0.1497837
4108.1167309671 0.1162004
4108.6516994517 0.7721657
4108.9160961911 0.0889569
4109.0317948801 0.1795116
4109.2978197364 0.3445867
4109.6854318348 0.5450069
4110.0685795349 0.1918009
4110.2149092965 0.6448350
4110.6087693732 0.2246165
4110.7429370402 0.2179693
4110.9499406623 0.8626943
4111.5004553775 0.0785946
4111.6945175312 0.8300424
4111.8818042907 0.1932726
4112.0244828677 0.3943045
4112.5166479648 0.4044607
4112.9436639107 0.9189878
4113.1419709178 0.0822286
4113.4825412647 0.4551594
4113.8742988786 0.6456299
4114.1097197674 0.6316164
4114.3942738250 0.1303296
4114.6078072419 0.1856962
4114.7557745864 0.1192117
4115.0152007537 0.0647980
4115.2822437164 0.1853922
4115.6103822116 0.7171708
4116.1005758530 0.5421373
4116.3380568645 0.8668441
4116.5607008302 0.1115174
4116.7080188564 0.1642846
4116.8382518877 0.1306068
4117.0247969988 0.1149562
4117.1404996345 0.1562743
4117.3896435823 0.1025406
4117.6449951465 0.6938798
4117.8616524059 0.2581646
4118.1154728897 0.2351542
4118.3168480868 0.0329107
4118.4498944963 0.0235886
4118.6446175013 0.1364663
4119.0202817519 0.4216544
4119.3276822624 0.1428893
4119.7104385723 0.7501991
4119.9411594482 0.8553619
4120.2142126232 0.1668163
4120.5673480260 0.5147579
4120.8261878489 0.2075679
4120.9576740817 0.0817847
4121.0766532584 0.1061174
4121.2009149290 0.0587368
4121.3735088204 0.7432436
4121.7793170236 0.1947225
4121.9843150041 0.0824943
4122.2252853281 0.0374492
4122.4842207386 0.9026900
4122.8028375437 0.1676585
4122.9670163423 0.7108100
4123.1754322196 0.0831145
4123.3117523106 0.2824589
4123.6815959470 0.7238982
4123.8334297425 0.2520405
4124.2078274631 0.1183340
4124.4024272926 0.2958890
4124.6719071488 0.7479237
4124.9132007514 0.7576277
4125.0989814513 0.1328858
4125.2313076575 0.0428534
4125.6510423386 0.2309270
4125.9429568943 0.0828778
4126.0734312861 0.0925234
4126.3810478462 0.0639199
4126.5304396044 0.1975451
4126.7870862619 0.5020324
4127.0471393623 0.5278239
4127.3513611648 0.6864889
4127.6779946094 0.4492613
4128.0245044923 0.2960225
4128.4312325627 0.0578271
4128.7761530906 0.7258047
4128.9634059305 0.7111775
4129.2334362883 0.7673785
4129.4671812497 0.1457610
4129.7617975799 0.0197968
4129.9011251343 0.1602966
4130.1109451581 0.1084491
4130.3463631891 0.5545381
4130.6267984753 0.3225137
4130.8979714152 0.1355988
4131.2000992760 0.4783728
4131.6225623970 0.0348007
4131.7966208429 0.1981974
4131.9990242259 0.0300245
4132.2859115154 0.2953221
4132.5169181135 0.2080741
4133.2268985240 0.6603871
4133.6991037838 0.4414173
4133.8978892010 0.2922634
4134.0715773223 0.7718347
4134.6181344270 0.3360181
4134.7735067897 0.3194298
4135.0179182338 0.6026419
4135.1692369546 0.1083278
4135.3392668386 0.3504985
4135.5059076447 0.6846669
4135.6405777033 0.6676628
4135.8455417719 0.7923016
4136.0774869009 0.2929039
4136.2084142493 0.1182412
4136.4445679516 0.1092944
4136.6196735869 0.0979629
4136.8696398493 0.3932000
4137.0986841796 0.0303484
4137.2356152520 0.0384754
4137.6961290293 0.6319389
4138.1675777434 0.7208387
4138.4422420604 0.2856300
4138.5825284632 0.6109952
4138.8204936635 0.2451053
4139.1505281218 0.1199758
4139.2882694282 0.0658637
4139.5158922792 0.2593036
4139.6353049327 0.2386025
4140.0099120235 0.1414884
4140.2515519489 0.1240730
4140.4060732737 0.0712402
4140.5598202657 0.1909547
4140.7086337049 0.1658310
4141.1010484349 0.7082891
4141.4135669772 0.1442626
4141.5755015359 0.5138378
4141.8901177088 0.2446984
4142.2299758376 0.1300991
4142.4431085650 0.0127312
4142.7062547502 0.1421071
4142.8103819299 0.0931338
4143.0367710023 0.4287580
4143.1886522078 0.2297722
4143.3502312250 0.2719247
4143.4689517698 0.2541440
4143.6068858203 0.3066960
4143.7589502642 0.3911262
4143.9785349546 0.2259081
4144.1170151786 0.2236752
4144.2272010371 0.1795759
4144.5824497843 0.6657835
4144.8023981410 0.1393627
4145.0394036586 0.6626223
4145.5084844025 0.2209672
4145.7010697086 0.2309936
4145.8543987159 0.1585261
4146.0266304677 0.2064074
4146.1611653694 0.2017186
4146.3711652406 0.3080245
4146.7188663941 0.1157759
4146.9342367536 0.1255103
4147.2335451442 0.4978007
4147.3726350207 0.2339471
4147.5338304113 0.1754170
4147.6552641802 0.0492507
4147.7798979579 0.1834889
4147.8783937447 0.1942097
4148.1557943946 0.2894151
4148.3849004663 0.1969765
4148.5141282988 0.3669700
4148.6579647004 0.2845788
4148.8434457480 0.8294489
4149.3930829378 0.2078082
4149.5673541378 0.2286494
4149.7816288437 0.1192516
4149.9513578535 0.0927811
4150.0851269875 0.1904101
4150.3699232996 0.2646919
4150.5344912571 0.6448466
4150.9301528909 0.5284131
4151.4273123414 0.6305515
4151.6122260732 0.2054715
4151.8722750808 0.1635591
4152.1333525483 0.3587172
4152.4212007538 0.1472865
4152.9368292601 0.1609393
4153.1169897976 0.4161641
4153.3435996516 0.7596031
4153.7162063981 0.2342809
4153.9384851776 0.1838619
4154.1853115623 0.3067420
4154.5572229585 0.3272400
4154.7987127752 0.2497649
4155.0760264535 0.7009287
4155.2712551334 0.4799633
4155.6755258851 0.7472085
4155.9823176428 0.7536510
4156.2232482149 0.2394469
4156.3673981153 0.0298636
4156.7745938464 0.1816481
4157.0875590745 0.1965695
4157.2536675724 0.2328549
4157.4791156272 0.4841611
4157.6254694865 0.3663316
4157.8457412848 0.4111125
4157.9753360405 0.7687007
4158.1779065385 0.2015125
4158.3800216774 0.1866841
4158.6168175088 0.0261032
4158.9599440379 0.7382357
4159.1802180985 0.1520650
4159.5655933654 0.2838869
4159.9670702247 0.6748822
4160.3560977710 0.5697157
4160.5892568316 0.1166861
4160.8252352918 0.2803661
4161.0493022793 0.1272095
4161.2612208619 0.1100195
4161.5376806468 0.3642229
4161.7288818480 0.2496918
4161.9507238033 0.1182752
4162.0831366711 0.1380030
4162.2533800379 0.4935658
4162.3816000365 0.2529763
4162.6882314442 0.5681919
4162.9857717387 0.0746492
4163.2295614002 0.2122685
4163.4536575085 0.0621891
4163.6350758768 0.2013831
4163.8351631503 0.2287187
4164.1921524046 0.1354210
4164.6491176243 0.1306798
4164.8284253404 0.6846207
4165.1891992091 0.0295022
4165.3021452249 0.0658675
4165.4760709205 0.3760427
4165.8220474605 0.2752751
4165.9630458725 0.2864655
4166.2560595457 0.1356248
4166.5638386812 0.5078232
4166.7520343099 0.3013169
4166.9302615249 0.0676883
4167.2518514130 0.0734385
4167.4879174853 0.2197182
4167.8740614724 0.1433507
4168.0222062500 0.0841127
4168.1695263916 0.1328513
4168.4460089935 0.5634963
4168.7303821151 0.2616821
4168.8914626757 0.1885629
4169.0353404953 0.3591377
4169.1396958908 0.4694648
4169.2941529449 0.1100240
4169.6097638595 0.2504056
4169.7926911700 0.4058923
4170.1192133169 0.4713158
4170.2681031419 0.1318078
4170.5008647617 0.1508060
4170.7905167810 0.2878330
4170.9403623972 0.2646301
4171.1843085010 0.0482527
4171.3818988584 0.1144134
4171.6940177911 0.0965348
4171.8454791118 0.0491839
4172.0811013539 0.7260660
4172.2178188684 0.5856051
4172.6180787579 0.0805576
4172.8696772409 0.4464020
4173.0803213237 0.4933184
4173.5265299258 0.1060549
4173.9243778257 0.7557513
4174.1429952609 0.2739624
4174.3258633306 0.0654704
4174.4908011980 0.6312599
4174.6753486785 0.6060875
4175.1028134387 0.7810223
4175.5822084498 0.1162313
4175.8086900896 0.0460440
4176.0932750588 0.7936013
4176.3050438005 0.2733024
4176.5234592257 0.0787738
4176.8170353842 0.7882008
4177.0911351950 0.2836393
4177.4678802982 0.1340197
4177.7465448572 0.6900547
4178.0431101018 0.1341192
4178.2487146891 0.2887673
4178.5085825892 0.2628472
4178.7608083253 0.7610480
4179.0267523699 0.2725127
4179.2250706472 0.4803702
4179.4224871381 0.1926511
4179.5725302636 0.1782961
4180.0348053764 0.4253490
4180.5596244857 0.5760856
4181.0043483074 0.1001217
4181.2048308046 0.0743070
4181.5798848931 0.2823675
4181.9859430350 0.4169295
4182.3745552517 0.1751547
4182.5814068211 0.1900024
4182.7314415770 0.3955204
4182.9378284050 0.6445202
4183.1459750548 0.5067046
4183.5646378768 0.7034215
4183.7627082742 0.1788417
4183.9400208967 0.5078796
4184.1866624957 0.2738279
4184.3693259823 0.1026381
4184.5048025308 0.2898431
4184.6454322912 0.3595938
4184.8239307356 0.0972876
4184.9578019033 0.0552000
4185.1718680484 0.5209635
4185.4800809611 0.3334963
4185.6400795133 0.0886422
4185.8230106115 0.0760135
4186.0747729965 0.7734767
4186.3358369020 0.1000559
4186.5495739224 0.1564066
4186.7363646341 0.1086621
4186.9568844944 0.1335813
4187.3034322269 0.5971991
4187.5236039165 0.1747842
4187.8004422525 0.3581995
4188.2225367158 0.6529885
4188.6192803494 0.1243201
4188.7757024762 0.4775486
4188.9826605712 0.6216725
4189.4955172489 0.0429035
4189.9139749821 0.6178834
4190.1557747693 0.3292864
4190.2765927065 0.3831461
4190.7435699811 0.4310243
4191.0110701821 0.2722019
4191.1658092895 0.1343971
4191.3103502114 0.1249438
4191.4222957015 0.2041610
4191.8911956936 0.6337668
4192.0935960564 0.0356690
4192.6133189346 0.7008413
4192.8579859077 0.5112270
4193.1907388024 0.1682568
4193.6023214206 0.1061277
4193.7518371097 0.4746678
4193.9159329344 0.0887823
4194.0947137123 0.0781059
4194.3166305783 0.0276004
4194.4590850553 0.0756362
4194.6373911292 0.2199955
4194.8359629506 0.2759033
4195.0004599816 0.1177722
4195.2652419058 0.0829431
4195.4320792013 0.0867164
4195.6702016211 0.2018168
4195.9158552473 0.2531831
4196.0271016669 0.2476452
4196.1744136699 0.2029565
4196.5119545571 0.7160732
4196.8040400078 0.5425355
4197.1292445293 0.1345972
4197.3922167918 0.6775973
4197.7251001793 0.4907404
4197.8538169843 0.2899888
4198.0769103737 0.0524191
4198.2786045383 0.5295759
4198.4192731398 0.2092532
4198.7864203001 0.1446910
4198.9019337613 0.0919402
4199.2622806381 0.4763231
4199.4762812533 0.6734805
4199.8169001045 0.6333677
4200.2840377263 0.7052635
4200.5450842082 0.2246995
4200.8203508120 0.0641514
4200.9185063795 0.0759664
4201.1655922988 0.6289960
4201.5116399379 0.0364516
4201.6437305510 0.2358589
4201.9498643667 0.4444724
4202.1098318456 0.6362852
4202.4173101050 0.1023988
4203.2164982227 0.6734363
4203.9388580118 0.4464715
4204.1473703723 0.0862623
4204.3214434250 0.3393407
4204.7604177175 0.6275790
4205.1582269278 0.8218114
4205.3884449361 0.1892281
4205.6684530118 0.1593365
4205.9347014767 0.5574220
4206.2253993987 0.3543924
4206.5875519843 0.1951610
4206.7249252776 0.6094388
4206.9210122603 0.0980204
4207.0935516131 0.0667635
4207.4619367362 0.1441873
4207.8817990003 0.8514789
4208.1385157570 0.0963212
4208.3151606985 0.6745504
4208.5913824850 0.3599594
4209.0026722219 0.1515303
4209.4302690697 0.0767968
4209.5497351652 0.0477020
4209.7891618661 0.6756786
4210.1751893552 0.3076705
4210.3761143015 0.0344074
4210.5529224281 0.2138339
4210.6869433846 0.1937205
4210.7941076720 0.1935848
4211.0275142245 0.3505518
4211.5437693477 0.7655476
4212.1553917842 0.5859370
4212.5327261466 0.1509369
4212.9192898323 0.1669617
4213.0812652481 0.3808850
4213.2379096647 0.0550665
4213.3940759359 0.0928126
4213.5848289858 0.0423649
4213.8249480739 0.5443007
4214.0471483488 0.0521136
4214.1817295449 0.1439754
4214.3352308174 0.1516116
4214.4644433045 0.1483069
4214.5997067900 0.1561466
4214.8387308220 0.7112805
4215.0894718599 0.2551008
4215.5400576667 0.0687614
4215.6729387376 0.0791080
4216.0390370580 0.1061105
4216.2482119064 0.1339500
4216.7205946779 0.8382589
4217.1616491368 0.3529475
4217.3780296580 0.8332662
4217.7849710735 0.3663242
4218.0815521991 0.0779471
4218.2242799767 0.0676284
4218.4075900079 0.5090013
4218.7415260406 0.7083986
4219.2400502112 0.0477664
4219.4135941996 0.2461593
4219.5702775719 0.3588173
4219.9131775101 0.5695080
4220.3932863594 0.3473180
4220.5640506092 0.8132313
4220.7865784283 0.0770425
4221.2369948049 0.2692351
4221.5330456969 0.6315751
4221.8277001328 0.0540722
4222.0394210663 0.0931924
4222.3903554285 0.1070907
4222.6534236732 0.3459707
4223.4061363791 0.7179125
4223.7883300308 0.1759608
4223.9203610946 0.1633243
4224.0591719285 0.0990682
4224.2763503775 0.3667546
4224.4311488591 0.1433796
4224.9186753379 0.2258275
4225.3642113233 0.6681588
4225.7012613065 0.4932255
4226.0470166259 0.3718224
4226.6484311212 0.5287158
4226.9093879377 0.1683109
4227.1529341333 0.3195320
4227.6300647198 0.1426660
4227.9216286640 0.7139851
4228.6209899533 0.4565386
4228.9399540236 0.1417997
4229.1300680321 0.2491418
4229.7133311015 0.0736007
4229.9091692438 0.1487433
4230.4607185882 0.0289814
4230.5972941602 0.2438588
4230.7107640651 0.5045136
4230.9581555454 0.6293041
4231.1038983949 0.4417223
4231.3116649709 0.0239211
4231.4479323225 0.0841885
4231.7622589401 0.2154673
4232.0030282029 0.0131049
4232.2134948390 0.5843029
4232.5896074723 0.0195389
4233.1421639693 0.2341950
4233.4106806303 0.0723204
4233.6275353454 0.1494575
4233.9209441637 0.6460696
4234.1170251943 0.4449426
4234.3579713467 0.4750598
4234.7989625616 0.6670477
4235.1894007222 0.1740096
4235.5853628242 0.0239846
4235.7270075412 0.2011394
4236.0772093672 0.0560161
4236.3357596552 0.5478644
4236.4806125252 0.6184521
4237.1359686707 0.5916210
4237.4494118060 0.3103169
4238.0177436606 0.3706243
4238.1395097689 0.1778436
4238.3832596229 0.6688196
4238.6748607140 0.0490000
4238.8680337060 0.1966313
4239.2180923304 0.6554677
4239.5824627742 0.1784185
4240.0066732846 0.7464487
4240.5480203299 0.4326729
4240.9239274363 0.5897310
4241.0437365925 0.4354696
4241.3948750547 0.1872756
4241.8955778192 0.2863838
4242.1349792761 0.0613234
4242.3155053600 0.3318037
4242.5168164632 0.0666532
4242.7031665972 0.1294563
4242.8841433800 0.0975486
4243.1062186775 0.0206731
4243.3568557369 0.3065547
4243.6250231111 0.4519542
4243.7968732477 0.5132536
4243.9259902406 0.4804722
4244.1759320285 0.0542098
4244.5593996481 0.3847305
4245.0155476285 0.3703539
4245.1799625935 0.0392287
4245.5656495381 0.2003557
4245.8987863605 0.0230275
4246.0072151107 0.0186493
4246.2837747231 0.2225216
4246.4604540806 0.6751903
4246.6939945539 0.0723694
4246.8297491223 0.0572163
4247.0758538963 0.0282366
4247.2753326933 0.6292161
4247.5736512830 0.0536550
4247.6980598417 0.0980793
4248.0288712771 0.8629143
4248.3144206639 0.0198852
4248.6253915487 0.6320556
4248.9200408267 0.3090803
4249.2517627435 0.2012771
4249.4248278545 0.5793098
4249.6091514631 0.3185640
4249.9235758372 0.4954298
4250.1381016200 0.4672195
4250.3085285388 0.1348891
4250.6893384229 0.4552882
4250.8300769534 0.4405771
4251.3200956368 0.6327803
4251.9865359466 0.6375990
4252.5314273681 0.2036716
4252.8200275732 0.1204743
4253.0752134207 0.0843656
4253.2616632615 0.0816733
4253.4995647290 0.3912438
4253.6591858621 0.0626321
4253.9482219835 0.2658181
4254.2006100576 0.2651673
4254.4025873987 0.2984297
4254.7049593547 0.0655969
4254.9384941868 0.2735413
4255.1045627850 0.2971163
4255.5374510907 0.7372982
4256.1727179257 0.4972204
4256.4488861003 0.4785128
4256.7011258489 0.4483757
4256.8299891740 0.4634455
4257.0339636926 0.6067483
4257.2270346269 0.2770327
4257.3778349358 0.2889943
4257.5167139628 0.1165591
4257.8005143745 0.1048445
4258.0044974065 0.2120822
4258.2547516354 0.0619138
4258.5379437385 0.0818859
4258.8565798843 0.4652590
4259.2385335263 0.1416757
4259.3718753399 0.2265845
4259.5177524070 0.7893191
4259.6866910133 0.3250155
4259.8130441310 0.3440350
4260.1531608228 0.4595136
4260.2898585687 0.2420507
4260.4978253700 0.3881246
4260.7094596852 0.0652662
4260.9652415502 0.2107591
4261.2034681228 0.5145447
4261.3267640283 0.3481465
4261.6784083116 0.6373050
4261.9210088345 0.2488729
4262.4174380313 0.3928089
4262.7316904519 0.4776915
4262.9312106566 0.4055985
4263.1797210839 0.4142137
4263.5436824371 0.1339178
4263.7847565913 0.1241695
4263.9110416239 0.1701825
4264.3341348161 0.4891650
4264.5856730508 0.0965518
4264.8068879781 0.2344159
4265.1738543041 0.2979125
4265.4171323995 0.6773501
4265.6601873565 0.3645342
4265.9337623237 0.4455458
4266.1175195697 0.1239571
4266.4614510953 0.4578707
4266.6128882190 0.0476771
4266.7316362329 0.0840871
4266.8845950266 0.2211943
4267.1213197121 0.5208821
4267.4022643080 0.1209337
4267.8183683814 0.1104862
4267.9407786684 0.1643388
4268.1646773048 0.6707879
4268.5867357447 0.4985001
4268.7883836947 0.2158459
4269.0210322415 0.6974771
4269.3066695533 0.4688807
4269.6166472820 0.0245165
4269.8352159698 0.3282369
4269.9545192616 0.5879982
4270.1053482382 0.0700682
4270.2198687634 0.0471772
4270.3698732836 0.0349020
4270.4985209514 0.1267223
4270.6785079211 0.3568211
4270.9312937522 0.1632626
4271.0476132506 0.2485073
4271.3633927468 0.3202076
4271.7421065128 0.2156384
4272.3599515440 0.5790572
4272.9667510245 0.6448767
4273.6257625487 0.1996196
4273.7497946757 0.2522134
4274.0935332545 0.2196703
4274.3320332857 0.0528293
4274.5356609721 0.3634662
4274.6811222617 0.4504228
4275.1012461376 0.5603051
4275.3914185605 0.3787377
4275.8084267792 0.4178538
4276.0052572207 0.7371859
4276.4645391213 0.1758419
4276.5806488880 0.1044900
4276.8773104387 0.4381551
4277.1526871256 0.0901812
4277.2902331668 0.1687422
4277.4702477302 0.2272459
4277.6341192008 0.3574384
4277.8751269154 0.4166260
4278.1854408465 0.3400708
4278.4367035073 0.2633954
4278.7333887071 0.3672205
4279.1713620235 0.0206424
4279.4330189776 0.4646792
4279.8752168061 0.0670706
4280.0474622598 0.3523660
4280.2605886890 0.3196470
4280.6894438723 0.5451189
4280.9234508807 0.6057840
4281.0757251659 0.3104374
4281.2320019334 0.4078692
4281.4191964177 0.3821084
4281.6032140572 0.2345411
4281.7122037154 0.1009069
4281.9868507575 0.3396185
4282.1614466110 0.3158693
4282.3031531994 0.5449371
4282.5750415972 0.4593244
4282.7967430333 0.0824247
4282.9242063883 0.0257314
4283.1745269476 0.4926100
4283.6121164533 0.7778094
4283.9124340961 0.3034229
4284.2197069275 0.8740035
4284.6127089550 0.0814604
4285.0278390101 0.0901249
4285.2667757897 0.3161701
4285.4331859644 0.5061241
4285.6109779311 0.2149186
4285.8909902292 0.3988703
4286.0377478682 0.2968678
4286.2047355353 0.5527053
4286.6461436418 0.7348527
4287.0071892635 0.5123248
4287.2229072318 0.7006849
4287.3979599501 0.4381809
4287.6718238245 0.5869182
4288.0850350618 0.5525035
4288.2113351044 0.5569699
4288.6132206254 0.7285060
4288.7718517379 0.1443639
4289.0901202579 0.5118639
4289.3578128923 0.5974951
4289.5882444013 0.0397940
4289.9389674348 0.4815435
4290.1634855699 0.5333980
4290.2852449602 0.6733470
4290.5735819236 0.7948434
4290.9269570561 0.7263789
4291.4261954173 0.7158064
4291.5865031229 0.5580761
4291.8960030522 0.0296318
4292.1198345290 0.7677379
4292.3291272138 0.1787621
4292.6738467639 0.8475136
4293.3284264109 0.5838139
4293.4966089585 0.4961448
4293.8751788505 0.0724438
4294.3191764454 0.5855911
4294.7570357674 0.1331949
4295.0133091373 0.2866838
4295.3360025310 0.6517303
4295.8402304054 0.1288828
4295.9893183147 0.3040379
4296.2415068122 0.4987211
4296.4279696988 0.5612020
4296.9600480889 0.7468089
4297.4169652079 0.2882392
4298.1596114870 0.4476127
4298.7331298982 0.5231761
4298.9530354607 0.3523532
4299.2359939628 0.7460750
4299.3993782639 0.3939821
4299.8781752719 0.7761468
4300.0166106833 0.2857023
4300.1988117228 0.7301528
4300.4479906745 0.5984663
4300.6888542199 0.2044204
4300.8467498789 0.4438713
4301.0372032092 0.2028107
4301.2573956198 0.6062618
4301.5219933372 0.3569737
4301.7712430191 0.7566574
4302.0234785465 0.3314516
4302.2949560341 0.7077952
4302.7024825778 0.0476485
4302.9572795900 0.3490261
4303.1340192062 0.6707764
4303.4167964768 0.5607793
4303.7411380578 0.8414184
4303.9636413491 0.2361139
4304.1204389921 0.3996197
4304.3680561080 0.4116174
4304.6362197374 0.4244505
4304.8076035667 0.4070166
4305.4644401382 0.3597813
4305.6011254733 0.4173832
4305.7750274656 0.5955347
4306.0557834485 0.4072566
4306.3146084944 0.4828458
4306.5357689655 0.2594170
4306.6614847465 0.6700674
4306.9172438169 0.3726719
4307.1268814283 0.7780507
4307.3720763010 0.5353758
4307.9117054669 0.1175193
4308.0573221625 0.5028437
4308.3913148295 0.2304249
4308.5216635701 0.3218508
4308.9581574951 0.5406709
4309.1146433801 0.6906459
4309.7936210292 0.4235472
4310.1145910441 0.3474256
4310.2548816907 0.2894285
4310.5907387217 0.6636947
4311.0384102511 0.0496956
4311.3145869471 0.5156751
4311.6526644440 0.5165755
4311.9089961915 0.4386520
4312.1960299843 0.3228736
4312.3740958077 0.5091392
4312.6818513113 0.2812070
4312.9279176202 0.4100062
4313.3389965404 0.4911225
4313.5106190301 0.5485537
4313.7866480308 0.5202514
4313.9239927551 0.1184821
4314.0822699652 0.4979179
4314.2403082326 0.5430862
4314.6468603449 0.0911870
4314.8402358773 0.4989494
4315.1126641328 0.1160301
4315.2961677291 0.7419724
4315.4310404243 0.1973928
4315.5499161319 0.4274440
4315.7164661493 0.1870922
4316.0109356635 0.7653438
4316.1883978015 0.6036959
4316.3045253367 0.7829282
4316.6360563202 0.0932573
4316.8057145461 0.0607750
4317.1483973238 0.0265019
4317.2883526172 0.0496294
4318.0122441987 0.2167263
4318.1622668308 0.0992553
4318.5398182628 0.0382247
4318.9308348975 0.0811734
4319.2788838604 0.1167073
4319.5857666153 0.1042500
4319.8674374786 0.8740966
4320.1446903601 0.0693299
4320.5181550409 0.0225054
4320.6594559906 0.1596214
4320.8456245631 0.1487014
4321.1997330434 0.0296373
4321.3379077113 0.0341713
4321.5774626681 0.1435953
4321.7083087284 0.2121715
4321.9538933118 0.7322447
4322.1661442968 0.4870360
4322.4366091759 0.0642731
4322.6147849475 0.0851250
4322.8680062310 0.3901751
4323.0085361396 0.4330222
4323.2660635965 0.0849180
4323.5524464646 0.0338159
4323.7184281693 0.0785200
4324.0371516660 0.0560203
4324.2248280183 0.4516868
4324.4372359670 0.1930233
4324.7105994718 0.1105406
4325.0591582390 0.2819052
4325.6243051065 0.4242754
4326.0333739244 0.2040459
4326.2020388271 0.6659986
4326.3495821131 0.2097859
4326.9821435602 0.6714666
4327.5679786860 0.3926447
4327.8290461302 0.0355997
4327.9710651140 0.4749729
4328.1457324575 0.2026874
4328.3219820374 0.5874206
4328.6582640711 0.0425101
4328.9846070703 0.1016225
4329.1318839384 0.4512769
4329.8194267799 0.2133821
4330.0955230611 0.0221606
4330.2410830782 0.0411261
4330.4961570189 0.1783286
4330.6030014301 0.2110016
4330.7596374618 0.0422448
4330.9714436092 0.0193287
4331.2371420362 0.5705715
4331.4588943810 0.2003277
4331.6130455696 0.2815183
4331.9165235077 0.3846316
4332.1669688327 0.3428445
4332.6415711268 0.0998486
4332.8614726062 0.5761589
4333.2150972007 0.0608146
4333.3776080201 0.0658730
4333.6596483003 0.0837656
4333.7958088868 0.2157593
4334.0397888830 0.5008863
4334.4134456505 0.0622225
4334.5853215451 0.0896018
4334.9782430527 0.2286612
4335.2360706040 0.0720518
4335.4173997268 0.1366846
4335.8804454278 0.1573775
4336.0243528043 0.2100472
4336.4899911389 0.2301555
4336.6586750854 0.0967206
4336.8109741506 0.0546308
4337.0036411982 0.0426150
4337.1332269769 0.0239376
4337.4871485071 0.0133334
4337.6534973700 0.0151461
4337.8466388732 0.0321057
4338.2684531901 0.7697272
4338.4599516916 0.2738454
4338.7782963923 0.7749245
4339.1369247139 0.7148411
4339.4839819712 0.4911030
4339.6627049120 0.1273893
4339.8529395623 0.1749512
4340.0441608124 0.1964823
4340.3273029318 0.0819876
4340.4737641036 0.1857896
4340.6707960833 0.7805988
4340.9349574488 0.6595960
4341.3543941665 0.2632459
4341.7094433108 0.1994996
4342.2207586291 0.5972657
4342.4552476879 0.0813249
4342.5858127579 0.3677844
4342.9323088136 0.1552730
4343.1139647893 0.1528045
4343.4019743340 0.1581317
4343.7886023826 0.0172173
4344.0468564876 0.0256909
4344.1837545453 0.0282688
4344.4639198271 0.5333416
4344.7096666113 0.1836961
4344.9185366307 0.5145643
4345.1822845430 0.2886107
4345.5061552185 0.5115942
4345.7279949021 0.8378519
4346.1036560089 0.2074973
4346.3018212925 0.0679554
4346.4559360428 0.0185836
4346.8151853516 0.0798455
4347.1072176404 0.1382780
4347.3299503708 0.1693712
4347.5154136025 0.3221669
4347.7778325083 0.5031815
4348.0455976116 0.3141219
4348.3155992739 0.0269180
4348.4582362549 0.5227071
4348.7602251266 0.3071018
4349.0599806009 0.4437485
4349.1859700409 0.3709840
4349.5554148279 0.3393604
4349.8637486912 0.0581215
4350.1632438387 0.4251061
4350.5306973534 0.0122399
4350.7377439689 0.0143215
4351.0061632683 0.0335326
4351.2160366783 0.0198961
4351.4669915415 0.1058739
4351.8066925139 0.1869803
4352.0412805299 0.2692590
4352.2730852836 0.7475999
4352.6154358547 0.0614840
4352.7712616003 0.5491507
4352.9900489784 0.8024036
4353.1328558375 0.5724031
4353.4738402805 0.2442837
4353.7749200103 0.3023251
4353.9589894711 0.7650728
4354.0933719034 0.6135173
4354.3862953872 0.1687383
4354.6753527538 0.1237077
4355.0499574091 0.0849256
4355.1712410642 0.0831427
4355.4781370976 0.1781624
4355.7161905200 0.2330382
4355.8360577126 0.2545730
4355.9781371322 0.1831030
4356.3107776835 0.6090599
4356.5657315557 0.2907544
4356.9199869179 0.2951093
4357.2056408622 0.3127182
4357.5848890145 0.3484990
4357.8222336928 0.3392448
4358.1265756679 0.1383575
4358.5142129003 0.1267195
4358.7242967835 0.2021857
4359.0967316850 0.1359366
4359.2171501747 0.1183333
4359.3937259077 0.1980792
4359.7341493936 0.6494271
4359.9260808294 0.1892224
4360.0448460443 0.1377706
4360.4098397394 0.0708391
4360.5669139496 0.1858243
4360.8452950444 0.5812269
4361.2107385293 0.0560665
4361.5088297039 0.3402240
4361.6998608744 0.3842500
4362.0182304981 0.3355188
4362.4869345097 0.1411958
4362.8789493429 0.0165370
4363.0045494789 0.0312200
4363.3069585829 0.0989143
4363.4271249287 0.1791787
4363.7594712848 0.3438342
4363.9641183320 0.2743599
4364.3298450871 0.3499540
4364.5150317015 0.4053940
4364.6958493158 0.1749585
4364.8219513352 0.1984828
4365.2639988052 0.3132573
4365.4093157737 0.3195769
4365.7209391971 0.0250271
4365.8810271848 0.0494124
4366.1078547839 0.0104203
4366.2451053893 0.0421163
4366.4858023903 0.0459033
4366.7550048466 0.2194716
4366.9804675073 0.0271084
4367.1258300690 0.4650352
4367.7287740360 0.1525029
4367.8926114325 0.3066382
4368.1344953580 0.0803401
4368.4087930980 0.0661074
4368.8160254592 0.5121356
4369.1330040177 0.7050644
4369.2777148894 0.1440159
4369.5129267598 0.1291300
4369.8552119726 0.1386022
4370.1416951434 0.0925998
4370.3001477039 0.0172068
4370.4956726859 0.0612247
4370.7659920515 0.1481216
4371.0006704631 0.7748694
4371.3721299902 0.1543208
4371.5120224847 0.1668614
4371.8738915075 0.0341039
4372.2424200844 0.4249095
4372.5078251184 0.6776971
4373.0258171621 0.0896915
4373.1807578402 0.0170534
4373.5830540510 0.1228900
4373.9671014674 0.3246426
4374.0713252614 0.3573459
4374.2165946837 0.2464376
4374.3516261001 0.0722355
4374.4854220813 0.4944236
4374.7929971125 0.5007084
4375.0176746852 0.1835610
4375.4094742456 0.5834115
4375.6957098489 0.7090334
4376.0438871435 0.2310347
4376.1675299322 0.5353851
4376.4278773694 0.2485290
4376.5599925194 0.2036764
4376.8817144890 0.2125480
4377.1651315721 0.8162677
4377.6276303341 0.1017272
4377.7824674184 0.1150601
4378.0062563204 0.4583786
4378.4601359145 0.3767695
4378.7761438523 0.1296878
4379.0223361051 0.2705257
4379.4827880824 0.4565207
4379.7298539061 0.1437384
4380.1394631655 0.3202946
4380.4640113749 0.8806612
4380.7634744887 0.0256131
4381.0030531121 0.1457252
4381.2925530228 0.4369924
4381.7237291451 0.1394845
4381.9493757706 0.4245265
4382.3354568481 0.2470259
4382.5416155319 0.0524595
4382.9356025225 0.0235002
4383.4064308912 0.0514430
4383.7556957653 0.1813884
4383.9967099102 0.2302648
4384.2443767576 0.0987227
4384.7808822867 0.6680147
4385.7664722643 0.1146191
4385.9432654974 0.7423490
4386.2089514029 0.5821342
4386.3535003038 0.2121975
4386.4720329428 0.3137120
4386.6178537289 0.2322156
4386.8664639278 0.1363409
4387.0834407954 0.1212369
4387.2884705166 0.2350266
4387.6814166321 0.0617520
4387.9227396130 0.1290055
4388.0802430172 0.2402532
4388.2912926149 0.3576693
4388.7186439843 0.1042503
4389.1273577956 0.6098434
4389.3104662248 0.1161392
4389.6419509756 0.6161920
4389.9578412494 0.1378116
4390.0962483352 0.3465079
4390.4810428789 0.7603378
4390.8647418848 0.1584962
4391.0085481034 0.1215619
4391.2166966199 0.7706568
4391.4333644806 0.0520750
4391.7052213185 0.4059794
4392.1965872467 0.5886717
4392.5270321582 0.0335113
4392.7341611376 0.2216202
4392.9952375876 0.3094970
4393.3008007862 0.3729822
4393.5323849082 0.0790963
4393.8193760754 0.2465835
4394.2552761480 0.1732422
4394.5238656689 0.1742722
4394.7562135834 0.3160600
4395.0352975595 0.1208546
4395.1578185639 0.2472031
4395.2958492440 0.4923752
4396.0952501444 0.1965285
4396.2700047692 0.7749410
4396.4713049769 0.7302141
4396.7256988211 0.2996719
4397.0768816827 0.4123190
4397.3200609234 0.1506664
4397.5381692399 0.2490864
4397.8181068745 0.0147289
4398.1954598520 0.3036789
4398.3684562553 0.1520215
4398.4958561670 0.1007847
4399.0149440141 0.0290176
4399.2525142594 0.3130099
4399.3891009618 0.0668030
4399.5241910200 0.1027670
4399.7206681302 0.1846825
4399.9363090392 0.1195820
4400.0837567333 0.0353495
4400.2954495625 0.0709053
4400.5118559037 0.0629466
4401.0085934277 0.6415502
4401.2105846619 0.1475857
4401.4145807646 0.2843703
4401.6297702064 0.6966882
4401.8099410726 0.6540714
4402.0843219890 0.2141942
4402.2515284401 0.2441283
4402.5291784783 0.5375444
4402.7814739470 0.5388763
4403.5638343663 0.0463195
4403.7035659400 0.0387124
4404.0612027936 0.0982185
4404.4215828105 0.2288675
4404.6105330523 0.1897086
4404.8925360404 0.0625866
4405.2122451933 0.1139692
4405.5160715520 0.2439739
4405.6469783319 0.1389793
4405.9927773299 0.6566386
4406.2548599114 0.3146829
4406.9324565107 0.1229807
4407.2607181601 0.0554144
4407.3771898178 0.1569685
4407.8807853648 0.7585833
4408.2313035498 0.0323802
4408.5049729170 0.1260328
4408.9347977792 0.7580066
4409.1558533242 0.0483802
4409.4390943346 0.7526805
4410.0286320115 0.0315556
4410.2150363673 0.0375219
4410.3609275085 0.2856804
4410.7567261887 0.2074043
4411.2575006104 0.1699548
4411.3934950045 0.1362328
4411.5360981701 0.1207307
4411.7623873669 0.3359361
4412.1780766709 0.0379898
4412.3222035185 0.2815863
4412.8093985556 0.0258767
4413.1672633246 0.2902017
4413.3735667868 0.1674455
4413.4939466877 0.3525106
4413.6537652511 0.1372285
4413.9357650804 0.0519343
4414.1126417991 0.0462966
4414.3493170655 0.0587926
4414.6376021020 0.0541983
4414.8402548335 0.1781615
4415.0829705025 0.1590462
4415.3496310515 0.1203827
4415.8188945903 0.0499884
4416.1337478800 0.3664643
4416.3662219516 0.5847394
4416.7944145795 0.5282160
4417.2863697113 0.0206673
4417.7156323130 0.4631456
4418.0615575339 0.3043636
4418.5230018280 0.4253051
4418.9564899358 0.6652014
4419.2700272933 0.0504649
4419.5785953817 0.3580628
4420.0007653889 0.0356634
4420.1610817083 0.0974486
4420.3345342497 0.0631626
4420.5035151329 0.1332364
4420.7490784987 0.0142962
4420.8673332537 0.0136130
4421.0288445287 0.0706394
4421.1757172959 0.1899943
4421.5261936018 0.2028892
4421.7550672403 0.1142845
4421.9084832324 0.0723135
4422.3473240278 0.0594245
4422.5624799919 0.0645371
4422.8133007757 0.4576997
4422.9955239208 0.2850383
4423.1785131379 0.1857537
4423.3048227771 0.1572921
4423.5487180766 0.0928312
4423.8126696122 0.6702045
4424.0649211246 0.3973604
4424.2025289120 0.1808496
4424.3788738090 0.3172507
4424.5090289425 0.2067178
4425.0838687371 0.3855664
4425.3109956291 0.1641451
4425.5291959885 0.1516714
4425.8337200101 0.1854312
4426.0450504694 0.0567848
4426.6810507981 0.7822962
4426.9035881521 0.0660627
4427.0356577017 0.2058166
4427.2630800935 0.6031148
4427.6584287765 0.0741038
4427.9437995427 0.0268895
4428.3478405279 0.6242665
4428.5600543226 0.7584321
4429.1385923628 0.0463341
4429.3288215835 0.0418799
4429.5025876150 0.0351570
4429.7651373684 0.3995461
4429.9401621520 0.0643640
4430.4371224332 0.0699349
4430.7449047105 0.0108764
4431.0394685741 0.2755906
4431.2919329010 0.2025098
4431.4416461239 0.4802756
4431.6088664117 0.3338977
4431.8615559886 0.7087495
4432.2773694143 0.1051638
4432.5762903485 0.1919528
4433.0847855463 0.2076508
4433.4087577350 0.2271772
4433.6703866005 0.0218899
4433.8168739147 0.4026741
4434.4716559773 0.6637519
4434.8083906424 0.0831571
4435.0273990845 0.5149943
4435.2382382933 0.4916673
4435.4293035598 0.0214845
4435.6750190127 0.1273323
4436.2076524810 0.7462575
4436.3954289613 0.7380706
4436.5648000299 0.0852482
4436.9285628933 0.7765973
4437.3806503112 0.5097059
4437.5954040543 0.4524671
4437.8355286558 0.1707248
4438.1862296279 0.5430163
4438.5515005816 0.0100556
4438.8071536379 0.1308164
4438.9325502356 0.0838361
4439.0792215219 0.6247094
4439.5920893077 0.3962549
4439.8663374774 0.0427741
4440.4193256021 0.0824371
4440.8819563468 0.1603985
4441.1312366158 0.4869315
4441.4496356672 0.0308781
4441.5913872882 0.3116073
4441.7276239453 0.2172396
4442.0695356565 0.2690633
4442.2279744473 0.1593656
4442.3364357321 0.1926481
4442.5155686190 0.1710588
4442.6639891888 0.0538329
4442.9410027615 0.6920572
4443.2129405564 0.0273875
4443.5901423340 0.6957778
4444.0801728194 0.5896263
4444.2534339896 0.1267685
4444.4436287044 0.7432997
4445.0527641141 0.7397867
4445.4611122468 0.5833322
4445.6550926008 0.0187648
4445.8045471054 0.3593452
4446.3183521442 0.0209911
4446.5733628902 0.0343077
4446.7219034245 0.5294651
4446.9415946586 0.0404849
4447.0902519439 0.0488074
4447.4857996754 0.0383189
4447.6387863626 0.1024696
4447.8461059557 0.0386958
4448.0914898052 0.4784938
4448.3804028723 0.5988997
4448.6168982388 0.0380374
4448.9704854292 0.7914412
4449.5250294072 0.0257059
4450.1850964205 0.0810518
4450.3957514955 0.6225454
4450.5752212277 0.0632235
4450.7257495288 0.0511868
4450.9635726480 0.0433407
4451.2127148720 0.0268392
4451.5689427029 0.4440511
4451.7324568089 0.5977774
4452.0096202826 0.1310920
4452.1466227281 0.5672814
4452.8331685015 0.6724020
4453.2557033596 0.3142513
4453.8632557863 0.1427958
4454.0269495414 0.1069709
4454.2521366520 0.4167921
4454.5664511655 0.6234860
4454.7948684485 0.0497040
4454.9524660967 0.5119892
4455.6354072982 0.6836926
4456.0280836879 0.7267379
4456.2686173076 0.4992564
4456.5676712096 0.6713359
4457.1398776045 0.8402995
4457.5804402149 0.3949037
4457.8702731371 0.6004699
4458.1403466388 0.0227107
4458.2900522181 0.3504308
4458.6898587429 0.7110817
4459.0124004723 0.0982154
4459.3354996092 0.4385440
4459.5003476627 0.5688648
4459.7808049748 0.3274924
4460.3722415995 0.7138728
4460.6042941672 0.4744226
4461.0070271679 0.7191152
4461.5489174791 0.7373487
4462.0261069079 0.1175521
4462.3305920101 0.4074868
4462.4537105304 0.3774388
4462.6288096298 0.2680721
4462.9086919142 0.8044104
4463.2509437981 0.7191608
4463.7059785476 0.3851828
4463.9932027197 0.0809904
4464.2339980271 0.0815082
4464.3853948866 0.1732074
4464.6474440899 0.3762365
4464.7874449941 0.2182994
4465.7023276798 0.4981104
4466.1652777620 0.0964450
4466.3830411170 0.0845321
4466.6070736157 0.1935187
4466.8476735343 0.0173699
4467.0624294467 0.4791221
4467.4135071649 0.0571922
4467.8170897521 0.8166812
4468.1851836095 0.3890162
4468.4549859223 0.0139598
4468.5898549953 0.0690683
4468.8113123770 0.0894119
4469.0842173589 0.0367742
4469.2535368190 0.0549528
4469.7496186476 0.7667959
4470.4099235940 0.2721080
4470.6350938169 0.6332440
4470.8083807547 0.1734211
4470.9614928311 0.1795938
4471.3872269077 0.4413301
4471.7360510282 0.5125229
4472.1065710621 0.3896296
4472.4951606530 0.4701701
4472.6636575888 0.0450817
4472.9327583719 0.3238862
4473.4459157628 0.0238699
4473.6500546711 0.0202463
4473.7902776495 0.0442207
4473.9990916413 0.5289549
4474.1977339801 0.1310950
4474.4093867810 0.0401034
4474.8725338833 0.0222416
4475.0801800480 0.0567820
4475.3052944308 0.0684062
4475.6433263906 0.0210395
4475.8159293518 0.0514233
4475.9788981018 0.1348805
4476.1081197396 0.3149283
4476.2606286806 0.0369651
4476.5566875994 0.1284314
4476.7341221360 0.0295516
4477.2983727040 0.7802325
4477.8525009832 0.0173391
4478.1072302313 0.0153204
4478.3101408497 0.0815767
4478.4679160014 0.0315288
4478.7228458931 0.0452418
4478.9097907403 0.0254918
4479.1289498859 0.0150706
4479.2770754025 0.2135935
4479.5745388759 0.0819488
4479.8871342017 0.0414643
4480.0656660003 0.0162138
4480.2499553680 0.0236297
4480.6330638670 0.0987189
4480.8672807468 0.4935789
4481.2250694371 0.3339875
4481.3951185389 0.4898326
4481.8438623957 0.2772452
4482.0799620334 0.1769381
4482.3787649439 0.0930780
4482.5231988187 0.5153348
4482.8684529547 0.3802552
4483.9816026629 0.5914208
4484.6187515720 0.0204114
4484.7799878412 0.0146331
4485.0353634277 0.1089297
4485.1685342827 0.0857894
4485.4811728776 0.6564357
4485.7710898481 0.0428976
4486.0760081670 0.0101641
4486.3388189866 0.0352888
4486.6706742433 0.0182156
4486.9370851635 0.5612661
4487.2274893244 0.1364082
4487.8367088536 0.0238527
4488.1776033375 0.0929985
4488.5050594161 0.0407480
4488.6262546834 0.0258973
4488.7502536205 0.0562600
4488.9964530503 0.0940103
4489.3903275048 0.3526713
4489.5789213158 0.2008740
4490.1663551431 0.3927993
4490.3534850785 0.4854464
4490.7275575305 0.1598078
4491.0022201727 0.8136465
4491.3431050488 0.6178026
4491.8102974733 0.1168870
4492.0369796565 0.5157623
4492.6654053766 0.2490284
4492.9165599481 0.2021374
4493.1095306871 0.0975579
4493.5670390399 0.2226000
4493.7981741198 0.0850408
4493.9423053721 0.2115620
4494.6412155366 0.0665909
4494.7854744030 0.1652778
4495.0065133701 0.0540846
4495.3148865831 0.1599392
4495.4568690293 0.0706554
4495.8297701205 0.7059447
4496.2605581577 0.1113722
4496.5273139302 0.0427062
4496.6736202081 0.1422345
4496.8339715425 0.1795920
4497.2160561194 0.3122597
4497.4147122623 0.4445297
4497.7895284321 0.0380991
4498.1143336751 0.7680100
4498.9379764186 0.1709914
4499.5392514727 0.0471307
4499.8376330950 0.0194188
4499.9898299196 0.2645403
4500.1546612985 0.4461562
4500.3994942701 0.2419966
4500.7444148053 0.0171066
4501.5452751958 0.2312586
4501.8919292402 0.0726806
4502.3613840835 0.1920590
4502.5342749511 0.7709899
4503.0443909066 0.1612999
4503.2273124720 0.0800028
4503.4790025966 0.4924610
4503.7104687340 0.0409030
4503.8565774144 0.2107186
4504.0108439379 0.0338143
4504.3154126489 0.0124581
4504.4612803361 0.0225594
4504.6040418836 0.0239187
4505.0228727417 0.1216206
4506.0971086080 0.3025022
4506.5040261044 0.0324547
4506.7543501721 0.0115591
4507.0231452450 0.0388089
4507.1908937589 0.0235167
4507.3519429648 0.0322717
4507.5961524195 0.0857705
4507.8670690734 0.0939548
4508.1004074294 0.0865135
4508.4849115437 0.0794943
4508.6597632335 0.0862223
4509.1072709879 0.0415667
4509.2887851767 0.0554426
4509.5476108513 0.3531687
4509.8051727226 0.0224268
4509.9496768233 0.0786473
4510.5509060943 0.1062687
4510.7100527404 0.1496304
4510.9973935130 0.2567764
4511.2742910696 0.0174346
4511.5509474028 0.0104897
4512.0921266776 0.0740041
4512.4252086755 0.1073117
4512.5789490059 0.0265258
4512.8218298254 0.0512384
4513.1572683364 0.3448590
4513.5338863076 0.2240089
4514.0034448620 0.7324738
4514.2597438749 0.0875402
4514.6967296027 0.0678125
4514.8358914564 0.0417330
4514.9811212519 0.0994868
4515.1714507222 0.0358456
4515.4522883338 0.4733661
4515.7271375450 0.3369754
4516.0413819857 0.0306878
4516.2071472126 0.0170526
4516.4350534131 0.1516374
4516.6011834267 0.3077857
4516.8599068325 0.0495250
4517.1366937269 0.0272119
4517.3920864540 0.0176557
4517.5450535536 0.0750756
4517.7404255972 0.0184944
4517.9320542827 0.0368468
4518.1978504270 0.0196724
4518.4080307402 0.1895711
4518.7968157718 0.4826274
4519.0413235274 0.0289317
4519.2931814035 0.7575496
4519.6018341129 0.2814922
4519.8432965354 0.1733766
4519.9611825556 0.2893478
4520.2150336990 0.0118696
4520.4421990478 0.0149697
4520.8988729948 0.0250124
4521.1009960734 0.0349007
4521.2536551741 0.3172392
4521.4959857475 0.3744881
4521.7693702892 0.0269368
4522.3965280859 0.0797759
4523.0769621993 0.0239831
4523.3499796159 0.0286106
4523.6378740605 0.0469895
4523.8996530808 0.3590078
4524.0677931504 0.7506136
4524.3348239577 0.0685261
4524.6692689931 0.3006388
4525.0279573294 0.0295591
4525.1923237535 0.0800397
4525.3528995269 0.0490960
4525.4825249093 0.0716884
4525.9603074591 0.1236803
4526.2145373790 0.1357663
4526.4086590497 0.6255378
4526.8525859530 0.0135961
4527.1369695450 0.1493674
4527.3719435022 0.1363947
4527.7031988098 0.6835440
4528.1958284742 0.5766909
4528.5849337567 0.7611773
4528.8955386738 0.0148105
4529.0547210519 0.1996460
4529.2074068549 0.0341907
4529.8883232755 0.5913282
4530.7997345961 0.5561104
4530.9515369870 0.3717664
4531.1134092367 0.1987548
4531.7514799200 0.0459737
4531.9945341954 0.6309159
4532.2231551100 0.4547523
4532.4222308138 0.7845775
4532.8967366227 0.4290007
4533.1598311807 0.0249205
4533.3829688688 0.0397200
4533.5785132711 0.0172497
4534.0401167255 0.0320048
4534.2507113623 0.2915548
4534.5155274265 0.8330759
4534.9628278760 0.0259802
4535.2364939478 0.7385513
4535.4331206175 0.1699746
4536.0523996105 0.8234929
4536.4104199879 0.3221693
4536.5801506865 0.0898856
4536.8424635123 0.8039497
4536.9858373614 0.4314813
4537.1854999542 0.6784562
4537.3169639786 0.7341582
4537.6346959993 0.0257259
4537.7644873423 0.0675862
4538.4906827343 0.0475051
4538.6794345573 0.0188715
4538.9439076659 0.1367877
4539.2347107677 0.0350657
4539.6611861669 0.0269592
4539.8683360591 0.0566331
4540.0326724557 0.2604873
4540.3665596862 0.0604085
4540.5088290859 0.0463721
4541.0498806842 0.2834672
4541.2834740208 0.0257485
4541.4982343642 0.0142025
4541.7745872132 0.4736117
4541.9788103244 0.4629757
4542.1297450834 0.1134112
4542.3358387889 0.2517040
4542.5860278094 0.1295634
4542.7873109849 0.2676627
4543.0570396760 0.0165099
4543.2107895591 0.0699397
4543.4926508648 0.0577452
4543.7000038240 0.3264793
4543.9486143691 0.1616105
4544.4931291700 0.0254869
4545.0834279733 0.1145585
4545.2900290154 0.1817317
4545.9492776101 0.7569238
4546.2478403899 0.0821381
4546.4126067345 0.2883156
4546.6315971297 0.3049700
4546.8451253126 0.0173341
4547.2308766902 0.7542928
4547.7408543172 0.0286094
4547.9575662419 0.0445199
4548.2916619687 0.5295361
4548.5059308787 0.2172147
4549.1234196332 0.6245985
4549.3848367164 0.0526970
4549.6901863030 0.0137853
4549.8684398321 0.0378741
4550.0424081396 0.7588960
4550.3207330894 0.0226046
4550.5603779634 0.0913799
4550.7453473270 0.4840297
4550.9039876367 0.7759751
4551.0908988334 0.3070489
4551.3911664699 0.1014870
4551.5500313694 0.0208613
4552.0440182521 0.4077793
4552.5095994432 0.1034165
4552.7784632469 0.0147257
4552.9269299709 0.1825502
4553.0934222060 0.0228463
4553.4218318781 0.1060050
4553.5720570970 0.1509794
4553.7356051148 0.7154458
4554.3076994528 0.0485971
4554.4418201084 0.0740263
4554.6641569950 0.0231494
4554.9258867768 0.0129289
4555.3094921607 0.8878629
4555.7442272206 0.2598205
4556.1004107226 0.0956891
4556.3465156888 0.1265889
4556.5873058115 0.0622405
4556.7655055916 0.7030887
4557.1685545043 0.3676169
4557.4098118412 0.6547204
4558.0557744901 0.0151469
4558.2036901918 0.1910064
4558.5563982495 0.0959456
4559.1258501009 0.0703953
4559.3858808889 0.1973166
4559.7526617957 0.0383699
4559.9243678628 0.2931222
4561.2029075600 0.2533110
4561.3654440659 0.3639878
4561.5421901655 0.0699125
4561.7042155066 0.0203374
4561.8419985739 0.0185077
4561.9918707948 0.1632030
4562.1436463786 0.1005158
4562.4687640836 0.0350497
4562.6902535738 0.1991387
4563.0117967352 0.0240715
4563.4971852902 0.0117845
4563.6436381588 0.1184919
4563.9089892772 0.3276341
4564.1634102483 0.0214176
4564.5206143225 0.0543021
4564.7006907443 0.1373812
4565.0409399501 0.6534183
4565.4629884861 0.0748573
4565.6211479786 0.0244905
4565.9748031673 0.1980807
4566.1075453554 0.2057136
4566.3436022174 0.0120996
4566.6055476990 0.2220702
4566.7961210154 0.4758605
4566.9354812323 0.3440098
4567.5112650565 0.0452415
4567.7972725563 0.3497028
4568.1463443774 0.2386266
4568.6873296510 0.0176638
4569.6084400231 0.1049135
4569.8879062772 0.0961365
4570.0523725688 0.3375859
4570.6443288132 0.0468399
4570.8973776290 0.2409681
4571.3004962539 0.0362546
4571.6896648238 0.0141158
4572.1940655395 0.0921859
4572.3779942748 0.8977102
4572.7167346429 0.1409506
4572.9552187026 0.3844892
4573.0879699069 0.0843215
4573.2552768512 0.7362353
4573.5558719120 0.0704021
4573.8774042351 0.0201006
4574.1477848336 0.0864289
4574.5626236406 0.0131206
4575.0793995620 0.0141848
4575.2547204152 0.0210398
4575.5009585062 0.2869820
4575.7454705115 0.0277794
4576.0027511107 0.5242869
4576.3895381789 0.0952154
4576.7982450196 0.0857412
4577.0686641315 0.1152220
4577.6162960513 0.2096052
4577.7914303570 0.0580402
4578.0486807304 0.0177389
4578.4604146037 0.5659692
4578.7358277470 0.0142051
4578.9731156567 0.0330108
4579.3169428781 0.0299638
4579.6099383483 0.0350037
4579.8391877147 0.6506400
4580.0088635697 0.1100320
4580.1724216082 0.0129552
4580.3396056249 0.0504689
4580.6130249036 0.1844819
4580.9566741403 0.0481845
4581.0974590417 0.1462803
4581.3361154053 0.6859621
4581.6903284245 0.5971069
4581.8676721969 0.2877322
4582.1673844251 0.0116556
4582.3269620033 0.0340295
4582.4879204864 0.1137114
4582.6891512416 0.6862015
4583.5864113545 0.0576544
4583.7649390912 0.0247855
4583.9616892434 0.0143404
4584.1139078380 0.1778164
4584.4063584701 0.0725447
4584.6963715983 0.1545698
4584.8506603905 0.0252287
4585.1216681069 0.4705189
4585.3689526045 0.0865351
4585.5473561097 0.0263754
4585.7218162429 0.0370037
4586.1051010311 0.3241133
4586.3650351225 0.0541316
4586.6244620502 0.0940796
4587.1522709630 0.6655898
4587.5067093501 0.1266146
4587.6562435776 0.6784454
4588.2676540862 0.0838514
4588.4163534935 0.3879476
4588.6752329887 0.0122000
4588.8684514015 0.0155394
4589.0070465889 0.0725975
4589.4860725345 0.2577235
4589.9858487949 0.0829233
4590.2917274727 0.0246967
4590.5841738210 0.0432335
4590.8454180135 0.0113067
4591.2354445114 0.4952650
4591.4976907994 0.0126854
4591.8141254089 0.0111988
4592.0743387902 0.1518751
4592.5230534808 0.0389512
4592.6794146457 0.6197509
4593.3379215641 0.1255222
4593.6571682292 0.0677328
4593.9444855259 0.7458239
4594.4504377478 0.0410644
4594.8150913054 0.1815581
4595.2104711845 0.0515018
4595.4068190496 0.7387551
4595.6946334298 0.0145563
4595.9210916636 0.0511299
4596.1866622652 0.1141945
4596.4997018934 0.0775313
4596.6479120164 0.4059728
4596.8808625470 0.1509522
4597.3510293364 0.4372166
4597.7007199935 0.1942729
4597.8598327889 0.0542697
4598.1942120596 0.0658940
4598.5285037977 0.0853158
4598.6693295101 0.1264632
4599.0361733729 0.1922193
4599.1573951939 0.2400734
4599.4093984229 0.5436615
4599.6514119116 0.0753368
4600.0310533185 0.0992773
4600.2804611224 0.0160836
4600.5141119116 0.0894664
4601.1255237425 0.3682222
4601.3895107611 0.2901771
4601.6496472523 0.3562545
4602.0424339869 0.7770739
4602.2990040460 0.2490843
4602.8273721402 0.0136089
4603.2933057220 0.5904835
4603.8599161072 0.0223771
4604.2346630667 0.7642444
4604.6323620740 0.1491207
4605.2416879138 0.1298744
4605.5282277985 0.0593683
4605.8439071264 0.2201714
4606.2801658994 0.4348541
4606.6529518343 0.0864142
4606.8763614322 0.2860683
4607.1294094352 0.0490473
4607.4885375409 0.2926611
4607.6714671586 0.0358127
4608.0640442374 0.0213480
4608.3734465492 0.0277785
4608.6242446090 0.4423666
4608.9401466097 0.5779743
4609.3942660798 0.0106080
4610.0012017593 0.0148543
4610.1438525707 0.0152410
4610.3856836318 0.0113035
4610.5655386688 0.0498866
4610.8050202791 0.0112728
4610.9352686122 0.0121266
4611.2048340760 0.1016434
4611.4754683027 0.0438107
4612.5794731478 0.5652503
4612.9306471685 0.0103696
4613.2573840292 0.0397867
4613.9097276830 0.0385612
4614.2464578569 0.0347815
4614.4987136280 0.5660064
4614.6527751887 0.6885215
4615.0064087626 0.0432272
4615.2074526950 0.1479996
4615.4941010199 0.1982054
4615.8208048851 0.0504742
4616.0221462368 0.0427150
4616.8556980871 0.1679229
4617.4206920559 0.7770484
4617.9162656616 0.1110759
4618.5658830467 0.6005957
4619.1379840084 0.0290107
4619.2557527662 0.0370836
4619.6495081748 0.0176796
4619.7851339743 0.0338493
4620.0670426313 0.4808904
4620.5837077689 0.5864969
4620.8288625188 0.2953712
4621.0746842854 0.1867995
4621.4172255755 0.0374539
4621.6604896863 0.0189062
4621.8085446433 0.1433982
4622.2984490187 0.0118124
4622.8984833748 0.0165042
4623.2150885995 0.3735136
4623.7475413481 0.2866820
4624.0406746175 0.1878659
4624.3948402654 0.5740312
4624.8737904793 0.0679196
4625.1879660740 0.0149194
4625.3775226070 0.0338415
4625.7065655037 0.0537592
4625.8602766687 0.0336767
4626.0199553017 0.0116000
4626.3443304449 0.5920828
4627.0670414900 0.0370332
4627.2177073005 0.0736639
4627.4730358172 0.7455311
4627.8281877607 0.1293748
4628.0829584105 0.0272085
4628.3169104353 0.0106151
4628.6652311035 0.0444769
4628.8373412657 0.0726866
4629.4578091108 0.0970906
4629.7560002644 0.0423201
4630.2174592831 0.0350555
4630.6415660551 0.5294276
4631.4204678219 0.5744262
4631.8520142033 0.0700746
4632.0789328117 0.0126725
4632.3450213388 0.0228514
4632.7830066546 0.0608849
4633.2850700568 0.0126348
4633.4388233376 0.1071385
4633.6075420861 0.0137745
4633.9569488889 0.0316104
4634.2096371641 0.5060766
4634.5542907407 0.0765191
4634.8347874808 0.0224031
4635.0542490197 0.1018549
4635.3715747802 0.1381356
4636.0175057355 0.1949644
4636.4742367352 0.1656453
4636.8937902335 0.0920765
4637.1474372453 0.4534665
4637.4740139350 0.0182148
4637.6235258466 0.0713214
4637.9751845604 0.0348130
4638.3313182383 0.0257062
4638.4777549670 0.1918468
4638.8049027395 0.5658239
4639.0594780587 0.1630712
4639.1739171052 0.0686581
4639.3121598373 0.5835623
4639.8213410050 0.0442185
4639.9905854068 0.0136530
4640.2557259815 0.0746368
4640.6639697748 0.4839613
4640.8109443871 0.1418895
4640.9630429948 0.4945296
4641.2411708054 0.4227526
4641.5861983304 0.2282893
4641.7365818249 0.0305688
4642.5122796284 0.1097509
4642.7977449014 0.0293728
4642.9712728782 0.0118282
4643.1363075686 0.0117212
4643.2936747012 0.0424897
4643.5475792074 0.0531273
4643.7187707067 0.0132322
4643.8850994599 0.0311665
4644.0992487216 0.0163499
4644.4955628857 0.0746988
4644.7658782738 0.5238126
4645.0080806762 0.0393235
4645.2144229739 0.0147042
4645.6740458351 0.0133811
4645.8134455567 0.0369493
4646.4912815076 0.3463912
4646.7733371231 0.0422391
4647.0788670582 0.0143623
4647.4670648700 0.7948468
4647.6795735208 0.0725035
4647.9390910561 0.2417182
4648.0828183237 0.1691914
4648.5916649804 0.0417501
4648.7390645397 0.6340646
4649.2594665543 0.2072561
4649.4192094990 0.1892278
4649.5820020306 0.0202951
4649.9576846757 0.5562230
4650.1548584721 0.1322771
4650.4472237189 0.0163383
4650.7376855524 0.1939351
4650.9531003346 0.0639031
4651.1226646084 0.1550052
4651.3155490211 0.3039212
4651.6099724436 0.0677006
4651.8521040538 0.0298523
4652.1185538171 0.0250058
4652.5899734012 0.7259505
4653.4646989438 0.7776140
4654.1476275120 0.0144444
4654.6578662890 0.0368737
4654.7954582173 0.1114344
4655.0726074441 0.0174456
4655.4552784560 0.1475241
4655.8064557571 0.6776292
4655.9301033071 0.4952154
4656.5388386844 0.0207074
4656.9685003397 0.1195683
4657.3478108054 0.1734109
4657.4926779398 0.1554332
4657.7748600810 0.7476651
4658.1292695903 0.0149553
4658.2782056316 0.0658090
4658.5071168306 0.2788606
4658.8920855254 0.2671855
4659.1583940386 0.0131258
4659.5997071008 0.1204280
4659.7704015593 0.0184016
4660.1845055740 0.0284462
4660.7214357245 0.0125976
4660.8624672460 0.0266922
4661.3566795563 0.0171014
4661.5452818437 0.0122319
4661.7271631832 0.1064486
4662.2078103962 0.0971986
4662.4647140446 0.0152952
4662.6253722497 0.0377643
4662.8406597282 0.2204362
4663.1265076150 0.0263555
4663.2798439234 0.3341169
4663.8111874722 0.0322532
4664.0622672013 0.0427268
4664.3398445013 0.0200246
4664.4848777936 0.1666681
4664.6283908838 0.2209076
4665.1230042373 0.2834899
4665.5072586831 0.0150272
4665.8264361012 0.0109557
4666.0939111102 0.3946923
4666.4859285914 0.0531043
4666.8563981818 0.0288068
4667.2133837352 0.1679579
4667.4982426251 0.1975919
4667.7898686159 0.3686614
4668.0590939901 0.1296646
4668.2910562050 0.1748750
4668.5574760073 0.1307981
4668.7608539996 0.6143389
4668.8970309610 0.7699869
4669.0680609944 0.2093619
4669.4356804744 0.6971104
4669.6515261962 0.0921640
4669.8705209715 0.2583630
4670.4780305272 0.4987012
4670.6279212582 0.2128353
4670.9572474080 0.0618244
4671.4735433409 0.0453559
4671.7184041319 0.3288221
4672.2105895265 0.0145264
4672.7244394447 0.1213679
4672.9906895066 0.0737155
4673.3439212751 0.0112658
4673.6370812483 0.2993282
4674.1418806544 0.1813811
4674.4713002234 0.4357753
4675.0836758075 0.0226335
4675.4011052148 0.1473138
4675.6023800258 0.1096955
4675.9524294257 0.1836875
4676.4232909855 0.3856331
4676.6842093104 0.0219740
4676.9110261714 0.0489074
4677.5049782259 0.0235529
4677.6521535724 0.0572729
4677.8315421734 0.0270933
4678.2292181896 0.0369881
4678.8992402076 0.0526190
4679.4750977482 0.2739264
4679.8356509929 0.0206415
4680.1583684354 0.6261167
4680.5325113874 0.3049117
4681.4484772780 0.1730738
4681.6085776672 0.4712666
4681.7872049795 0.3370997
4682.1660970007 0.1611684
4682.7729265651 0.1569551
4683.2237426822 0.7807758
4683.4279434936 0.2835833
4683.6614084198 0.1757298
4683.8705903398 0.1668397
4684.0266579832 0.0243237
4684.2535490702 0.0108115
4684.5573449005 0.0200601
4684.8733207246 0.4092404
4685.1390433093 0.0251723
4685.2784106636 0.0181888
4685.5336001911 0.0111279
4685.9018146018 0.1177902
4686.1873994642 0.0166164
4686.3378494822 0.0972808
4686.5790792361 0.4188396
4687.1619790274 0.0339420
4687.5274003111 0.3377867
4688.2166084207 0.0413767
4688.4679781600 0.0318459
4688.6890659849 0.3285598
4688.9727593398 0.0486145
4689.1143173159 0.1648159
4689.4875761067 0.2564772
4689.7470710178 0.0888952
4689.9725042339 0.0175389
4690.6685762766 0.2783364
4690.8077275366 0.1912605
4691.4517708306 0.4167096
4691.6896854617 0.1046672
4691.9607903479 0.0145427
4692.1089263167 0.0950894
4692.2674345610 0.0251593
4692.7019081787 0.6859022
4692.8994058632 0.1659018
4693.2908162938 0.0252645
4693.9543769999 0.0419208
4694.5043660762 0.0672526
4694.8304163589 0.0126772
4694.9812416512 0.2514353
4695.2555720545 0.1875995
4695.4137976658 0.0250774
4696.0109309141 0.0155243
4696.1790949565 0.1338872
4696.4594495257 0.1177007
4696.7792607092 0.0202569
4697.3298125004 0.0181977
4697.6082772705 0.0108141
4697.9646336691 0.0148763
4698.2367229923 0.1018274
4698.3682748147 0.2571204
4698.7130478381 0.0475049
4699.7697376528 0.3774713
4699.9295440153 0.2833278
4700.0858655854 0.4438281
4700.6468703904 0.3213022
4700.9042895430 0.0353743
4701.4708856299 0.3689178
4701.7477088898 0.0606776
4701.9283943205 0.1547229
4702.2065277377 0.0280431
4702.3649941269 0.2794000
4702.6728337585 0.2318350
4702.8456037244 0.2422583
4703.2211547213 0.0384895
4703.6094708979 0.0536258
4704.3092090369 0.5397783
4704.8741238960 0.0339055
4705.1257073377 0.3019879
4705.4916409717 0.0138099
4705.7811352703 0.0812152
4706.2663643569 0.4148932
4706.5401317127 0.0123135
4706.7800376345 0.2161535
4707.2393581940 0.0590628
4707.4184003233 0.0779700
4707.6166024153 0.0393814
4707.8693053059 0.1665888
4708.5960708314 0.6518976
4708.8054184949 0.4664459
4709.0678368388 0.0459025
4709.3318906159 0.4516177
4709.5937633458 0.0146433
4709.8265197776 0.0217519
4709.9836542787 0.2941870
4710.2858083237 0.3353777
4710.4102901503 0.4695233
4710.8028859204 0.0250204
4711.0304427666 0.5096093
4711.2272454507 0.0114019
4711.6016984186 0.5623010
4711.8778168924 0.0450387
4712.1372822575 0.0112465
4712.3272873827 0.0105159
4712.8036102431 0.1522035
4713.4043489049 0.1730749
4713.5727983038 0.0761282
4713.8316888783 0.0452842
4714.0334859468 0.0407979
4714.4847990086 0.0138281
4715.1184683330 0.0217067
4715.3907108242 0.1345674
4715.7364391025 0.5724261
4716.2472943222 0.0170380
4716.6219870706 0.2674884
4716.9251531411 0.0408265
4717.0838811182 0.4474182
4717.7993063660 0.0140876
4718.1558946429 0.0490556
4718.6281209889 0.0435563
4718.8992725348 0.1312002
4719.1903419449 0.0373002
4719.4672465346 0.0121109
4719.7429670111 0.4766154
4720.1326435619 0.0111365
4720.5247867063 0.0148906
4720.8323424135 0.0499697
4720.9957121021 0.0221569
4721.1360557136 0.0206005
4721.4638150413 0.0152882
4721.7198211896 0.0190899
4721.8676772808 0.0119511
4722.3166224086 0.3323715
4722.6070052906 0.0181602
4722.8380367368 0.0216959
4723.4793910958 0.2545218
4723.7785074917 0.0242368
4723.9315468365 0.3448656
4724.4735678745 0.3635594
4725.0786594449 0.0185874
4725.4818578540 0.0191405
4725.7348702434 0.1900982
4726.1744739939 0.0179815
4726.7861234948 0.0215749
4727.2744598420 0.0563210
4727.4658309996 0.1215838
4728.0811736914 0.0165828
4728.3228108608 0.0557645
4728.4736300903 0.2302354
4728.7508737493 0.6165882
4729.2580123493 0.1556917
4729.4874324945 0.1053152
4729.8713942659 0.4879320
4730.0666566858 0.0323769
4730.3439869294 0.2459809
4730.5816169196 0.0752802
4731.0052848478 0.1862204
4731.3496373717 0.3593067
4731.7317359423 0.0603670
4732.0380143839 0.3928083
4732.3183775627 0.1326661
4732.4920144973 0.1474765
4732.8053529295 0.3785058
4733.1250067546 0.2020262
4733.3839343576 0.0212903
4733.6400725722 0.0396150
4733.7829603040 0.2227267
4734.1384213034 0.0256516
4734.7499071688 0.1334968
4734.9182210951 0.6809278
4735.4298975284 0.1649450
4735.7617720132 0.0218726
4735.9940857502 0.0630795
4736.1643767109 0.0452363
4736.6219436558 0.0125909
4736.7643206440 0.0166863
4737.0090220427 0.0238006
4737.1708893030 0.4081547
4737.3407337962 0.0539103
4737.6504354408 0.0184088
4738.1032010365 0.5931974
4738.6769632195 0.3767972
4738.9553481712 0.2481738
4739.6239823235 0.0103564
4739.9752879198 0.0213017
4740.2752384247 0.0257476
4740.4319306363 0.4214124
4740.8057366732 0.1029804
4740.9541869722 0.0294704
4741.4928857840 0.0886728
4741.6642329679 0.2452963
4741.8105374690 0.1434609
4742.3895538614 0.2405023
4742.8583020282 0.5059442
4743.2626472774 0.0173930
4743.4334334238 0.0650209
4743.6187299537 0.0514354
4743.8716306703 0.0374166
4744.1185200649 0.3831708
4744.4068519768 0.0327352
4744.6118686808 0.0143251
4745.1487026459 0.1188423
4745.4353061310 0.0126199
4745.7114227087 0.2507502
4745.9709812208 0.0456642
4746.2678851152 0.0594340
4746.4650710463 0.1419716
4746.6341378793 0.1327661
4746.8388772615 0.0172099
4747.1300523693 0.5038282
4747.4338998943 0.0159901
4747.5949708999 0.0279875
4747.9640181160 0.0142852
4748.3281069191 0.0135633
4748.5845831872 0.0323489
4749.0045046107 0.0847000
4749.2911813893 0.0427415
4749.4610486061 0.3862151
4749.8265899359 0.0161138
4750.0667786009 0.0169192
4750.5216018821 0.0235364
4750.9833223712 0.1436223
4751.2752786804 0.1591607
4751.5535726307 0.0161497
4751.7355857263 0.0149472
4751.9955504116 0.0162443
4752.4191579269 0.1438626
4752.7514665671 0.0172144
4752.8853881338 0.0268971
4753.1506590458 0.0681846
4753.4309256406 0.2364694
4753.7548325664 0.2709618
4754.2321724086 0.0293811
4754.4978337754 0.0435437
4754.6563059366 0.0204546
4755.3699446794 0.7860416
4755.6918035149 0.0375000
4756.0895784723 0.2525724
4756.4749523150 0.0697819
4756.8624200629 0.0266437
4757.0342802222 0.1460228
4757.4448642750 0.4914031
4757.8487740101 0.4882703
4758.3450220787 0.0162559
4758.6429166088 0.0442599
4758.9122900332 0.3868199
4759.1825011698 0.0290052
4759.4531394599 0.4503296
4759.7475657424 0.0201867
4760.0548004285 0.0907234
4760.2374201404 0.1520138
4760.6044775362 0.5114344
4760.8899820762 0.0202021
4761.0729414586 0.0245878
4761.2553131055 0.0361082
4761.3952416977 0.0547151
4761.7895300795 0.0111486
4762.1064636075 0.0229129
4762.4250778212 0.0371105
4762.5692488580 0.0464110
4762.8585525866 0.5315349
4763.4927377997 0.0139435
4763.7052439921 0.7134582
4763.9596436042 0.3819280
4764.1150211309 0.1702266
4764.4954542756 0.0127063
4764.7798177973 0.0193339
4764.9379149551 0.0107803
4765.2517240289 0.3987912
4765.6278727700 0.2031011
4765.8557584789 0.1434612
4766.1161526912 0.0146222
4766.3669983938 0.0197097
4766.8057794513 0.3037917
4767.1944589547 0.5700631
4767.7577866932 0.6413639
4767.9612619761 0.1361423
4768.1205554026 0.1045050
4768.6022366997 0.0348044
4769.0337844341 0.0210381
4769.1915449751 0.1363766
4769.4153491354 0.0945607
4769.6867745139 0.5446889
4770.0329924403 0.1215873
4770.5313548008 0.0110702
4770.8628938888 0.0247336
4771.1215678999 0.0850036
4771.5805278717 0.0235332
4772.0067703850 0.0442483
4772.4271755921 0.1662454
4772.8040495050 0.2480666
4773.0355286920 0.2979935
4773.4857127714 0.0248575
4773.6505951420 0.0914201
4774.1518316805 0.6476074
4774.4825479047 0.0592260
4774.7629209291 0.0880207
4775.0353820173 0.0245853
4775.3149908998 0.0403229
4775.6898066112 0.0293835
4775.8755175724 0.0162983
4776.0746232832 0.0199057
4776.2631520214 0.0348824
4776.4708758462 0.0343602
4776.6041833715 0.0455117
4776.8402196492 0.0271919
4776.9681413274 0.0291919
4777.2159154558 0.0346768
4777.4051732980 0.1897541
4777.6852782443 0.1869118
4778.1656700762 0.0212771
4778.3202235624 0.0107645
4778.5100139864 0.0295724
4778.8675569148 0.0303380
4779.0243515653 0.0243859
4779.3234632600 0.0367962
4779.5934211092 0.2004912
4779.8616010075 0.0229565
4780.0139474698 0.0255640
4780.1767738193 0.0238158
4780.3191994927 0.0188196
4780.4582549131 0.0293728
4780.7756147052 0.2804839
4781.1619298913 0.0493318
4781.3191802838 0.3546178
4781.6015484738 0.0219628
4781.8352530577 0.0276799
4781.9859460128 0.0438768
4782.1439129558 0.0589485
4782.4752194658 0.0186604
4782.6191110988 0.0281920
4782.7709275922 0.0257488
4783.0528704408 0.2115311
4783.4035918272 0.0462676
4783.6300896627 0.0253558
4783.9565058984 0.0138713
4784.1047328111 0.0281857
4784.3729656978 0.0643146
4784.7614844928 0.7504377
4785.1860579636 0.0492744
4785.3328806048 0.1123921
4785.5931802901 0.0498651
4785.8286737915 0.0445915
4786.0970479572 0.0205731
4786.3315685310 0.0429317
4786.7110877536 0.0194587
4787.0208509594 0.0784898
4787.2950676947 0.1420088
4787.4510065130 0.0540091
4787.6237153661 0.2589694
4787.8771039718 0.4942172
4788.1491340484 0.5677460
4788.4353038227 0.0300443
4788.6481743505 0.0145698
4788.8118508504 0.0325442
4789.1663194470 0.2527680
4789.8196876136 0.0154298
4790.0990155662 0.4644818
4790.4315449596 0.0376320
4790.6785894064 0.4861633
4790.9917362634 0.5646976
4791.6745960908 0.0986902
4791.9138928852 0.0609654
4792.0856591511 0.0741894
4792.3087644743 0.0876172
4792.5909161478 0.2389968
4792.8626660046 0.0101303
4793.1374007028 0.0194895
4793.3832869150 0.0433358
4793.6436072531 0.0818919
4793.8442458327 0.4259336
4794.2000104391 0.2170911
4794.4377544741 0.0235966
4794.6086399480 0.0254014
4794.7640336959 0.0142172
4795.0328201393 0.0232428
4795.3088710085 0.0498504
4795.5452749391 0.0217485
4795.6991473643 0.0938241
4795.9893307000 0.0315364
4796.1576129949 0.0115042
4796.4915674332 0.0253471
4796.8740389518 0.0189913
4797.1803050017 0.0198301
4797.5349715312 0.1812574
4797.7074872591 0.0367360
4797.9536638222 0.0250581
4798.2462381940 0.0803309
4798.9471228666 0.0362922
4799.3276268671 0.0975337
4799.6076132736 0.2731700
4799.8772866166 0.2413111
4800.0749314870 0.2898597
4800.3817172181 0.0216292
4800.5947451265 0.0311890
4800.7502406547 0.2096102
4801.1397307995 0.3636849
4801.4730725812 0.0960708
4801.9941487279 0.3282407
4802.3712167916 0.3810034
4802.6470923613 0.0140785
4802.9579154254 0.0244937
4803.2698304992 0.0475599
4803.8595717614 0.0543874
4804.2261311618 0.4369453
4804.6282197211 0.0139700
4805.4466978125 0.0260568
4805.8593096831 0.1061782
4806.4370675539 0.3728929
4806.7611480465 0.2810537
4807.2258104076 0.0246641
4807.6053046213 0.0701622
4807.9405874150 0.0210898
4808.0999218248 0.0337945
4808.3365042334 0.3051658
4808.5841027525 0.0371086
4808.8801141163 0.1246509
4809.0548001364 0.3275653
4809.4925016037 0.2120006
4809.8830664553 0.1979845
4810.0266104500 0.2086931
4810.2131740997 0.0971167
4810.4850362830 0.0845732
4810.8168063087 0.0171996
4811.2855772456 0.1144729
4811.5856584111 0.0150468
4811.8789338027 0.3262588
4812.0719064427 0.0509836
4812.3960459673 0.1297130
4812.6873627504 0.0615558
4813.3323482282 0.0937011
4813.5829427360 0.0909149
4813.6995323163 0.0974616
4814.4580094257 0.1403016
4814.8251081826 0.2497295
4815.0816149691 0.0172686
4815.3317094358 0.0340934
4815.6186561332 0.0914447
4815.9464726467 0.0749329
4816.1966190379 0.0280740
4816.4020450225 0.0249977
4816.5715954356 0.0807063
4816.9791809295 0.0775532
4817.2816203862 0.0723365
4817.4801527639 0.0237665
4817.8146089899 0.0173109
4818.0357183339 0.0216696
4818.3405137964 0.0111329
4818.6478217753 0.0257698
4819.1443651584 0.3129587
4819.3844336703 0.0508833
4819.9894974281 0.0171162
4820.3771665761 0.0478056
4820.5248149642 0.0253489
4820.9940512502 0.0299839
4821.7599695817 0.4649508
4822.0427289952 0.0102314
4822.1822057375 0.0115861
4822.4686445170 0.1084722
4822.8414386242 0.0450490
4823.1980166321 0.0182617
4823.6710514595 0.0301930
4823.8982488123 0.0506955
4824.3120397119 0.0344939
4824.8583698461 0.7386807
4825.2104307686 0.0271796
4825.4955524819 0.3272074
4826.1391590826 0.0192369
4826.3087120520 0.0384339
4826.6997304665 0.0852347
4826.8299183979 0.0780416
4827.1099094223 0.0243801
4827.3605232070 0.0189726
4827.7191252971 0.0323934
4828.1811325877 0.0389302
4828.6183058838 0.0341574
4828.8040779255 0.3502357
4829.2246255237 0.0103876
4829.3938569297 0.0127636
4829.6612411135 0.0271653
4830.0653048318 0.0273683
4830.3750868892 0.4626246
4830.7128194588 0.4575994
4831.0288029414 0.0267467
4831.6493835581 0.0252700
4831.8887450328 0.0268776
4832.1330253721 0.0104494
4832.2882016025 0.0164609
4832.5297294422 0.4106513
4832.7325042753 0.0991494
4833.0004425290 0.3947611
4833.2610686139 0.0162584
4833.4005591653 0.0510113
4833.6134021489 0.0381017
4833.7790434153 0.3675838
4834.0679661149 0.4040212
4834.5181573520 0.0374396
4834.6976753889 0.0150542
4834.9163076188 0.0162289
4835.1888840046 0.0459983
4835.4909700765 0.0193456
4835.6914866027 0.0351526
4835.8612703889 0.2425680
4836.1563245666 0.0276958
4836.3965602368 0.0178563
4836.6086036206 0.0590536
4836.8575369378 0.0147614
4837.0565053444 0.0237917
4837.2189505151 0.3039358
4837.4766628410 0.0846526
4837.8293180064 0.0237943
4838.0109123259 0.0276449
4838.2110733796 0.1043081
4838.7525596152 0.0230618
4838.9901768530 0.0260910
4839.1945967969 0.0194706
4839.4417806123 0.0644747
4839.8638705348 0.3601537
4839.9998098074 0.2386197
4840.4548612026 0.0396982
4840.6030790719 0.0214406
4840.7397077677 0.0313446
4840.9006096611 0.4472329
4841.2245059933 0.0340029
4841.3826645194 0.0233267
4841.6452820699 0.4423631
4842.2309061279 0.6695322
4842.6147951728 0.0101572
4842.8570983166 0.0329178
4843.1409995933 0.1402061
4843.3164954988 0.0321146
4843.5573053571 0.0363692
4843.7386000507 0.0162099
4844.1394307009 0.2414627
4844.5024077819 0.4626028
4844.8469893743 0.0761434
4845.1884678540 0.0285661
4845.3702567198 0.3287744
4845.6678265542 0.0575800
4845.8491203389 0.0703124
4846.0646097835 0.0192287
4846.2192986320 0.0145769
4846.5085338067 0.0254913
4846.7188420075 0.0185720
4847.0063577866 0.2889738
4847.5111307205 0.0175752
4847.6889336205 0.0853973
4848.0612927142 0.0277721
4848.6592660905 0.1753413
4849.0772806252 0.0179727
4849.5996736863 0.1835505
4849.8197395275 0.1604332
4850.2405545367 0.3242401
4850.5209612035 0.1388170
4850.8749033758 0.0148654
4851.0234726136 0.0556096
4851.2819870743 0.0157977
4851.5000612884 0.0146314
4852.4687578770 0.0118216
4852.8489883447 0.5223472
4853.2214975147 0.0462276
4853.3729834773 0.0672890
4853.9120620819 0.2359430
4854.3841277817 0.0325881
4854.6252553432 0.0304500
4854.8748949629 0.0147733
4855.1399505321 0.0751524
4855.5113921518 0.0256382
4855.7164974089 0.0204309
4855.9627209933 0.0185207
4856.2277349024 0.2273688
4856.5133113363 0.0457635
4856.7693515054 0.4964918
4857.0334906032 0.4473946
4857.3712369770 0.4136115
4858.2496717906 0.0226784
4858.4553281557 0.0247876
4858.7513411203 0.2468657
4859.6186175379 0.0979514
4860.4813290070 0.1624576
4860.6661992295 0.0348014
4861.1036194391 0.5996350
4864.2402287729 0.0123959
4864.4487134424 0.0241446
4864.5993082543 0.0175493
4865.0054242048 0.4535313
4865.2883101532 0.1329013
4865.6704805219 0.1827791
4866.0926568446 0.5290387
4866.9723481972 0.1819983
4867.6342020891 0.4337330
4867.9617050572 0.0286854
4868.2629879092 0.0238330
4868.8955336283 0.1072689
4869.2309553487 0.3772975
4869.6219613565 0.3688276
4870.2828503282 0.0148732
4870.5186388961 0.0285239
4870.8248065067 0.1606468
4871.1044343463 0.0101040
4871.2250719934 0.0101410
4871.4907402896 0.4143519
4871.7728212206 0.0146299
4872.1705227682 0.4839844
4872.6837081566 0.5810429
4873.3020381632 0.3255006
4873.5024123671 0.6272565
4874.0540804682 0.0255815
4874.2778328055 0.0586197
4874.6188829253 0.1110818
4874.8067353777 0.3576914
4875.1142427182 0.1109892
4875.3733667914 0.1139368
4875.5418623384 0.0224445
4875.7177730729 0.1894013
4876.0031421303 0.0352328
4876.1561864679 0.1175768
4876.3909665628 0.1624668
4876.5532559036 0.0281325
4876.8503508630 0.6188162
4877.2424642346 0.3860961
4877.5386084025 0.0354993
4877.7648976155 0.1194537
4878.1831038417 0.0111199
4878.5021907681 0.0203152
4878.9689528592 0.1572505
4879.5664847700 0.6367173
4880.0853702434 0.0356347
4880.5227462995 0.0215551
4880.8799150733 0.0183447
4881.4157428646 0.0564348
4881.6442820376 0.0278376
4881.8996990927 0.0775403
4882.2892419687 0.1097522
4882.5996889969 0.0393715
4882.9242085495 0.7025566
4883.0856252822 0.4246410
4883.5110020185 0.4945608
4884.0704569642 0.0401886
4884.4925433087 0.0234050
4884.8936608895 0.0203361
4885.0508723974 0.2657142
4885.4338142157 0.0422905
4885.9582370686 0.0351826
4886.2918384849 0.0780434
4886.4497871291 0.5231771
4886.7977235099 0.4489560
4887.1393446753 0.2872447
4887.3119617025 0.1192322
4887.6984105844 0.4162302
4888.0981163547 0.0451094
4888.3775115285 0.4554454
4888.5579143025 0.4111679
4888.7242232365 0.0884962
4889.0540948159 0.0393307
4889.2113238806 0.0256479
4889.5207641286 0.0141002
4890.0063460510 0.4380533
4890.3763112219 0.4894865
4892.1254741985 0.5802122
4892.8623493349 0.5368528
4894.2271711345 0.3224111
4894.4122587953 0.0518294
4894.7824634450 0.0335967
4895.0610482998 0.0208075
4895.9184955828 0.0479509
4896.2046816660 0.0238159
4896.4433483278 0.0196662
4896.6105466922 0.0110706
4897.4084332320 0.0121821
4897.8066297745 0.1870998
4898.4214006275 0.0158833
4898.8280945365 0.0207315
4899.2251990710 0.0143480
4899.4999845515 0.0237943
4899.6353748453 0.0112747
4899.8227339222 0.0336718
4900.4905788257 0.0132623
4900.8856988657 0.0440772
4901.1037301942 0.0209992
4901.2822621392 0.5254176
4901.4873119025 0.2388075
4901.9821964229 0.0550970
4902.1904086761 0.0682065
4902.3442697136 0.0878021
4902.6980076823 0.0183843
4903.3057209018 0.0294200
4903.5858904149 0.0445418
4903.7592413561 0.0493086
4904.0130889332 0.0160856
4904.6782102228 0.6981449
4905.1001041947 0.0295986
4905.7850449674 0.4672643
4906.1994062013 0.0408284
4906.5046466717 0.1520965
4907.2510810700 0.0108289
4907.4956121870 0.0212290
4907.7622429702 0.0305516
4908.0857291152 0.0441252
4908.4729499281 0.0199281
4909.1052355515 0.4174708
4909.3975194855 0.1694261
4909.6674898369 0.0230804
4909.8249781409 0.0239953
4909.9767559692 0.0521104
4910.1910817206 0.0151936
4910.4731912149 0.0900373
4910.7567608470 0.3738119
4911.1026013490 0.0303317
4911.3915447382 0.5009714
4911.6988858713 0.4090624
4911.9399171428 0.4188338
4912.5657432285 0.1450942
4912.7452705643 0.0227386
4912.8985627961 0.0940419
4913.1503564254 0.2521152
4913.3945382444 0.2075746
4913.8681688819 0.0285942
4914.3004920247 0.0393528
4914.5231340367 0.0691137
4914.9905362825 0.4664342
4915.3472240388 0.3092385
4915.6179647498 0.0154605
4915.7635685420 0.0245828
4916.2984876129 0.0240501
4916.6022953829 0.1143554
4916.8968552682 0.0252181
4917.1789417725 0.0301889
4917.6088104784 0.0248240
4917.8571858441 0.0579424
4918.0328563691 0.0247983
4918.3089715892 0.0200965
4918.6046625664 0.3893509
4919.2215013196 0.0167028
4919.3875109207 0.2821153
4919.7405990363 0.3835880
4920.0864968335 0.2026879
4920.3698189287 0.5779210
4921.2400336914 0.2059089
4921.8816280921 0.5398622
4922.3243830055 0.1733948
4923.1480977386 0.3477355
4923.6432693198 0.4666543
4924.1989041840 0.0348356
4924.5192414801 0.0774520
4924.9563543794 0.0235543
4925.3023958405 0.4766381
4925.6888906021 0.0692795
4925.9361707434 0.0471410
4926.1495264582 0.6316150
4926.4993431530 0.0236040
4926.6489465821 0.1047949
4926.7829882297 0.1160713
4926.9465667694 0.2907868
4927.3567599849 0.0227781
4927.5259711303 0.1608386
4928.0572152256 0.0164780
4928.2024512160 0.0168677
4928.8038241920 0.2909944
4929.2467986935 0.3883055
4929.7141429960 0.3285379
4930.0137268375 0.0121625
4930.2574760248 0.0135916
4931.0079922337 0.0119675
4931.4233232587 0.0431451
4931.6884957452 0.3768303
4932.1806116285 0.0760606
4932.4962396924 0.0305944
4932.8784110749 0.0160287
4933.0920888699 0.0161240
4933.4469424498 0.1030664
4933.6593269218 0.0404756
4933.8505887454 0.0168820
4934.1846795432 0.0222933
4934.4011641544 0.0166250
4934.7123559725 0.4743161
4935.0154276649 0.0348039
4935.2525354126 0.2681495
4935.4432544231 0.8504302
4935.9714234754 0.0620655
4936.3865658968 0.0678368
4936.7995151965 0.0154552
4937.2134514487 0.3031785
4937.5466194050 0.0288342
4937.7193877004 0.3345810
4938.0441443238 0.0139151
4938.4461845188 0.0433975
4938.7243327568 0.4030479
4939.1090819313 0.1612668
4939.5515715786 0.4503448
4939.8398985303 0.0327543
4940.1964584409 0.6249556
4940.6180761273 0.4748873
4941.0682553186 0.7027519
4941.4862210164 0.0546337
4941.6772593155 0.0164886
4941.8673896436 0.0367432
4942.0944772256 0.0300632
4942.3586427636 0.0271202
4942.5442124310 0.0645379
4942.6887422905 0.0308119
4942.9546028692 0.0738839
4943.2723127767 0.0823770
4943.6829888017 0.0549383
4943.8666801511 0.5811800
4944.4391309765 0.0163477
4944.6582175757 0.0134466
4945.2866040166 0.0410669
4945.4698646925 0.0154808
4945.6670564381 0.0412708
4945.9494635633 0.0279160
4946.4839473300 0.0278475
4946.6539055241 0.0473727
4946.8312113294 0.2278883
4947.0227325199 0.2589889
4947.4140487485 0.1028358
4947.7731760794 0.5356396
4948.4049942678 0.0147663
4948.8304381713 0.0120097
4948.9842270325 0.0556158
4949.3503358192 0.0513416
4949.5786519028 0.1005921
4949.8569488100 0.0116407
4949.9963404983 0.0139923
4950.5267793276 0.0151074
4950.9697584708 0.0151423
4951.4897415549 0.4751157
4951.8106034680 0.0411269
4951.9752264579 0.0586450
4952.5133259750 0.0219182
4953.1045372484 0.0107261
4953.2592975898 0.0129913
4953.6615870503 0.1367164
4953.8467628697 0.0240764
4954.0279899205 0.2587410
4954.4219236128 0.0149380
4954.5901886114 0.2994017
4955.1003861225 0.0395994
4955.4081673552 0.0233067
4955.7038473041 0.0228967
4955.9992772870 0.1365051
4956.1901958630 0.3321468
4956.4809093336 0.0110081
4956.7081340525 0.0499417
4956.9914596715 0.0137603
4957.3857009492 0.0208270
4958.1098747259 0.0593954
4958.6866385924 0.5139456
4958.9851806446 0.5449742
4959.6458862077 0.1088499
4960.1433514151 0.0188513
4960.5436220881 0.0612357
4961.0692090062 0.0259030
4961.3323436262 0.0140799
4961.6640002963 0.0167582
4961.9223768730 0.0117870
4962.2485136676 0.0374665
4962.4179654255 0.0885737
4962.6877454517 0.0441313
4962.9265217932 0.0218463
4963.3050495345 0.1503436
4963.6672684044 0.0303938
4963.9619963581 0.3308742
4964.1740542937 0.0326186
4964.4575303793 0.0576082
4964.6477284089 0.0328808
4964.9385880360 0.0192685
4965.1405800986 0.0247736
4965.2724087847 0.0206452
4965.4468470287 0.0648228
4965.8647998750 0.0625396
4966.1112159881 0.1458516
4966.3156451888 0.4663497
4966.5577126972 0.0908006
4967.2396797234 0.1463620
4967.4790629295 0.5966091
4967.9736871144 0.0375526
4968.1525069737 0.0341073
4968.7402182763 0.0606334
4968.9105186730 0.0399000
4969.2873582629 0.4375676
4969.7896586896 0.1196211
4969.9603306056 0.2245245
4970.0903551044 0.3200002
4970.5639509675 0.0302744
4970.8158617237 0.0488912
4971.3045040748 0.4398046
4971.8841254440 0.3332847
4972.0383496020 0.2089889
4972.3241747384 0.0140038
4972.4536316174 0.0143080
4972.7358294506 0.3255243
4973.0114671315 0.0231042
4973.1794581270 0.0688871
4974.0268097307 0.0133690
4974.4821125401 0.5196245
4974.7464164616 0.0348934
4975.0109064228 0.0130084
4975.6248897670 0.0382077
4976.2794158726 0.0633421
4976.7488346650 0.2588928
4977.2576234670 0.0268313
4977.5307379014 0.1458324
4977.7147541765 0.2418798
4978.0555582135 0.0358863
4978.4672425208 0.0127922
4979.0766241390 0.1848518
4979.5748720944 0.2997173
4979.9785347326 0.4425682
4980.5874878098 0.0768002
4980.9748207810 0.1135129
4981.5622886721 0.4664440
4981.9369606308 0.0317475
4982.3362540612 0.0151308
4982.5257244880 0.0263954
4983.1267121738 0.7817743
4983.4087368103 0.0319107
4983.8939859787 0.5714445
4984.2064279271 0.4003376
4984.6437639073 0.4868006
4985.2465789425 0.5187200
4985.5081593692 0.4443731
4985.8324131772 0.0196548
4986.0087514571 0.0843677
4986.2098145660 0.0171405
4986.6470792600 0.5081416
4986.9424419933 0.5815031
4987.3936438511 0.1894588
4987.6172072289 0.2555781
4987.8808554069 0.0895953
4988.1422492861 0.0446152
4988.3002670197 0.0771458
4988.4820848467 0.0453833
4988.6908667580 0.0188693
4988.8339566156 0.0136825
4988.9844328458 0.0310324
4989.2393668396 0.0682236
4989.6317071715 0.0528855
4989.7843368742 0.0366026
4990.0085484358 0.0636278
4990.3456912329 0.5056631
4990.5251313093 0.3816519
4990.9371559128 0.0614454
4991.3534965236 0.0631734
4991.6745496270 0.0249271
4991.8438399074 0.1702492
4992.4648507405 0.7814629
4992.6626101456 0.4510347
4993.2649800972 0.0855529
4993.7643620755 0.0281936
4994.1732269335 0.0478733
4994.7260744794 0.1397585
4995.1002475407 0.2519328
4995.5270118264 0.7284514
4996.2211271913 0.0628838
4996.4586056225 0.0538924
4996.6651763613 0.1033859
4997.0554013600 0.0710328
4997.5643434043 0.0343889
4997.7613637861 0.0433424
4997.8977555478 0.0292078
4998.0656170918 0.0247506
4998.2377712664 0.2219798
4998.4934065938 0.4880671
4999.1025265297 0.0297507
4999.3617372778 0.0490008
4999.6224159062 0.2925678
4999.8972654803 0.0220883
5000.2292529176 0.0307623
5000.5102979685 0.1610778
5000.9010884120 0.7520440
5001.3780108837 0.0756616
5001.7382042177 0.3657306
5002.1239177936 0.0388051
5002.3869704650 0.3523876
5002.6079173777 0.0577280
5002.9231071340 0.0478454
5003.2629506120 0.5850697
5003.7165612123 0.0193174
5003.9747475218 0.0638031
5004.1912819630 0.4461791
5004.7581576636 0.0442452
5005.1383088648 0.2615429
5005.4428020310 0.2733858
5005.7658385453 0.0918366
5006.2908204955 0.0974347
5006.5693554946 0.0969102
5007.1121090488 0.5373036
5007.5202190127 0.5620987
5008.0902113772 0.0327120
5008.2889174733 0.0204255
5008.6247589232 0.7871317
5009.1303591973 0.1894230
5009.4192118406 0.0257385
5009.5976186829 0.1171778
5009.8507770607 0.0737285
5010.0428486047 0.0642502
5010.2162417048 0.0716860
5010.4711407657 0.0105510
5010.6258415585 0.0491628
5010.8531683122 0.0481607
5011.0458072575 0.4508162
5011.2171861328 0.0349578
5011.4250140750 0.1385527
5011.5905317028 0.0181594
5011.7127143741 0.0532705
5011.8933587222 0.0404655
5012.1607134947 0.0461857
5012.3382305319 0.2580875
5012.6235583713 0.0138094
5012.8668148299 0.0143282
5013.1413164525 0.0623517
5013.4716792113 0.7809914
5013.8431677403 0.3049839
5014.0965384679 0.1664188
5014.4184503116 0.0584659
5014.6951596723 0.4868023
5015.0900134924 0.1954611
5015.3227327424 0.0459856
5015.6663267298 0.7477533
5016.3419421901 0.5598084
5016.7460304865 0.1812019
5016.9145967773 0.0348473
5017.2235177011 0.0265095
5017.5649438944 0.6410526
5017.8761327215 0.1776111
5018.2800655185 0.2673258
5018.5996121176 0.0708080
5018.7679636123 0.0485395
5018.9782766196 0.4350464
5019.6850669124 0.2508522
5019.8428688236 0.5519156
5020.2583277564 0.0309587
5020.5810905723 0.0638035
5021.1303793364 0.0738895
5021.4292605956 0.6897933
5021.9155874764 0.0803582
5022.0725060139 0.0376638
5022.2201518969 0.1123507
5022.3959993658 0.0327577
5022.5758892691 0.0535528
5023.0036384920 0.2414469
5023.3239429671 0.2604423
5023.6399987632 0.4979380
5023.8438417439 0.1700820
5024.0427705585 0.0406056
5024.2714788186 0.6434147
5024.5882966082 0.1889114
5024.7458609186 0.0875397
5024.8984014237 0.1576719
5025.2583684430 0.0540262
5025.6051972205 0.0390167
5026.2496708132 0.6359684
5026.4843984248 0.1006065
5026.7048047798 0.0781790
5026.9693779747 0.4762227
5027.1524915174 0.0522922
5027.3105398577 0.0640042
5027.5866220223 0.0157315
5027.7354878320 0.0547037
5027.8998993439 0.0149914
5028.1108192083 0.0126192
5028.5291187664 0.4621471
5029.1623204886 0.2841096
5029.3313564104 0.0874190
5029.5311474075 0.4847039
5029.7567366622 0.0882424
5029.9272397043 0.0465997
5030.1567572035 0.0193210
5030.3818981494 0.1189579
5030.8625566264 0.1380844
5031.0235359575 0.3371077
5031.1972610168 0.0612995
5031.4659063978 0.0792574
5031.8217627113 0.0553463
5032.0229161020 0.0392287
5032.1864673374 0.1389033
5032.4234763395 0.3995205
5032.8772874327 0.0670541
5033.1608822789 0.0157310
5033.3325812607 0.1333667
5033.6873420250 0.0530792
5034.1346811896 0.0955433
5034.6293598089 0.0588820
5034.8027835999 0.0587603
5034.9895801159 0.0883509
5035.1860294580 0.0247416
5035.4248027712 0.0242356
5035.6294339985 0.0750924
5035.8909369443 0.0983401
5036.0666586569 0.0166374
5036.2918026076 0.0911644
5036.7689029771 0.5080613
5037.3273059005 0.6803871
5037.6764143464 0.2246931
5037.8699951175 0.6113676
5038.3221368643 0.2379713
5038.5133306512 0.0172012
5038.8441257499 0.0522662
5039.1138079025 0.0295573
5039.8079133454 0.5674874
5039.9966547012 0.2730778
5040.2812580215 0.0165958
5040.6632897930 0.3913009
5041.3667798940 0.7343505
5041.6680680811 0.0271736
5042.0251072198 0.2793084
5042.2984585805 0.4364432
5042.4822003485 0.7113929
5043.0214673039 0.4811983
5043.1698535629 0.6358073
5043.5949040544 0.3006282
5043.9747137989 0.0164484
5044.2770618101 0.1110419
5044.5482398348 0.0250225
5044.7158165864 0.2112418
5044.9907820684 0.2916943
5045.2469435813 0.0511649
5045.6252537490 0.4740687
5045.8127157979 0.0702370
5045.9967090846 0.0194871
5046.2120190975 0.0729735
5046.3989578775 0.0170714
5046.5546883006 0.0477330
5046.8272346608 0.1995531
5047.3275352533 0.0487619
5047.6699331554 0.0503578
5048.1135036564 0.0338753
5048.3837810147 0.0967276
5048.5417002006 0.0270163
5048.8188487460 0.0952382
5048.9982139039 0.0222355
5049.4669127476 0.0723074
5049.6239896300 0.1043664
5049.8452919883 0.4034353
5050.2565111107 0.2750517
5050.6323718827 0.1679848
5050.8126319595 0.0499364
5051.2350330862 0.6343197
5051.5466283524 0.1868086
5051.8553092841 0.0597125
5052.1673754762 0.0963978
5052.3514699833 0.0309155
5053.0487182588 0.6916339
5053.3081306622 0.2763868
5053.7388889039 0.0159109
5054.0270078304 0.0379883
5054.2872133354 0.2110782
5054.5596474620 0.1084440
5054.7317398192 0.0735785
5054.9997615429 0.1130182
5055.1853672534 0.0328690
5055.3596940050 0.0716301
5055.6787696840 0.0893863
5055.8990268683 0.0744014
5056.0526456742 0.2328428
5056.4563921872 0.0547779
5056.6355775113 0.0107293
5056.8342078858 0.0926720
5056.9997504926 0.0584869
5057.1945588911 0.1074274
5057.3809487412 0.1533234
5057.8263709972 0.1712596
5058.0140482000 0.0300441
5058.2753224321 0.2255785
5058.4834227957 0.0158159
5058.6999300847 0.0316074
5058.8951398109 0.1069348
5059.3841376556 0.1032565
5059.6616999999 0.0638169
5059.9086561461 0.1140198
5060.3143380182 0.1159074
5060.6425015383 0.1429565
5060.8013974495 0.0518347
5061.0911793342 0.0739432
5061.4847611502 0.5356437
5061.8431092878 0.0772181
5062.1360034309 0.0126894
5062.6314514054 0.0124082
5062.7934245058 0.0820525
5062.9429424943 0.1321180
5063.1306884882 0.1870546
5063.2995284648 0.1488474
5063.5171789509 0.2027567
5063.8693006549 0.0230386
5064.4742400574 0.1370937
5064.9340015056 0.2076230
5065.2579211516 0.0713795
5065.4758282071 0.0721055
5065.7282217134 0.0506352
5066.0681151779 0.7405029
5066.4260577524 0.5903622
5066.6136245705 0.3927947
5067.1052294095 0.1296889
5067.3882487211 0.2756597
5067.7068748417 0.0139795
5068.0975137927 0.1229279
5068.5673647988 0.3723249
5068.9386444926 0.1300585
5069.1303772900 0.2368053
5069.2895385557 0.0843872
5069.7101630926 0.1375186
5070.1836576098 0.5989436
5070.4777271426 0.1004034
5070.8045357120 0.1311287
5071.0360829985 0.1668713
5071.5188306983 0.1539742
5071.8475399342 0.0719519
5072.0212723962 0.0136809
5072.3283227126 0.0731048
5072.5391751165 0.1367998
5072.8929715850 0.3004892
5073.2588044749 0.0969320
5073.4925364540 0.4187903
5073.7237037512 0.1193724
5073.8871194905 0.0751312
5074.0943685470 0.3675927
5074.3399767551 0.3827275
5074.5259674883 0.0464620
5074.8363098425 0.1350157
5075.1743527738 0.1832389
5075.5106346370 0.0210822
5075.7541631330 0.0174921
5076.1685969113 0.5424617
5076.7303027273 0.0837518
5076.9604230582 0.0364641
5077.1408750098 0.0636707
5077.3136738161 0.0814365
5077.5192238929 0.1901999
5077.6890990918 0.3530625
5078.0028009323 0.2384087
5078.3216529227 0.1814075
5078.6612454295 0.1001624
5079.2462800240 0.0274981
5079.4616677083 0.0331082
5079.7404236161 0.0145335
5079.9347713449 0.0281198
5080.3956232336 0.4679128
5080.6417962164 0.6339397
5080.9593656481 0.1302105
5081.1589717261 0.7014750
5081.3772252838 0.3096756
5081.7769963890 0.1541142
5081.9491868158 0.5105093
5082.5265677202 0.4897161
5082.7600181106 0.0556152
5082.9921899812 0.1333618
5083.2478391161 0.1459922
5083.4622143736 0.0693522
5083.6042812092 0.1002505
5083.7619617577 0.2708276
5084.1936107944 0.0262767
5084.3621372178 0.1017795
5084.7594659769 0.7399949
5085.1315926133 0.0898299
5085.2994913102 0.0322980
5085.5183364178 0.4374243
5085.8083102142 0.0220501
5086.0781347716 0.0796464
5086.2637101506 0.1400682
5086.4380959836 0.1128500
5086.6037702795 0.1312268
5086.7670836676 0.0968129
5086.9260399769 0.1337705
5087.2962851051 0.0660965
5087.6620574940 0.0443358
5088.0646617500 0.1263650
5088.4700607799 0.3452678
5088.8414209463 0.1994231
5089.0155018595 0.0235372
5089.1920659032 0.0630998
5089.5640410440 0.2328880
5089.9978484819 0.1862471
5090.1601232453 0.1700074
5090.3743545787 0.1161585
5090.6301195098 0.1769330
5090.9276781079 0.0428490
5091.2457010596 0.0814506
5091.4766005873 0.0650388
5091.6653319687 0.0802390
5091.8080979437 0.1597895
5091.9926913446 0.0799503
5092.1909008174 0.4737200
5092.7270937228 0.1163194
5093.1088421870 0.1284011
5093.3039388924 0.1399210
5093.5494945900 0.1395776
5093.7292829437 0.0733745
5093.9669551346 0.1243262
5094.2078863225 0.0344294
5094.9862194911 0.0939801
5095.4594725184 0.1322771
5095.8361460656 0.1355562
5096.0239576247 0.0709010
5096.3262709221 0.1834835
5096.5977402451 0.0806452
5096.7835724780 0.2065012
5097.2459858043 0.1829882
5097.6028359402 0.1091687
5098.4244961618 0.4860799
5098.7411963784 0.0275187
5098.9109115651 0.2471720
5099.2109259835 0.0159166
5099.5561728947 0.0967775
5099.7283272407 0.0174234
5100.1271154454 0.5983993
5100.4887195088 0.2999083
5100.7564637240 0.3115498
5101.0215572443 0.0834775
5101.3539236608 0.3971841
5101.6733906261 0.1504720
5101.8677243433 0.0614171
5102.0441516671 0.1335720
5102.3592783584 0.1675998
5102.5122500826 0.1502158
5102.6754515283 0.0412115
5102.8479206295 0.2528301
5103.1080263445 0.0616268
5103.4022642297 0.0578200
5103.6811054792 0.1198410
5103.9004673357 0.0558890
5104.0802964455 0.1190790
5104.3903107386 0.2830556
5104.6706187591 0.0361118
5104.8183972028 0.0321108
5105.1796968300 0.0555700
5105.4648459191 0.2392415
5105.6147521691 0.1132219
5105.8978494627 0.1912179
5106.3015514916 0.1514486
5106.7572481434 0.1105456
5106.9634870206 0.6022087
5107.1514979286 0.1039313
5107.3608571962 0.0175875
5107.6648260038 0.1802828
5108.0141646719 0.1737867
5108.2946679972 0.1780412
5108.5442225791 0.0421530
5108.8773027025 0.6093960
5109.0670445821 0.6988930
5109.4889506977 0.0338182
5109.6515361327 0.0897665
5109.8097906156 0.0683939
5110.0662679803 0.1947797
5110.2440383655 0.0215367
5110.4254794574 0.1218988
5110.8644845837 0.0906230
5111.0722654836 0.4326364
5111.8363991115 0.7852563
5112.1755240562 0.1664206
5112.4042380362 0.0984414
5112.6891711535 0.1737493
5112.8330330786 0.1180948
5113.0413171634 0.1912772
5113.2711592040 0.0631526
5113.5272173297 0.0426199
5113.6772189586 0.0520211
5114.0741769420 0.1621454
5114.3961036232 0.1463930
5114.5670084739 0.2375055
5114.8656200423 0.3502870
5115.4490566818 0.1697612
5115.9699835607 0.1145888
5116.1445436847 0.0346233
5116.4802618971 0.0274098
5116.8213708542 0.4030998
5117.2076761768 0.1265488
5117.3927986117 0.1224636
5117.5650576742 0.1966819
5117.8951216135 0.2748102
5118.2138955393 0.1249196
5118.5091664219 0.0322823
5118.8866789768 0.0228590
5119.0778502520 0.0126682
5119.3592827533 0.1353225
5119.7750113174 0.1638319
5120.2353670061 0.2566012
5120.5349840768 0.0158932
5120.7694296871 0.0939127
5121.1701235125 0.0488726
5121.3335673412 0.0359548
5121.5288460006 0.1850705
5121.8604788411 0.3148500
5122.3000245754 0.2606063
5122.6654101276 0.2222975
5123.0639838309 0.3768652
5123.3797529617 0.0405273
5123.5412474928 0.1709789
5123.8602700897 0.0277608
5124.2175445153 0.1395336
5124.6363135240 0.1117097
5124.8797201014 0.1790625
5125.1562248361 0.6859695
5125.3962315792 0.2068357
5125.8126188256 0.1651057
5126.0191812499 0.1539857
5126.2741185765 0.0388979
5126.5470935029 0.5102803
5126.9191180060 0.2190798
5127.2604812707 0.2086126
5127.4414373221 0.0698105
5127.6213234089 0.3632078
5128.0787590907 0.0458558
5128.3692839085 0.1573784
5128.7918624258 0.6971390
5129.1068428218 0.2463963
5129.2785246563 0.0574390
5129.5182473466 0.0801524
5129.9154637964 0.1291150
5130.3275559450 0.0700124
5130.5849317636 0.3094714
5130.7835872966 0.3362252
5131.0580950343 0.2033118
5131.3562864747 0.1802069
5131.5601583062 0.1388140
5131.7133822201 0.1564111
5131.9755145153 0.1333008
5132.4053924893 0.0895022
5132.7113967899 0.0434734
5132.9019364843 0.5464776
5133.2018185961 0.2110706
5133.5718962380 0.0795434
5133.7615474664 0.0283969
5133.9320275233 0.0451797
5134.0974922857 0.0424594
5134.2604395182 0.0658461
5134.5982971769 0.1834247
5135.1267156772 0.5495486
5135.6411662412 0.2135997
5136.0073916104 0.3068882
5136.3375219744 0.0251491
5136.5138266726 0.1748263
5137.0936736519 0.0563265
5137.4885165784 0.2147758
5137.6963528084 0.1179274
5137.8771452715 0.2039470
5138.5048053974 0.6171772
5138.8177584523 0.5211822
5139.4024679694 0.0303464
5139.6052783130 0.0120881
5139.7888975994 0.2195369
5140.1490817750 0.3092566
5140.6901460289 0.4235924
5140.8995476073 0.5568212
5141.6403769566 0.1940980
5142.0869312902 0.0135231
5142.2525913883 0.0809898
5142.5013862016 0.0486695
5142.6707622888 0.1716329
5143.1702413890 0.5738017
5143.7622848150 0.2414234
5143.9576307644 0.4830751
5144.1998684538 0.3216381
5144.3676461564 0.6895374
5144.7520720984 0.0230948
5145.0164777681 0.1685726
5145.1552821100 0.2006667
5145.4638457224 0.1830898
5145.8131336837 0.0139966
5146.0994815941 0.2127655
5146.5364101313 0.3300664
5146.8966132187 0.3908168
5147.1903157974 0.1888212
5147.5956057053 0.2412532
5147.9289279293 0.4962527
5148.2697942216 0.0666570
5148.7340939063 0.0480428
5148.9134838817 0.5153913
5149.1897542923 0.1382022
5149.4811196508 0.3930911
5149.6708516391 0.4492163
5150.1127633669 0.0717953
5150.2671376048 0.1167077
5150.5513078391 0.0557115
5150.9509224502 0.2498831
5151.2430399002 0.2840609
5151.5957618910 0.2340715
5152.2820875052 0.6561725
5152.6148375112 0.1496324
5152.8828291211 0.0464710
5153.3486259002 0.6532655
5153.6231069979 0.5128031
5153.8023011235 0.0472139
5154.0498061814 0.1357926
5154.3771081390 0.0698078
5154.7077386628 0.3146261
5155.1052248919 0.2951286
5155.2944108378 0.1571743
5155.5170201501 0.3525128
5155.6976874388 0.0924955
5155.9060281835 0.1052742
5156.1735716665 0.1247235
5156.3431145845 0.1541506
5156.5699115521 0.2709832
5156.7848479929 0.0213553
5156.9586081837 0.0313245
5157.1984429021 0.4164246
5157.4675199642 0.0208195
5157.7739286935 0.1254209
5158.0535060011 0.2922468
5158.4328041825 0.2596200
5159.0250552685 0.1003456
5159.4219460538 0.0675701
5159.7253987279 0.0590819
5160.0433744780 0.1141820
5160.4997507386 0.3911221
5160.6853858421 0.1577292
5160.8835678054 0.0266702
5161.2044881504 0.2637259
5161.5927428892 0.2876299
5161.8779581805 0.0365486
5162.4457023585 0.0725750
5162.9086873012 0.0468959
5163.2034843041 0.0719070
5163.7148857360 0.5261025
5163.9970474860 0.0616826
5164.1769728514 0.2149385
5164.3619848708 0.1105359
5164.5722837817 0.2161948
5164.8658431764 0.0302158
5165.0565592446 0.1504824
5165.3044180743 0.0187354
5165.6719021783 0.0223321
5165.9883190286 0.1777821
5166.1505571165 0.0365078
5166.3434644888 0.0624854
5166.6505062339 0.0404797
5166.8491587458 0.3996305
5167.3842060674 0.1888918
5167.7219552479 0.6808900
5168.7656654007 0.5980014
5168.9336592221 0.5074773
5169.5902430610 0.1994441
5170.0736361557 0.3442523
5170.3400668727 0.6519936
5170.7384807557 0.0378027
5170.9236820889 0.0729932
5171.5439229563 0.0729987
5172.0271944711 0.2040251
5172.2075682897 0.0859830
5172.4638458054 0.1779827
5173.0428942891 0.5608243
5174.1312148432 0.6439414
5174.7352252550 0.1199404
5175.1874086976 0.5878901
5175.4169120173 0.0912634
5175.6595060623 0.0623256
5175.8897533704 0.1298111
5176.0668032760 0.0657619
5176.3619407099 0.1975704
5176.6719828722 0.0880063
5176.8376512381 0.2316045
5177.1200606840 0.0752275
5177.5635856343 0.1474190
5178.0052350958 0.2527443
5178.2390818336 0.2696196
5178.7407110947 0.2943441
5179.0605302119 0.0914552
5179.2581875855 0.0851656
5179.4627775748 0.0695327
5179.6305601048 0.0739894
5179.9175683573 0.2439226
5180.2251466366 0.1348188
5180.4870941774 0.2051360
5180.8126771907 0.0889923
5180.9784957884 0.0837355
5181.2250985643 0.1034865
5181.4620252041 0.3069870
5181.8165497938 0.1580613
5182.0286844833 0.2250628
5182.3269866346 0.1366737
5182.7243623540 0.1006549
5182.9757992482 0.1501391
5183.1782584223 0.1452893
5183.4045476512 0.1633929
5183.8159414841 0.0524995
5185.0540324964 0.6717609
5186.0000099861 0.1249371
5186.2761563814 0.0786718
5186.4589689363 0.1017364
5187.1796707781 0.0957582
5187.3493532874 0.2268722
5187.7938097479 0.1322778
5187.9958604259 0.0573193
5188.5349666387 0.0287583
5188.9772018591 0.0934999
5189.3583652689 0.2217326
5189.8213780326 0.0240120
5190.1394489838 0.4639091
5190.2938834345 0.5180904
5191.0274660034 0.0346309
5191.2425000902 0.0117931
5191.6283903108 0.0546376
5191.9912959018 0.1133489
5192.5024575494 0.1311312
5192.9056610015 0.5681110
5193.4495513552 0.1450051
5193.7946604391 0.5540381
5194.4200234885 0.7134563
5194.7943134435 0.1181690
5195.3088523143 0.1238504
5195.4873373012 0.1236106
5195.9472425351 0.0209138
5196.3938767556 0.6880952
5196.9236110149 0.5038961
5197.5095211637 0.3439025
5197.8973608999 0.2651351
5198.6162098903 0.1085209
5198.8269386750 0.1024579
5199.0195560869 0.2783596
5203.0822989039 0.1096615
5203.2665069085 0.0227506
5203.7749844167 0.6949748
5204.2070103063 0.1211785
5204.4258738804 0.1342776
5204.9417390876 0.1357180
5205.1255038551 0.0128898
5205.9895429744 0.7417525
5206.5999628145 0.1247446
5207.2023530972 0.2735396
5207.4918874935 0.6287492
5208.0427728211 0.1661308
5208.2434095934 0.0290033
5208.5366319226 0.1482424
5208.7247084702 0.1246181
5209.0362243217 0.1421750
5209.3371724290 0.2100470
5209.8801474827 0.6350190
5210.3482673718 0.1403658
5210.5279057830 0.0987647
5210.8482768343 0.0178358
5211.0295610540 0.1631095
5211.2066786842 0.2267274
5211.8475319678 0.7042083
5212.1927433058 0.2307741
5212.4060157154 0.2491680
5212.6653574146 0.0833068
5212.9836404516 0.1010817
5213.2730456879 0.0152713
5213.7026413611 0.1020818
5214.1412716309 0.0611901
5214.4543740594 0.0364533
5214.7955126950 0.0409408
5215.2640697366 0.0425826
5215.5868599361 0.1411016
5216.0662320090 0.1110397
5216.3045224440 0.0230771
5216.6370048959 0.5388814
5216.9924256173 0.0298292
5217.7320382341 0.6603001
5218.8462653975 0.5100449
5219.3699133271 0.2185086
5219.6582586559 0.2603574
5219.9577100231 0.0109122
5220.5042154022 0.0181573
5221.1568008362 0.4487498
5221.5401910515 0.0604380
5221.7397801718 0.1145064
5222.3436076312 0.0816772
5222.4935636422 0.1047975
5223.0414360090 0.0134873
5223.2110124362 0.1957311
5223.6757435090 0.0177330
5223.8522283465 0.1356507
5224.1310905328 0.1959601
5224.4595587823 0.0138120
5224.6410173450 0.1796377
5225.0770559270 0.1923335
5225.3409170686 0.0181598
5225.5637596547 0.1023640
5225.7630043954 0.3985323
5226.0009947966 0.2561570
5226.3985366261 0.4165749
5226.9848099171 0.6275144
5227.2710524416 0.0930997
5227.5362127708 0.0204395
5227.6940900337 0.0101241
5228.0000681756 0.4398651
5228.3217843698 0.5651314
5228.6430553757 0.6240678
5229.1745356750 0.0466283
5229.5473668157 0.0870010
5229.8354735886 0.3419633
5230.0226871868 0.0332154
5231.3116280152 0.5613547
5231.6700898103 0.2144098
5232.1354995941 0.0235916
5232.4288106653 0.0281124
5232.8583148856 0.0357511
5234.4017614291 0.5086517
5235.2651551128 0.0476797
5235.5253783623 0.0265931
5235.9111159072 0.0170515
5236.0843234373 0.2655957
5236.4768961236 0.0178752
5236.6487284176 0.1624086
5236.8473656122 0.4133115
5237.1444805203 0.0145990
5237.4983683524 0.0161204
5237.6626533163 0.1782323
5237.8449932300 0.0510477
5238.5287381941 0.0156523
5238.7783355652 0.1104979
5239.2942291562 0.0151588
5239.7151060759 0.0177244
5240.0340442198 0.2302284
5240.4215521108 0.1476722
5240.9576057347 0.0163893
5241.2769543390 0.2252780
5241.5811916479 0.0302374
5241.9363856520 0.0465451
5242.3362957589 0.0537726
5242.9157064359 0.0351681
5243.2134209784 0.0128534
5243.3757085626 0.0331960
5243.5217961612 0.0347666
5243.9555921672 0.5322174
5244.6378049439 0.0349235
5244.8149799949 0.1403370
5245.2394160087 0.3268663
5245.6786199174 0.0132868
5247.1975280746 0.0237669
5247.5896492618 0.0239868
5247.8204430591 0.0351703
5248.0183198569 0.1198286
5248.2182901125 0.0162448
5248.5148428095 0.6101065
5248.7499559681 0.1373074
5249.0325595692 0.6661745
5249.3806637712 0.1160143
5249.8386663129 0.0472872
5250.2635322068 0.0124659
5250.5678221767 0.1428760
5250.8880223858 0.0357298
5251.0474553227 0.0318010
5251.4899448533 0.0352943
5251.6741721763 0.5600778
5252.1103067545 0.5947232
5252.3872798379 0.0748528
5252.9462476132 0.0484913
5253.2539729006 0.0287884
5253.4261455527 0.2624243
5253.5698731362 0.3311609
5253.8699381031 0.0141103
5254.0627128646 0.0188288
5254.4864706478 0.1506570
5254.9283481792 0.4564674
5255.4008655947 0.0135629
5256.1160536673 0.0170812
5256.4149323101 0.6734565
5256.5825724760 0.2509154
5256.7771591716 0.1948418
5256.9750882178 0.0401275
5257.2479978620 0.1682402
5258.3998602470 0.0260550
5259.1045974806 0.1304045
5259.4312429440 0.0156592
5259.6061178388 0.0113444
5260.3650244079 0.0196294
5260.9362110904 0.0291571
5261.4348939449 0.0814701
5261.8494197162 0.2774224
5262.2240687526 0.0263285
5262.4229590477 0.0107427
5263.1698524513 0.5836210
5263.7022871921 0.5785846
5264.0844404699 0.0405226
5264.3486986938 0.1127119
5264.7764720881 0.5270665
5265.3289286661 0.2013638
5265.6480125198 0.7415243
5266.0748707317 0.0116256
5266.2722999594 0.1040489
5266.6197607553 0.1824660
5267.0199393291 0.6209915
5267.1862222478 0.5537089
5267.4331697411 0.2831207
5268.0253789557 0.5327227
5268.5726142769 0.0164778
5268.7390049051 0.0987443
5269.8009936348 0.1046516
5270.0843306966 0.0421677
5271.0088422056 0.5344066
5271.8090678673 0.6254293
5272.5199334179 0.0793262
5272.7538057002 0.0680030
5273.0870628569 0.0331046
5273.2948986012 0.0127416
5273.4685550575 0.1485812
5273.7234628860 0.0456729
5274.3112323369 0.0209339
5274.6373572342 0.5255474
5274.8505843261 0.5324054
5275.6998370307 0.0240633
5276.0004580627 0.0479760
5276.4529500168 0.1339276
5276.7468741447 0.4034443
5277.2241088535 0.4056592
5277.5210331915 0.4118855
5278.3140669697 0.0112953
5278.7774897496 0.0386082
5279.7073271182 0.0164195
5280.0061853434 0.0108865
5280.2494352893 0.0337178
5280.5662421982 0.0159194
5280.7904052377 0.0123994
5281.1218255116 0.0321333
5281.3460534987 0.0402369
5281.5403887395 0.0299799
5281.8198038645 0.2515184
5282.1064531275 0.0816783
5282.6106192901 0.0343410
5282.7952075439 0.0363836
5283.2653136801 0.5769437
5283.8547913704 0.1808055
5284.1570059332 0.0188446
5285.0950889320 0.5121359
5285.5771099164 0.1211142
5285.8816623336 0.1792672
5286.0780612066 0.1329082
5286.4204960904 0.0115794
5286.6018580261 0.1375618
5287.1129653543 0.0282425
5287.5455889058 0.0197215
5287.9833618803 0.0119637
5288.6493022964 0.0665253
5289.2566749641 0.0141118
5289.7000227562 0.0127584
5290.0025164378 0.3376780
5290.2764951098 0.0462338
5290.7525321655 0.0527006
5291.7684495549 0.0109012
5292.2930561576 0.0303254
5292.7671254514 0.0195855
5293.0450579790 0.0118175
5294.0566084902 0.1302349
5294.3389228566 0.0186917
5294.5030463813 0.0407616
5294.6408111304 0.0611400
5294.8496113731 0.0455516
5295.4344333396 0.1332131
5296.0197416165 0.0844757
5296.1964370527 0.0147640
5296.6050696295 0.0134909
5296.7900244075 0.1346340
5297.2535507964 0.1944441
5297.5513903832 0.0220727
5298.1715163137 0.6953079
5298.7083213963 0.2269187
5298.8585297236 0.4680894
5299.4962677606 0.4526419
5299.7537218044 0.7124546
5299.9622997605 0.3718368
5300.2568735588 0.2218478
5301.4752333036 0.0918543
5301.8750149565 0.0317271
5302.2249549844 0.5111796
5302.5213042276 0.1371567
5302.9434565546 0.0114784
5303.3645498498 0.0344917
5303.7800580266 0.5626602
5305.0036979996 0.0158621
5305.3253098489 0.0153432
5305.6575718975 0.0908317
5306.0196765312 0.0157332
5306.5077545054 0.0206010
5307.3462091087 0.0419619
5307.6355533684 0.0114597
5308.8404937483 0.5711746
5309.2827613641 0.0128076
5309.9134618015 0.0471295
5310.1615215676 0.0296150
5310.3775027626 0.0180071
5311.2982148019 0.0225924
5311.6912052542 0.0116860
5311.9559299240 0.0276385
5312.1895584243 0.0117681
5312.3661544211 0.0170826
5312.6641491705 0.0142030
5312.9171342913 0.0143193
5313.0940843528 0.0174547
5314.1362146664 0.0391261
5314.3357628027 0.1218735
5314.5354905270 0.0239131
5314.7167601307 0.0525641
5315.0558708527 0.0701107
5315.7579321730 0.0109722
5316.2186944168 0.0148255
5316.3890312667 0.0281041
5316.5529531366 0.1528921
5317.2542890861 0.0211465
5317.6416644271 0.0140108
5318.0953350325 0.3435185
5318.7348023007 0.0120415
5319.0220046075 0.0349726
5319.8240196821 0.0283052
5320.0816745723 0.0100430
5320.2524810291 0.1045772
5320.5247711414 0.0203785
5320.8058575589 0.0244853
5321.2967041089 0.0603278
5321.5182104329 0.1267711
5322.1009065611 0.0114501
5322.2933224899 0.0149318
5322.5918746251 0.2079004
5323.3384141865 0.0245069
5323.5260948734 0.4115852
5324.2723767478 0.0138332
5324.8267874188 0.0131494
5325.0077413830 0.0277495
5325.6653719046 0.4646450
5326.7621581624 0.0311123
5327.0387896465 0.0854528
5327.4439533096 0.0262532
5327.6277763698 0.1998841
5328.3003589522 0.0521750
5329.5244459181 0.5553479
5329.8085052745 0.2817748
5330.0174325092 0.6083498
5330.6256457130 0.4362723
5331.2778814252 0.2445932
5331.4734375356 0.3297889
5332.0532985721 0.0206360
5332.3196104883 0.0184325
5332.5638328949 0.0151208
5332.9423019458 0.1066826
5333.6196137278 0.0124696
5333.8427342088 0.0178129
5334.1476987522 0.1973837
5334.3869846237 0.6099455
5335.2365992801 0.0483280
5335.4307464366 0.0157153
5335.6209941835 0.0255859
5336.3427767775 0.0702685
5336.8722024628 0.0109854
5337.5367678926 0.0269262
5337.7958351006 0.0122134
5337.9695327456 0.0273544
5338.2745962185 0.3411887
5338.9196155786 0.0179898
5339.2232921924 0.0450578
5339.7908346951 0.0530879
5340.4497309879 0.0134875
5340.8950294461 0.0495408
5341.4192791671 0.5387351
5341.9352130713 0.0894824
5342.5074088886 0.6932510
5343.6672812536 0.0138124
5344.0134557031 0.0213868
5344.1931700452 0.1538899
5344.4413479536 0.0278064
5344.9182777509 0.2836521
5345.3042501540 0.0163520
5345.9280365331 0.0194063
5346.2454949871 0.0569241
5346.6728522172 0.0145081
5347.2905016219 0.7377534
5348.0357422618 0.0416973
5348.2967231667 0.0172204
5348.9926237409 0.0229344
5349.2025624150 0.0190777
5349.3778683837 0.0128356
5349.8090444554 0.6624158
5350.2193556736 0.0157605
5350.5968787484 0.0220764
5350.9525897969 0.5954449
5351.2285820867 0.2106229
5351.8711960156 0.0118009
5352.2630021709 0.0117748
5352.5586295779 0.0832298
5353.5347622613 0.1104211
5354.4546831764 0.0178920
5354.8689766411 0.4523292
5355.3199601008 0.0100116
5355.9813798613 0.0198498
5356.1814279012 0.0105334
5356.3779910719 0.0259086
5356.8840445597 0.0138599
5357.5763519801 0.0361168
5358.6645142526 0.0254941
5358.9790421147 0.0125272
5359.2264871066 0.0137188
5359.6054313886 0.0529042
5360.3894947043 0.0111831
5360.6918106609 0.0339718
5361.0180370545 0.0160455
5361.2014737766 0.0111795
5361.6311641144 0.0155216
5362.1708049163 0.0148270
5363.1174490076 0.1461636
5363.7538627411 0.0160280
5365.0148857529 0.0264787
5365.4319040548 0.0180781
5365.6445618524 0.0123563
5365.9275669924 0.0144437
5366.3680962158 0.4817132
5366.8946749400 0.4351769
5367.9335000079 0.0296106
5368.1353884844 0.0764974
5368.9646838602 0.4894589
5369.7598925862 0.0139015
5370.0300172935 0.0240038
5370.4551182462 0.0155959
5371.0919879625 0.2783476
5371.4600570246 0.5217230
5371.8114940808 0.0461064
5372.9881300385 0.5807267
5375.2060295957 0.3443201
5375.6434986726 0.0153695
5376.0290023391 0.0153591
5376.2828924701 0.0106385
5376.8255015326 0.0137767
5377.4388456534 0.0121439
5377.5963002923 0.0359918
5377.9990210130 0.0324109
5378.3300406085 0.0768470
5378.5377348487 0.0274678
5378.8948986984 0.0135984
5379.1072944929 0.2101093
5381.0742994972 0.3449705
5381.4053795514 0.0134832
5381.8020831106 0.0342974
5382.2259908268 0.0181716
5382.5225446520 0.2482911
5383.2852721391 0.0237889
5383.5874256588 0.0114418
5383.7707082396 0.0732258
5384.2466341338 0.0209402
5384.8712423201 0.5454443
5385.6373349291 0.0306318
5385.9694312779 0.0156292
5386.1339851438 0.0402595
5386.3658868052 0.0166415
5386.6340268137 0.0280227
5387.0834133415 0.0305953
5387.8326937596 0.1686097
5388.1403889408 0.0112565
5388.2967813804 0.0224781
5388.4678916761 0.1598385
5388.7761826067 0.0104509
5389.0214885254 0.1211131
5389.8451339750 0.0669180
5390.0232250636 0.0210848
5390.2772943208 0.0142080
5390.6645656521 0.0862638
5390.9824144240 0.4524196
5391.3316311741 0.0430417
5391.4926359253 0.0919703
5392.0246654649 0.0904987
5392.2624403064 0.0145138
5392.5550288607 0.0197360
5392.9590779199 0.3729267
5393.1265895376 0.1861907
5393.5412914692 0.0268291
5393.8355502200 0.0351521
5394.6718913358 0.5474688
5395.3445341721 0.0232455
5396.1744205188 0.6556765
5396.7198941209 0.0784997
5397.0353385759 0.0176932
5397.7527224620 0.0355061
5398.1024861036 0.1106570
5398.6339108702 0.6017686
5399.1171045399 0.1178729
5399.7842146170 0.3860313
5400.3526089988 0.0138864
5400.9788787719 0.1199027
5402.0103121512 0.4329651
5402.6007300416 0.0191114
5402.7721984987 0.1008318
5403.2189862401 0.0276669
5403.4269341800 0.0376982
5403.5766096531 0.0476945
5404.2838092030 0.0197020
5404.7703778596 0.0223051
5404.9381867711 0.0164498
5405.3290327994 0.3567327
5405.6447312985 0.5578473
5406.0217998216 0.0246801
5406.4978802818 0.0568403
5406.8600804086 0.1952157
5407.2834010231 0.5886289
5408.2815494867 0.1582333
5408.9219872416 0.2719565
5409.6251117930 0.0121401
5409.8823166784 0.0167105
5410.4481831691 0.0527419
5410.6406647659 0.2736520
5410.9365990455 0.0122780
5411.2948551437 0.7211680
5411.9444031838 0.0145198
5412.4185641284 0.5067909
5412.7214539551 0.1162937
5413.4330785607 0.0321324
5413.8919384343 0.0245938
5414.2884850918 0.0855456
5414.5958060221 0.0215110
5415.1823651402 0.0726790
5415.5805258495 0.0416801
5416.7106026945 0.5091350
5417.6637156131 0.0227117
5418.1859085804 0.0205432
5418.5453404684 0.1522553
5419.6167008935 0.0134601
5420.2781638755 0.2102107
5420.7308704544 0.0187211
5421.4014194926 0.0139317
5421.8724734585 0.3625791
5422.4312584652 0.0446312
5422.6662127508 0.0635970
5423.1240279554 0.0132129
5423.3587800374 0.0400071
5423.6633922513 0.0412865
5424.0181629900 0.0112331
5424.4255347654 0.0118007
5425.5825539030 0.5257890
5426.1555102860 0.2405299
5426.7613571867 0.0752154
5427.4728299148 0.0140250
5427.7615649548 0.1898024
5430.0668078836 0.0165965
5430.6558706307 0.1213184
5431.2083741623 0.5557938
5431.8520691303 0.0417148
5432.3008755204 0.0161447
5432.8773316262 0.0130028
5433.0942145048 0.0163919
5433.3655239181 0.0147646
5433.5658993917 0.0131111
5433.8438992008 0.0212406
5434.0534004799 0.5067790
5434.4594557133 0.3337776
5434.9174728542 0.0153700
5435.1545626264 0.0176601
5436.0393959634 0.6627151
5436.6867639287 0.0389897
5437.0384883650 0.0167955
5437.1883018865 0.0230144
5437.3710387945 0.3241743
5437.8098672674 0.1044990
5438.1011548653 0.2930638
5438.4182550523 0.0205622
5438.7084899697 0.0879060
5439.3471799830 0.0179263
5439.8019376491 0.0442762
5440.3795207956 0.0160878
5440.8206829943 0.0153998
5440.9859304561 0.0127581
5441.2119109868 0.0121525
5441.3966265245 0.0107451
5442.1465099477 0.0167177
5442.8544381648 0.1319199
5443.4266404392 0.0172348
5443.9172495779 0.0494701
5444.2606474877 0.0142639
5444.9258521256 0.0143141
5445.1087396770 0.0115546
5445.2658219713 0.0134967
5446.1066050518 0.0559708
5446.5603534454 0.4872418
5447.0121730448 0.0165493
5447.4301790498 0.0124506
5448.1078911107 0.3821049
5448.4313113817 0.6159456
5449.4277966856 0.0155815
5449.8916374464 0.0678759
5450.4266699991 0.0205308
5450.6696852312 0.0469470
5450.8582855498 0.0129770
5451.0388138740 0.0136334
5452.0429051439 0.0157425
5452.3072234029 0.0326822
5452.6297045663 0.0183964
5453.1640660332 0.0117662
5453.6051618970 0.0520105
5454.3561651999 0.0442189
5454.7464863623 0.0259899
5455.1673207396 0.1013114
5455.5070134391 0.0289625
5456.0933741290 0.0543346
5457.1339970514 0.6034606
5457.8742330762 0.0230015
5458.0424164081 0.0249061
5458.9864014099 0.0411886
5459.2431657268 0.0137606
5460.6814192853 0.0130478
5460.9087576784 0.0150220
5461.8521456870 0.0326500
5462.0196835181 0.2086407
5462.3974699713 0.0478286
5462.6858201414 0.0236257
5463.0680181328 0.1065446
5463.3645630308 0.0109656
5464.0161983352 0.1609909
5464.4816756881 0.4370593
5464.7989279846 0.4359575
5465.4809862922 0.0516110
5465.8007144503 0.1719656
5467.2778534102 0.0270770
5467.9187945155 0.3947873
5468.5087521220 0.1915974
5468.8342243256 0.0114477
5469.2976087848 0.0180572
5469.6214722196 0.0495521
5469.9133578181 0.0507498
5470.1363606786 0.0203720
5470.3388754298 0.0198079
5470.7980882370 0.0399624
5471.0380788128 0.0145358
5471.6155915212 0.0998587
5472.1595683277 0.2893996
5472.5396162833 0.0175578
5472.7186605000 0.1400677
5473.3207191633 0.0146840
5474.2257669128 0.2243423
5474.6839637027 0.0869395
5475.0658505013 0.0302665
5475.4248008570 0.4302756
5475.7486496123 0.1769589
5475.9709027755 0.0483911
5476.4135807543 0.0201469
5476.8566396051 0.0181716
5477.2726896659 0.0206383
5477.8121044714 0.3159023
5478.0916156517 0.4659453
5478.4323751235 0.5949661
5479.0411638511 0.0103818
5479.2248648737 0.1552397
5479.6902699431 0.0150721
5479.9741561526 0.1548333
5480.3055104149 0.0256315
5480.5489366930 0.0169363
5480.7588147848 0.0228399
5481.0661741517 0.0117470
5481.8546019921 0.0122634
5482.0347865370 0.0792991
5482.3830474145 0.2705450
5482.7755227665 0.2964851
5482.9489462568 0.3156376
5483.2115977191 0.0235972
5483.3875560962 0.1530111
5483.8600088615 0.0322714
5484.1251911100 0.0169683
5484.6256624665 0.2248561
5484.8812420317 0.3485330
5485.4543091009 0.0192247
5485.7719725920 0.0120377
5486.1542831531 0.0344367
5487.0861514092 0.0302861
5487.9916222093 0.0136129
5488.2856547930 0.0105454
5488.6738891078 0.1582790
5489.0408836321 0.1046954
5489.2710283789 0.4198104
5489.7071904110 0.1139360
5490.0077246816 0.0214980
5490.2695989305 0.0235786
5490.4891369260 0.0272083
5491.1951033559 0.0226569
5491.3765531024 0.0536476
5491.6777615142 0.3198760
5492.0160204986 0.0123681
5492.2168736061 0.0636985
5492.3785315085 0.0853687
5492.6165772766 0.0210297
5493.1839961575 0.0145173
5493.3612851638 0.0554073
5494.4144785689 0.0277600
5494.7578364468 0.0362120
5495.0255761145 0.1736676
5495.3660071114 0.0706868
5495.9933332214 0.1338256
5496.4098178459 0.0631525
5496.9815014103 0.0246533
5497.2023154497 0.0104003
5497.3868752690 0.0174295
5498.0872414743 0.0303051
5498.3165536134 0.0146128
5498.6489037650 0.0301145
5499.0481602417 0.6693390
5499.4291254948 0.0325860
5500.9398609256 0.0145018
5501.6169320462 0.0223903
5502.0928158766 0.0251571
5502.9982867167 0.6737070
5503.6205079340 0.0264682
5504.6017035776 0.2156663
5505.0125639581 0.0228665
5505.2471197008 0.0210275
5505.4279774548 0.1471031
5505.6209239169 0.0358138
5505.9094641153 0.0501984
5506.3857897082 0.0113284
5507.0836469974 0.0246796
5507.4098329093 0.2129324
5507.7309351840 0.0138382
5508.0304215468 0.0693883
5508.3138519122 0.7015516
5509.2791631541 0.0255458
5509.9418798939 0.0549142
5510.1559345845 0.0213012
5510.4117564188 0.0110863
5511.0434861554 0.0316454
5511.2251527376 0.0236312
5511.5408409092 0.1449432
5511.7363054463 0.0181499
5512.2157411857 0.0681727
5512.5282075476 0.0159189
5512.7008890911 0.0316535
5512.9185246293 0.0383289
5513.3164316882 0.0985620
5513.5931223671 0.0356843
5513.7857559090 0.1945106
5514.0614253955 0.4506316
5514.5122815853 0.4566851
5514.8358100529 0.0118912
5515.5609488204 0.0111471
5515.8807469925 0.4111428
5516.0689306171 0.4704312
5517.0689314292 0.0345666
5517.5417289215 0.0292344
5518.0052890973 0.0394520
5518.3049811017 0.2229112
5518.6025484188 0.0662990
5519.0837606499 0.0303463
5519.8943760914 0.0281858
5520.2851648753 0.0193384
5521.1197951124 0.0514145
5521.5723649167 0.0197432
5521.7452992111 0.0128633
5522.0443506768 0.0554471
5522.4685745718 0.0287667
5522.6567418247 0.0337674
5522.8290572842 0.0217501
5523.0953371884 0.0105375
5523.7967555540 0.0141717
5523.9831146345 0.2330756
5524.5399900085 0.0107592
5524.8296125378 0.0376046
5525.5085154128 0.0237876
5525.7871031456 0.0323551
5526.3036245343 0.0272789
5527.0814925725 0.2778414
5528.3491439718 0.3070871
5529.1250045873 0.0214182
5529.9478521934 0.5276663
5530.4260004379 0.0621823
5530.6968698323 0.0815858
5531.5174325710 0.0110706
5531.9963478720 0.0333430
5532.3201645887 0.0784042
5533.2325621282 0.0198286
5533.5144930587 0.0492083
5533.6865243663 0.0237071
5533.8481890552 0.0141314
5534.1086540526 0.0257134
5534.2857084921 0.2086306
5534.5776591093 0.0616505
5535.1273584893 0.0175377
5536.1984492703 0.0596189
5536.3796026454 0.1193799
5536.9651717382 0.3341455
5537.4348260412 0.0116921
5537.6324746526 0.0102559
5538.1259721047 0.0520448
5538.6503207677 0.0108311
5539.3013415655 0.1491674
5540.0568962955 0.1852999
5540.3894216640 0.0108361
5540.6010598133 0.0302193
5540.8207127935 0.0900312
5541.3534306250 0.0308644
5541.9881245956 0.0212165
5542.2446260089 0.0135370
5542.4274070611 0.0150698
5542.7647331836 0.0153606
5544.2325413197 0.0130992
5544.4027476038 0.0244338
5544.7328616613 0.3152426
5545.0786516763 0.0165672
5545.4793303430 0.3048353
5546.1413202204 0.0262375
5546.3419734280 0.0221954
5546.7768866005 0.0197915
5547.1194702105 0.0112669
5547.4691137866 0.0282325
5548.0493328842 0.2295726
5548.5439231092 0.1100907
5548.8285798670 0.0152857
5550.2488975962 0.0123535
5551.1835504157 0.0326900
5551.4910890875 0.0572040
5551.6819182731 0.0134619
5552.2180308638 0.0393457
5552.4209964117 0.0117843
5552.6412476272 0.0190550
5553.5164415581 0.0192600
5553.7659484992 0.0119740
5554.2319888037 0.0262843
5555.1229157803 0.1905857
5555.5784962119 0.0120643
5556.4353317740 0.3976217
5557.2419057208 0.0155224
5557.7596535818 0.0226307
5558.2216805080 0.0269769
5558.5910063903 0.0510014
5559.0079296382 0.0119555
5559.4938706242 0.1988965
5560.3166427435 0.0246925
5560.7011758500 0.0113251
5560.9985930240 0.0107118
5561.2011051246 0.0290414
5561.4214253227 0.0170750
5561.7575930793 0.2702669
5562.7827045577 0.0247985
5563.0169250699 0.0242761
5563.5167058773 0.0175613
5564.2549710073 0.2736249
5564.8099650565 0.0144031
5565.1615196962 0.4311745
5566.4683360517 0.0114352
5567.0291348343 0.2076329
5567.2506213567 0.3748011
5567.6316458215 0.0438463
5567.9664288826 0.0180968
5568.2999466559 0.0197246
5568.9430911305 0.3326586
5569.3009352736 0.0166622
5569.6249126590 0.0292331
5570.4130097119 0.0534733
5571.1701950174 0.4900136
5571.9748948686 0.0274440
5572.5840081559 0.0230102
5573.0743100108 0.0191980
5573.7297045547 0.0155704
5574.3942484840 0.4953493
5574.6435895719 0.2088239
5575.0821127449 0.0107361
5575.9213213326 0.0176340
5576.8947437112 0.0217853
5577.6424080632 0.5290719
5583.5216588000 0.5588637
5583.9339763791 0.0172846
5584.2932453342 0.0110741
5584.5217567516 0.0318320
5585.0978794800 0.0166138
5585.5270751803 0.0190599
5585.8651234564 0.0116220
5586.0498458741 0.0592726
5586.3209714289 0.1619457
5587.2086958099 0.0241882
5588.3120410673 0.4747803
5589.1239586659 0.1575489
5589.4137114797 0.3288271
5590.3080975065 0.7008387
5590.9067318271 0.0928725
5591.4264705066 0.0547186
5591.6695878602 0.5971853
5592.2941384577 0.0545906
5592.9011653833 0.0104221
5593.5056167415 0.0174786
5593.8095980800 0.2638915
5594.1919314857 0.0454991
5594.5265958737 0.0103141
5595.2919867100 0.1479475
5596.0200442212 0.6643053
5596.2076767705 0.2913389
5596.6071122381 0.0321535
5597.7344868783 0.0237117
5598.3075985778 0.0117864
5598.6348611207 0.0192045
5599.0190944179 0.0111260
5599.3575780398 0.0136297
5599.8552347575 0.3770320
5600.0389582237 0.6713214
5601.5877465668 0.0916400
5601.7821083665 0.1589475
5602.3675769930 0.0187611
5602.8326912874 0.5431492
5603.3618316922 0.0210333
5603.6184334954 0.0118346
5605.3090089211 0.0578278
5606.0600714653 0.0107625
5606.4956288643 0.0585716
5607.4612224124 0.0129894
5608.5483613550 0.0105358
5609.2233274576 0.0633245
5609.7182981876 0.0120193
5610.5390298076 0.0387814
5611.5196847590 0.0279963
5611.8019507953 0.0146212
5612.9162419541 0.0492306
5615.8355223956 0.0468585
5616.3371755883 0.1358192
5616.8644299638 0.3696144
5617.2071232332 0.4505278
5618.4956324870 0.0122736
5618.7215558688 0.0790570
5619.0822646145 0.0100513
5619.9962893847 0.0170317
5620.1950827762 0.2414517
5620.5525426547 0.0127300
5620.7953202921 0.0235709
5620.9642949142 0.0120292
5621.1607397384 0.1367199
5621.5931701951 0.0285408
5622.0455880844 0.1371525
5622.4664305547 0.0139522
5622.8950544952 0.0249399
5623.1670941349 0.0269034
5623.7953892235 0.0144845
5624.5093499696 0.0359498
5625.5869626039 0.2200366
5626.1145144888 0.5121274
5626.4337948868 0.0900087
5626.8824706803 0.1385356
5627.2363654608 0.0441868
5627.5845650392 0.0430119
5629.1975700241 0.2918948
5629.5562936669 0.0104317
5629.9063576953 0.0459245
5630.2095354317 0.0993949
5630.6360480746 0.0117997
5631.6860395593 0.0174490
5632.4084127155 0.0100096
5633.3535651808 0.0281319
5633.7148504613 0.0101624
5634.0115165195 0.0141486
5635.5102948724 0.2962866
5637.0658207388 0.0106416
5637.3890422574 0.1762725
5637.7854350753 0.0269835
5638.0709627186 0.0115693
5638.2628441897 0.1149769
5638.4769412894 0.0131808
5638.6807441874 0.1411537
5638.9727463919 0.1351609
5639.2724860848 0.0137696
5639.8292205752 0.3499703
5640.3094360017 0.0289572
5640.9099822646 0.0118646
5641.1219684311 0.0124295
5641.8776360711 0.0509814
5642.5460344038 0.1135746
5643.0080641417 0.3179992
5643.4518854125 0.0756669
5643.9367088344 0.0262026
5644.1588047647 0.0102230
5644.3210343417 0.0325852
5644.6646156276 0.0555615
5645.7040155407 0.3118216
5647.1765720592 0.0779686
5647.3893296646 0.0386048
5647.6754171831 0.0670319
5648.2503136780 0.0333394
5648.8036867698 0.0893911
5649.8251295310 0.0213518
5650.1353943342 0.1244125
5650.6494886076 0.0429779
5650.9556490541 0.0368837
5651.2293014102 0.1019638
5651.5551769776 0.1347499
5652.0542985997 0.0112687
5652.2547204394 0.1387063
5653.0409707922 0.0752318
5653.8880582402 0.1165694
5655.2455891218 0.0121674
5655.4370061355 0.1665937
5656.0609277658 0.0356643
5656.4966782506 0.0440373
5656.7465832311 0.1950129
5657.0614912399 0.3433238
5658.8206837034 0.0126038
5659.0127316670 0.0910086
5659.2422118382 0.0133241
5659.4421458004 0.2618450
5659.9125848121 0.0985407
5660.1076898135 0.3223759
5660.3954092355 0.4565503
5661.1434332911 0.0616109
5662.0767139370 0.0220987
5662.3721726893 0.0702946
5662.5814846100 0.0263986
5662.9185353924 0.0978967
5663.5432835631 0.0263911
5663.7265686958 0.2412823
5664.0902625723 0.4523632
5664.4961842890 0.2221426
5665.5841035455 0.1324407
5666.1376269966 0.0265220
5667.1278924275 0.0915652
5668.2501235635 0.0408054
5668.7178624315 0.0910234
5669.0894716179 0.2231695
5669.9413101133 0.0883501
5670.4202884380 0.0110014
5670.6065028564 0.1065412
5671.3098241749 0.0307777
5671.5201053784 0.0488297
5672.4256304524 0.2448247
5673.0575302570 0.0121717
5673.3841532983 0.1453992
5674.9897971729 0.0216140
5675.7582974852 0.0105571
5676.1686706416 0.0108901
5676.9934429318 0.2479328
5677.3192667320 0.0128193
5679.2619906303 0.0283092
5679.9535386127 0.0192478
5680.1779701335 0.0200794
5680.6018068235 0.2505384
5681.4947557909 0.0682380
5681.8207669741 0.0469647
5682.6476040957 0.0151084
5682.8102364928 0.0108619
5683.7772764258 0.1956877
5684.2175495339 0.4409719
5685.7679747172 0.1221749
5686.0626164849 0.1665559
5686.9826853338 0.0118218
5687.7713201383 0.0405930
5688.1115776450 0.3550596
5688.4164784474 0.1075738
5688.9961245989 0.0114215
5689.7882807481 0.5488366
5690.1189355083 0.0170158
5690.7155035268 0.0104707
5691.0443265378 0.1501149
5692.0021286861 0.1298881
5692.7455754843 0.0113508
5693.0784171313 0.1974121
5693.2712903286 0.0289373
5694.4557002101 0.0134884
5694.8882345679 0.0111906
5695.2247017158 0.2305479
5696.3249078438 0.0918357
5696.5651667944 0.1810179
5697.6746128764 0.0546644
5697.9558722421 0.0146688
5699.6028669825 0.0640077
5699.9104913201 0.1458549
5700.1041499800 0.3934650
5700.9861643273 0.0122274
5701.7607730123 0.1333074
5702.0886306322 0.0283513
5702.6792479532 0.0761781
5703.1324398924 0.4803804
5703.4730498236 0.0149674
5703.9031082268 0.1394094
5704.2417330076 0.0975479
5704.4475852403 0.0185583
5705.1619893694 0.3196927
5705.4931273187 0.0107246
5706.3146602600 0.0654785
5706.6675045253 0.0103290
5707.0506701100 0.1794927
5707.5832811133 0.3342068
5708.3090824449 0.0235140
5708.5879558183 0.2934464
5708.8247548692 0.0155634
5709.4875020089 0.0115994
5709.6840119750 0.1691676
5709.9805827524 0.2140816
5710.9636487728 0.4423392
5711.1292116127 0.4957713
5711.5136426992 0.0472829
5712.6732800271 0.4419851
5713.4622024279 0.4159274
5713.7181968651 0.2783153
5714.1907277764 0.0265688
5714.3616788784 0.1069862
5715.4720226487 0.0557631
5715.7436843772 0.0602492
5716.1351126286 0.0184858
5716.6797960001 0.3372355
5717.0465071013 0.0151421
5717.8327237050 0.0116820
5718.0357222798 0.0774732
5718.8861401967 0.0185806
5719.4220165955 0.2804900
5721.4060153829 0.0348312
5722.0274524994 0.0521956
5722.4828755624 0.0530786
5723.2904102764 0.0226187
5725.2714633906 0.0197749
5725.6646165906 0.0174961
5726.0452745286 0.0198616
5727.2351748038 0.0234001
5727.5245629499 0.0175671
5728.6381713115 0.4432991
5729.2474393516 0.1280584
5730.7931021263 0.0183050
5732.4394567299 0.0251384
5732.8427439160 0.1207883
5733.3550136845 0.2753280
5733.8869111238 0.0475479
5734.4552778391 0.0120641
5735.6344121635 0.0277640
5736.1509377532 0.0186761
5737.2872143170 0.0271031
5738.6569020214 0.1328563
5739.8276883522 0.0503193
5740.1305089685 0.0158763
5740.8734663549 0.0101163
5741.0673039179 0.1123793
5741.3846281248 0.0163839
5741.5773671542 0.0686180
5742.8033600499 0.0197614
5743.4433474942 0.1402640
5744.5564053524 0.0473425
5744.7771425028 0.0166720
5745.0321222338 0.0780291
5745.5129336886 0.0143686
5748.0094115236 0.0210251
5749.2592345893 0.0532297
5749.5468242965 0.1105764
5749.9484175725 0.1821499
5750.4922771588 0.0190882
5750.8838977076 0.0130498
5753.6307904118 0.2626454
5754.7216278168 0.3953018
5755.2360370089 0.0794541
5755.5869784081 0.0137685
5755.8105963039 0.0159358
5756.0061515720 0.0785969
5756.2521572075 0.4078477
5756.9436244409 0.0113430
5758.4127510703 0.1068401
5760.3585859443 0.0169144
5760.8598473143 0.0310321
5761.1362959969 0.0380969
5761.7559248065 0.0107366
5761.9453869666 0.1295166
5762.4332302681 0.1127979
5762.8488340524 0.0119005
5763.1809873399 0.0102925
5764.0121103374 0.1485080
5764.2210737759 0.0218129
5764.5954543522 0.4409724
5767.9309972555 0.0680059
5770.9263885370 0.0262600
5773.2050711461 0.0306672
5773.7361376531 0.1122259
5774.0156701676 0.0328312
5774.2579809427 0.0113790
5775.6352075898 0.0851990
5776.6841154504 0.2695447
5778.3077500070 0.0196058
5779.8731535670 0.0105093
5780.0600601497 0.1558336
5781.9875278876 0.0660154
5782.2065712103 0.2173649
5782.4068718479 0.1310607
5782.7827366741 0.1019740
5783.3556941901 0.1104625
5783.7313394682 0.3503050
5784.4775336514 0.0150885
5784.6710146750 0.2096302
5785.4640497237 0.2643727
5785.9626078038 0.0108353
5786.2645743678 0.1264931
5786.5760798146 0.1930712
5786.8854335757 0.1724513
5787.3356059293 0.1663476
5787.5718547683 0.1332412
5788.6279599081 0.0482366
5789.5253932296 0.2961626
5789.9915537338 0.0476546
5791.3642804169 0.0130421
5791.7435806486 0.0322275
5792.2568294858 0.0330146
5792.5900480865 0.4576823
5793.1439968360 0.0381172
5793.3739805410 0.0186062
5794.6729728607 0.0917734
5795.3265333394 0.0152639
5795.5233310144 0.1640554
5797.4771852688 0.0123511
5797.6885809812 0.0462743
5798.3512797090 0.0147999
5799.0366567267 0.0202478
5799.4599253505 0.0908739
5799.7853406574 0.1849803
5800.1202809235 0.0210890
5802.8403922522 0.0154352
5805.6481183627 0.1054025
5805.8709300835 0.1256685
5806.0708261915 0.0815049
5806.8295363551 0.1292266
5807.3733781142 0.0403089
5808.3375784856 0.2273743
5808.7010913740 0.0151776
5809.3955262889 0.0359395
5809.5856437211 0.0125181
5810.8288091581 0.2383603
5812.3912148595 0.0104443
5813.5282020950 0.0523353
5814.4435921834 0.0234854
5815.5826966898 0.0227168
5816.4213753701 0.1035932
5816.8315842219 0.0401343
5817.6703775147 0.0460166
5817.9881750735 0.2984604
5818.6872395693 0.0454848
5819.1004737125 0.0141712
5823.4807347204 0.0208435
5824.0693903209 0.0278269
5825.3068252968 0.0398827
5825.7749153880 0.0118851
5827.3778885505 0.0150125
5829.0498108633 0.0110368
5829.4974690186 0.0597508
5832.2889898875 0.0158675
5833.2144995559 0.0756218
5834.0987199735 0.0193351
5835.6072170604 0.0545330
5836.1482254094 0.0102768
5836.2879443399 0.0130619
5836.7194666618 0.0637598
5837.0401397713 0.0173477
5837.1936152244 0.0254103
5839.3223237036 0.0385883
5839.6270795637 0.0123945
5839.9908824102 0.0833943
5840.2933627615 0.0342502
5840.5137144278 0.0102010
5841.1695247932 0.0107862
5842.7975885868 0.0141817
5844.8242546006 0.0169789
5846.2178210794 0.0248853
5846.5468007681 0.0137706
5846.9107702838 0.0221249
5847.5590396079 0.0132255
5847.8676263581 0.0285639
5848.4176765995 0.0123822
5848.6185024518 0.1426828
5849.7352372799 0.1631537
5850.0793835308 0.0100697
5851.3080686021 0.0398824
5853.8447850749 0.1609406
5854.7746747717 0.0754294
5855.1115898598 0.0214263
5855.3028296581 0.3143648
5856.7036157358 0.0847798
5857.5116727700 0.0255067
5857.7140480804 0.1621497
5859.0761455662 0.5771086
5859.3836720988 0.1438547
5859.8927856817 0.0199136
5860.4045666792 0.0534852
5860.8665652190 0.0191861
5861.2127471318 0.3361230
5862.7376501942 0.0319278
5863.9864490182 0.3943490
5864.4832552802 0.0108810
5865.0752213503 0.0122907
5865.8700379515 0.0235976
5868.0818615828 0.4743743
5868.7048495625 0.0115840
5869.1850963849 0.1600150
6007.0103638535 0.0155908
6007.2093717631 0.1383594
6008.0093511001 0.0106748
6008.7727055733 0.0197910
6008.9781684533 0.1257744
6009.4059238635 0.0202215
6009.6272317098 0.2780567
6010.2253958470 0.3948877
6013.6788712872 0.0118415
6013.8849644277 0.1214773
6014.4112486160 0.0227257
6015.1569359726 0.4123815
6016.9109671986 0.0276689
6018.3089812186 0.4271521
6019.9757697027 0.0294090
6020.3053778972 0.0195981
6021.0358279374 0.0270629
6021.8430692085 0.3417313
6022.2406324761 0.0102534
6023.4647324585 0.4617108
6025.7306129875 0.4384664
6027.4216207527 0.0121246
6028.7236145618 0.3372517
6031.5612123397 0.0123801
6032.3136904271 0.0111793
6033.3478808999 0.0148678
6035.7076842286 0.0330529
6037.0190533879 0.0258508
6038.1222510443 0.0220800
6041.2013519559 0.0177348
6041.4016491421 0.1790932
6043.5690529112 0.0158824
6043.7709167781 0.2163089
6050.4291631276 0.0100344
6055.1391337202 0.0147557
6055.3592709991 0.0517019
6055.7510782751 0.0387048
6057.6831904520 0.2796009
6058.9246834964 0.0149343
6059.8322027174 0.0338036
6062.3000363854 0.0107262
6064.3415647334 0.0308528
6064.5311911865 0.1242756
6066.1088713168 0.0156991
6066.3093842187 0.1475504
6067.1688466876 0.5358763
6078.5486969009 0.0146021
6080.1758982924 0.3228797
6080.6936359252 0.1897200
6082.9232283522 0.0188640
6083.1291675943 0.2090637
6083.3447685067 0.0231227
6084.1793047560 0.0433721
6084.3981117183 0.2485542
6085.7934765786 0.0215103
6086.9296044492 0.3238797
6087.9669364540 0.1307816
6088.3457228092 0.0166317
6089.5154975554 0.0166854
6091.0554754993 0.0165535
6091.2565455985 0.1600178
6091.6979775118 0.0216163
6091.8993053503 0.3461164
6092.6628093860 0.0157400
6092.8633242768 0.1633461
6093.5941009289 0.0341118
6094.4840991718 0.0529324
6094.8328832968 0.0550382
6095.3321654132 0.1128608
6095.8602698078 0.0108432
6096.0632235936 0.0666801
6098.3552424722 0.1719859
6098.7680109250 0.0200700
6098.9581213881 0.0226494
6099.9380146115 0.0529059
6100.3492449829 0.0537497
6101.9607092704 0.0313737
6103.8682998725 0.3260630
6104.4123092188 0.5894268
6104.8845723179 0.1961231
6106.8196064473 0.0372163
6109.6035150695 0.0138876
6109.8086947465 0.3764910
6110.1815905751 0.0169862
6112.7662099332 0.1116541
6113.3462136087 0.1400832
6114.6151728264 0.0132005
6115.0158692725 0.0133766
6117.8969784845 0.1626349
6118.3835216528 0.0124266
6118.6881933117 0.0440355
6118.8894622129 0.0115159
6121.0217084281 0.0159613
6121.2256318718 0.2645518
6121.4411270787 0.0520128
6121.9446689779 0.0542884
6122.7011117856 0.0518516
6123.9153212998 0.5688696
6126.7159170402 0.0498260
6127.9087740558 0.3297269
6129.1519884779 0.0293238
6129.4002274583 0.0122911
6129.6063790822 0.2232690
6129.9907877496 0.0114929
6130.4735874730 0.0112116
6130.6752350193 0.1494469
6131.1976292314 0.0122199
6131.8336490454 0.0616705
6133.2722058712 0.0386325
6133.5499493456 0.0366930
6135.6638072373 0.0175298
6136.2554510249 0.0276553
6136.7629584690 0.0110236
6137.0670333165 0.1571194
6137.4657832644 0.0331734
6138.3219949965 0.5468391
6138.6969819522 0.3772394
6139.3977331535 0.5602328
6140.1553659405 0.0323783
6141.3354712607 0.0112613
6143.4247952577 0.5065247
6144.1866373482 0.0552205
6144.9033688712 0.0317501
6146.7156870473 0.0616340
6147.1121637214 0.0148746
6147.9120968321 0.0422388
6149.5326945468 0.1955687
6150.3734281332 0.0114810
6150.9480723046 0.0466711
6151.4356742814 0.0236011
6151.8574338493 0.1575080
6153.1198896874 0.0174160
6153.3243988882 0.3153850
6155.9262153191 0.1594296
6156.8425209731 0.1379648
6157.7242658686 0.0721030
6157.9545374607 0.0152199
6159.0831612745 0.0101843
6159.4353207294 0.2790760
6161.0832927745 0.0441375
6161.9302558065 0.0112570
6162.4513492845 0.2339226
6162.9997735236 0.3856144
6163.8816065210 0.5754824
6165.2465957040 0.1623728
6165.4585442539 0.3789362
6166.8645539330 0.0135610
6167.0697392894 0.2101667
6168.1442660182 0.4261774
6170.7469767170 0.4927230
6171.2689103973 0.5101046
6172.2209541286 0.2730532
6172.7223841702 0.0120304
6175.0478054467 0.3745016
6176.8699215932 0.0103059
6177.0769336427 0.1667956
6178.5219754263 0.2366790
6178.9577591333 0.0813504
6181.7105148236 0.0248042
6181.9181991949 0.3091808
6185.2902850356 0.0269400
6187.4107384713 0.0398069
6187.8785312007 0.0441816
6188.4252205452 0.0900850
6189.1163920690 0.0258355
6189.7056963365 0.2113074
6190.7087113577 0.0493779
6191.0741674762 0.0214633
6192.8946090369 0.4034654
6193.2778783153 0.5688856
6196.1232025576 0.0153803
6197.1581551362 0.0228094
6200.9094423643 0.2137740
6201.2306973101 0.0240254
6202.0347520713 0.4167192
6205.0423194676 0.0104843
6206.3250264789 0.0636967
6206.9369234127 0.0144599
6212.3879428924 0.0653992
6213.7463805758 0.0159762
6213.9255536874 0.0136420
6215.1538991403 0.4663479
6215.5866092161 0.1172859
6216.8838253801 0.2395848
6217.5871340193 0.0119004
6218.0863057386 0.2796448
6219.4006405003 0.0106457
6221.0061272027 0.4994636
6221.9466575548 0.0228680
6222.2003620561 0.0860743
6222.5032454426 0.0844816
6223.0324754904 0.0747283
6223.3988170638 0.0179482
6225.7083382679 0.0811672
6226.0229587352 0.0135977
6226.2300772983 0.1336286
6228.0855302370 0.0118279
6228.4612583017 0.1177677
6229.2755556032 0.0469617
6230.7482172288 0.0182504
6230.9547743527 0.2030623
6231.8164716556 0.0501224
6232.4604849797 0.5596163
6234.3702471579 0.3656210
6234.9223045801 0.0981182
6239.0459685562 0.0968277
6240.1110931760 0.0531210
6241.1171533182 0.0165198
6241.5093301438 0.0503822
6241.8641667898 0.0429519
6242.0364495598 0.0597115
6242.3771715386 0.3082526
6244.3384616812 0.0128856
6244.5532935096 0.1847110
6244.8392159746 0.3848708
6245.3011267949 0.0134435
6245.5414724999 0.0820209
6246.1963782797 0.0835837
6246.9549643923 0.0132697
6247.3470096558 0.1075482
6248.0509882259 0.4169578
6249.0687539308 0.0105734
6249.2891569356 0.0850994
6251.3607141080 0.0324232
6253.5564491503 0.2325939
6254.2923119029 0.5445881
6255.5653064995 0.0674010
6255.9871105739 0.4630386
6257.6851010956 0.0928617
6258.0917810526 0.5027353
6258.6352819173 0.0742428
6259.3111760519 0.0116446
6259.8390063822 0.4486297
6260.4442118476 0.4517739
6260.6789285773 0.0463940
6261.3187516536 0.0333881
6262.4456291999 0.0128176
6262.8366983202 0.3985809
6263.2926207053 0.0110905
6266.8697034411 0.4738976
6267.3576079620 0.0140096
6267.7437083416 0.0181802
6268.0573042629 0.0679453
6269.4619681015 0.0176397
6270.2632085968 0.0263520
6270.5677227920 0.0808243
6271.7516304889 0.0224617
6271.9633441787 0.3039210
6345.9086797284 0.3440449
6348.8446311300 0.0243155
6349.5934703546 0.0122856
6351.2334860825 0.0163223
6351.4817272932 0.0109511
6352.2597522267 0.0127530
6353.0279750792 0.0101592
6355.5913424714 0.0144539
6356.7906008798 0.3543139
6359.0461836044 0.0162027
6360.4477374554 0.4260598
6361.6516728775 0.0142887
6362.5712845187 0.0463967
6364.1087690250 0.0261984
6364.4170540323 0.0173884
6364.6295487891 0.2230113
6366.1248639867 0.1004509
6366.4546618212 0.0412972
6367.8960416702 0.0103978
6368.1190128110 0.0981610
6368.4874409493 0.0126555
6371.2190229039 0.0196654
6372.1112163046 0.0428751
6373.1194954379 0.0159383
6380.0172025879 0.0982010
6380.6499802180 0.0106881
6382.2998671855 0.0130959
6382.5101704890 0.2248545
6383.8955823997 0.0119315
6385.4752625912 0.0135915
6386.2032753502 0.0105005
6386.4247742012 0.0736541
6387.4864219155 0.0335290
6390.1825443673 0.0132146
6393.9491354611 0.0101041
6394.3108267329 0.1242076
6395.3767149971 0.5368407
6395.9655312644 0.0103531
6396.9084671617 0.0202010
6397.2370430417 0.0136428
6399.7555524695 0.0146463
6401.7732292123 0.4228401
6402.0888770525 0.4023683
6402.6059441560 0.0100320
6407.2348899810 0.0105889
6407.5401985167 0.0243873
6409.0542623354 0.0350243
6409.7938442744 0.3641907
6410.4220029791 0.0104878
6412.6947240786 0.0197873
6412.8913600199 0.0136984
6413.4262027048 0.4057817
6413.9452224205 0.0115929
6415.6948313542 0.0112855
6416.3685109297 0.0446037
6416.7523941725 0.0695831
6418.7005317838 0.0742230
6419.4742991038 0.0332290
6420.8673315292 0.0172205
6421.4230898974 0.0425437
6421.7265959847 0.3230727
6423.1298915008 0.4958485
6426.6261195314 0.0240222
6431.6825749913 0.0160035
6432.6286305810 0.5209946
6434.4595934795 0.0592439
6435.2005547036 0.0208816
6436.7864773791 0.0157026
6438.1889753586 0.0404796
6439.4483961789 0.0115070
6440.8581225150 0.6283501
6442.7177052707 0.0253001
6607.3635789105 0.0172351
6607.7980299390 0.0286590
6608.7781847638 0.0139621
6609.6434475343 0.0119507
6609.8552430495 0.1148697
6610.9421163450 0.3383048
6611.4943886485 0.0517865
6614.0094400069 0.0107117
6615.2539947069 0.0301612
6615.6518811000 0.0626972
6622.9429857872 0.0142481
6626.6563985082 0.0353745
6626.8562369631 0.1189911
6629.3773979300 0.1018488
6631.8469445880 0.0814303
6634.2747224437 0.0391994
6635.2436736973 0.0713161
6635.5831751329 0.2540437
6635.9428767094 0.0869455
6636.9550517457 0.0598010
6637.5051598945 0.0136896
6638.1724531994 0.0106863
6641.5282630525 0.0595887
6641.7215064177 0.0508232
6645.4642883075 0.4302146
6646.9447845704 0.0126931
6648.7718385439 0.0549886
6649.9236584117 0.0468529
6655.6919249386 0.0344934
6661.6950070622 0.0102710
6662.5132455427 0.0116603
6662.9154459079 0.0476578
6663.1533064949 0.0187684
6664.8601821387 0.0117218
6665.0715771600 0.1102051
6665.2871810230 0.4164395
6667.2734786446 0.0162665
6667.6912056469 0.0127363
6668.3482185712 0.0196848
6669.2610238362 0.0328839
6669.5653852165 0.0434360
6670.2203287757 0.0283939
6671.1222814245 0.0218767
6679.0321149246 0.0158636
6679.8354287983 0.4645658
6680.4164126172 0.0226819
6680.6534777351 0.0223940
6681.3511204348 0.0108961
6681.9858304420 0.0116110
6689.3443647188 0.0166319
6691.1155054163 0.0134049
6692.4483430097 0.0105580
6694.1207011189 0.0106900
6697.8715500560 0.1714019
6698.1584738369 0.0384100
6700.5200477759 0.0895815
6700.9887416407 0.0254187
6705.2017285012 0.0174637
6705.4229357211 0.2104476
6706.3390114247 0.0210765
6706.9556982131 0.1707567
6709.2873959310 0.0210412
6711.7563155096 0.0187235
6711.9608535682 0.0114693
6712.1753338707 0.1169908
6713.1099561793 0.0137753
6714.9006407912 0.0799072
6715.5967797238 0.0715851
6716.7559015242 0.0119165
6717.2422085047 0.0839168
6718.0918769105 0.0539056
6718.5250590339 0.0200923
6719.5384367004 0.4062389
6723.6819580869 0.0507087
6727.2156744907 0.0593899
6728.5261546656 0.1633420
6730.8725604065 0.0196161
6731.5877403330 0.0105345
6732.1407326776 0.0107615
6733.9268497796 0.0268976
6735.0125670107 0.0967504
6736.0860562742 0.0113444
6739.8464296318 0.0752209
6740.0796701470 0.0217267
6740.7015320009 0.0173577
6741.3855247368 0.0966662
6743.4668246344 0.0156204
6744.7681268747 0.0204647
6744.9919161290 0.2397384
6746.5268716494 0.0130341
6746.9641728546 0.0294069
6747.4103471168 0.0306133
6747.8193820293 0.0214008
6748.2039421388 0.0111599
6748.8235483716 0.0254745
6750.0006608146 0.0100757
6752.0206485603 0.3703423
6754.5730503836 0.1214489
6755.3253786616 0.0184433
6756.7932217471 0.0185383
6757.4725191523 0.0578081
6758.4087342770 0.0115727
6765.8301860052 0.0136737
6767.7205900580 0.0100420
6768.4009507575 0.0144851
6769.6474941435 0.3597741
6772.9170353435 0.0867786
6774.1888929955 0.1643182
6779.2730280148 0.0215089
6781.5915980101 0.0128265
6785.1436291193 0.0162869
6785.5753383789 0.0503285
6786.0999365679 0.0174754
6786.8805038992 0.0180065
6787.6332477060 0.0144827
6788.3059485197 0.0193697
6788.7356938424 0.0948432
6791.1054339781 0.0126159
6795.1338582599 0.0485290
6795.4965398134 0.0388812
6796.4917170303 0.0113869
6797.9905732461 0.0356710
6798.3973136642 0.0110858
6800.3452956755 0.0338742
6802.4668047768 0.0122703
6803.7430213528 0.0148893
6805.8831205236 0.0642710
6806.1493027286 0.0536296
6808.5018928452 0.0143140
6808.7279195673 0.1887781
6812.1435443214 0.1895748
6815.4857780319 0.0104330
6816.8294853148 0.0986949
6818.2483649554 0.0127355
6820.0453428694 0.0109541
6821.4586153562 0.0273061
6822.2535279074 0.1459859
6826.7986229248 0.0203407
6829.8133518962 0.0111805
6830.2437285582 0.0137391
6830.4789362659 0.1930449
6831.5115062018 0.0100322
6831.7686968549 0.0147233
6835.1183569545 0.0263420
6838.8958143680 0.0488023
6840.7122252210 0.0491170
6841.4915963166 0.0161304
6841.7225830514 0.1669487
6843.2296722859 0.2469783
6843.9287416155 0.0782722
6844.5766441474 0.1376920
6845.0321385750 0.0117832
6845.5466252470 0.2394703
6846.5792748611 0.0120455
6849.4872861595 0.0177346
6850.4349568807 0.0190343
6851.2065277054 0.0103515
6852.3106523793 0.0140087
6853.2925067220 0.0127564
6853.5322943479 0.0306845
6856.2152374921 0.0132214
6856.4806878246 0.0168667
6856.7150936932 0.0356490
6857.0568381666 0.2798167
6857.6099065376 0.0501744
6859.1436251936 0.0820463
6859.8042094287 0.0146385
6860.0442030417 0.1809997
6861.3600674061 0.0103854
6861.9704950453 0.0122658
6862.1840033315 0.0360203
6862.8280309532 0.0133938
7419.4266559446 0.0429754
7420.4444520004 0.0182520
7420.7156096521 0.1845616
7423.6045431131 0.0516313
7424.3264743780 0.2804293
7425.5493854635 0.1958540
7425.8774132703 0.0207288
7426.6549957520 0.0280467
7429.5881613137 0.0143549
7432.5921749058 0.0777507
7432.8898497603 0.0671865
7433.6765154255 0.0199963
7434.0109233249 0.0117741
7435.4904105133 0.0104733
7437.6284214190 0.0566199
7439.6573491547 0.0164490
7440.9531391370 0.0115575
7442.2463776926 0.0235955
7442.6337987991 0.0658357
7442.9647040865 0.1800475
7445.0746679624 0.1255730
7447.8063517487 0.3357849
7449.4471496714 0.0914895
7449.9569763471 0.0375932
7451.4009898792 0.0138480
7454.1619314491 0.0218819
7456.0544834176 0.0420160
7459.3994600585 0.0125377
7461.1002086131 0.0106721
7463.3341788000 0.0118252
7463.5797898322 0.1439202
7464.3709088881 0.3484823
7465.4494235448 0.0185163
7466.0024929882 0.0135679
7466.3189927472 0.0225020
7468.5816710652 0.0121855
7470.9852578159 0.0128598
7472.0068700536 0.0135547
7473.3454374157 0.0102009
7473.8064039351 0.0149101
7474.8013084927 0.0239376
7475.6142047485 0.0496544
7476.9614067130 0.0147187
7477.9293565442 0.0112306
7478.1886271830 0.0353436
7478.4353099271 0.0437406
7479.6236887339 0.0343086
7483.5454679000 0.0187584
7483.7949621634 0.0237819
7484.0097224899 0.0339003
7484.2788027454 0.0336825
7486.3669620315 0.0194649
7488.7159165932 0.0203468
7491.6436109171 0.0591019
7493.7157229678 0.2285171
7496.4584811179 0.0255628
7497.1377907308 0.3262709
7498.1700664958 0.0420556
7500.5989169570 0.0622145
7503.3397144335 0.0120976
7504.8340079079 0.0103680
7506.3318685261 0.0148654
7508.0919563985 0.0481821
7509.3368677802 0.1730332
7513.0947072043 0.3308876
7514.2088221447 0.0133535
7516.2624251306 0.0309463
7524.8400994538 0.2381207
7525.2903396491 0.0361044
7527.1866881292 0.2311615
7530.2253326976 0.0114283
7533.2236094752 0.2702140
7533.8479214340 0.0143365
7535.4260955287 0.0132414
7542.5141637950 0.0584655
7543.6139868462 0.0112679
7543.9946641552 0.0242030
7548.2588508790 0.1357405
7548.7195393208 0.0105032
7549.9795638288 0.0523756
7553.1838484002 0.0213576
7554.5731850127 0.0178865
7554.8939723404 0.0127272
7556.0370472189 0.0140947
7556.9100831089 0.0215836
7557.6835949940 0.2883610
7561.7939308435 0.0626695
7565.0967347592 0.0400126
7569.2630633362 0.0143972
7570.9876999525 0.2593299
7571.6420459312 0.0222588
7575.5099366351 0.0215136
7576.1297946630 0.1840129
7582.3590797205 0.0144903
7584.2096542270 0.0238409
7585.8848072445 0.3463823
7588.1136311831 0.2876417
7761.4460542248 0.0186702
7762.7892149607 0.0130528
7769.5887146787 0.0141007
7774.0929552603 0.0398277
7776.3070319785 0.0303912
7777.5319477442 0.0278906
7791.0718173357 0.3313926
7802.1415255022 0.0511331
7802.4157333960 0.0306681
7804.6228546512 0.0393350
7810.0598179183 0.1472543
7812.9694547924 0.0398540
7813.2703896526 0.0365352
7822.9621935187 0.0164114
7828.9138618135 0.0292583
7834.3580789409 0.2716973
7837.4523743516 0.1110863
7838.2744037731 0.1463041
7840.2544483051 0.0206053
7842.7247427912 0.0100244
7852.1230901759 0.0465597
7854.8434383555 0.0414152
