3804.5589902399 0.8118986
3804.9780078353 0.5578517
3805.8792861476 0.6277508
3809.6028184251 0.8575758
3812.3723720965 0.4709198
3845.0802388959 0.5177759
3845.5331094801 0.7491621
3847.0802202563 0.4329523
3847.5157741439 0.5987453
3847.8960205985 0.6564546
3848.4191216786 0.6946918
3849.3947023270 0.5448535
3850.0776363955 0.3978095
3853.3067645879 0.6551104
3863.9289439131 0.4226765
3864.8342955136 0.4903048
3865.2026941460 0.6067077
3865.4118393089 0.3910571
3865.5821539277 0.3182260
3865.9604141584 0.7704010
3867.5396762549 0.5168683
3868.3168274075 0.5877614
3868.7067431894 0.7178811
3869.0220155468 0.4205477
3869.4984742433 0.5789358
3870.3798148533 0.4248433
3870.6774448332 0.7255048
3871.2505670634 0.4661389
3871.5771313858 0.4639675
3872.8506757893 0.5276915
3874.8625824403 0.6498542
3875.0517498586 0.7997149
3875.6056655085 0.4613824
3876.1779778993 0.8406871
3876.3475550801 0.7201827
3876.8794927945 0.6107863
3877.0019704159 0.6962127
3877.9440273012 0.6858773
3882.1036932168 0.2793617
3882.4957878365 0.6795628
3882.6945238568 0.2767817
3882.9728208611 0.8139789
3883.2501988967 0.5441174
3883.4167378955 0.5525242
3883.9926719129 0.4812332
3884.7375631129 0.2980095
3885.1907901672 0.2454469
3885.4635039430 0.4393157
3885.7078283576 0.4239618
3890.7785351449 0.3438094
3891.0521561383 0.7360787
3891.2866856224 0.8037506
3891.4171981494 0.3612718
3891.9458418661 0.5782630
3892.4882957413 0.4255415
3892.6066316885 0.1825068
3893.0328910064 0.5164101
3893.9709125138 0.8291923
3894.4999812312 0.5884814
3895.0202452476 0.5044111
3896.0844943445 0.6037089
3898.4211946126 0.2407317
3898.5558313408 0.5016135
3898.9986859601 0.5392730
3899.5989620748 0.6929045
3900.1380162453 0.4216188
3901.6430685760 0.6455542
3902.0672808792 0.8442029
3903.3626613713 0.8513392
3904.9963489990 0.5887851
3905.8938692780 0.8195588
3907.4017486190 0.4259474
3907.8554339989 0.3851735
3908.5978535467 0.8434706
3909.0455452989 0.5955927
3909.8688555192 0.8191218
3910.7693911059 0.4931174
3910.9649374568 0.7445385
3911.9470656108 0.5949994
3912.1034911898 0.3989412
3912.2949807355 0.4988348
3912.4830154312 0.1952565
3912.9268355973 0.8452044
3913.0950165606 0.3868931
3913.3099245199 0.4362747
3913.6936020269 0.2519189
3914.0879326310 0.6082931
3914.5731171512 0.6879047
3914.7439572194 0.6184453
3915.4434038863 0.8575016
3915.8469257805 0.6435426
3916.9717379730 0.5235090
3917.3507086436 0.7166468
3917.5099475220 0.3469855
3917.8450123019 0.5577749
3918.2946916023 0.6847328
3918.7072565217 0.2488374
3919.4268343052 0.5549578
3919.5309636533 0.5650472
3919.7547163678 0.5837057
3920.2750886088 0.7911205
3922.1368826111 0.7010702
3922.5353002246 0.8220893
3925.6411351381 0.8774238
3926.3418860901 0.5273692
3926.7591039564 0.4584247
3927.0558492398 0.5220141
3929.7540351625 0.6358885
3930.9908300420 0.7637129
3941.9988655230 0.6340827
3942.6067696039 0.6582576
3942.8538383159 0.5109838
3948.1149862813 0.4648407
3948.4985145651 0.3093785
3948.6509952362 0.4596081
3948.8903860362 0.8231837
3949.2171833649 0.5018380
3949.7913719026 0.8317337
3950.0172027076 0.5613478
3951.0747062679 0.6210747
3951.4695948130 0.3497786
3952.2854781665 0.5228828
3952.8867289861 0.1426987
3953.0802975400 0.1935652
3953.3025276909 0.1250318
3953.4337202739 0.3597490
3953.7237022093 0.5130369
3954.0404058060 0.6146784
3954.2751768699 0.4583546
3954.6173919330 0.1916513
3954.9786237979 0.3702431
3955.8292005122 0.1850549
3956.4573053224 0.4366154
3957.0776697060 0.3638955
3957.4601619737 0.8778974
3957.7999652752 0.6041317
3958.1671679159 0.6846435
3959.0532478420 0.4884752
3959.3309797027 0.8625188
3963.9759423708 0.7575575
3964.8092580944 0.5276147
3965.3940765986 0.7802700
3967.1873572471 0.5172262
3973.2909683475 0.4436840
3973.6946667932 0.3462778
3974.6772382298 0.5842716
3974.8278975033 0.6682967
3975.5108045305 0.1654693
3975.8635975651 0.5238625
3976.3316645093 0.2593109
3976.9731328670 0.2311555
3977.2123085280 0.1700793
3977.5154916371 0.2415344
3977.7903231662 0.7085120
3977.9837786241 0.4280308
3978.8702419918 0.6621562
3979.4682808038 0.1617062
3979.5860271006 0.3221552
3979.7874393279 0.5433131
3980.6464368666 0.7077663
3980.9187368708 0.2994352
3981.1191995921 0.1445069
3981.7548531928 0.2389362
3981.9390852181 0.1398375
3982.2284792972 0.3061391
3982.3601716770 0.3487350
3982.5846364863 0.2203303
3982.8919890651 0.8448845
3983.1149573646 0.2881400
3983.6086153431 0.9357613
3984.0291689477 0.1171855
3984.1318255886 0.1645732
3984.3324756232 0.2189325
3984.4808279244 0.1621727
3984.6679861771 0.1573557
3985.0623186789 0.7506583
3985.2810965876 0.2229633
3985.4627448227 0.6136693
3986.0669308066 0.2428302
3986.5264698169 0.5295549
3986.7097127399 0.3532012
3987.3025892660 0.5451749
3987.8775962988 0.6049582
3988.2426708600 0.4091570
3988.5874507330 0.1204358
3988.7355093218 0.2922249
3989.1100593992 0.4190969
3989.6364730707 0.1398316
3989.8201764979 0.0871188
3989.9623273253 0.1240353
3990.1158936436 0.2822314
3990.7020371853 0.2918016
3990.8905307646 0.8568747
3991.2471760021 0.1722846
3991.5034984638 0.4934835
3991.7010832880 0.5284759
3992.2460190855 0.7018088
3992.5544103457 0.1031274
3992.6676922871 0.1083892
3992.8129885187 0.6603765
3993.2392144808 0.1085893
3993.3742000204 0.2941048
3993.5126987776 0.2078300
3993.7714504575 0.2076748
3993.9527003991 0.6641515
3994.2193347584 0.2287208
3994.4198320268 0.1031049
3994.7356903315 0.1103191
3994.9252441428 0.1585643
3995.1013488421 0.4909250
3995.2468338553 0.5089051
3995.6670614980 0.4098155
3995.8074558724 0.4410467
3996.0372550253 0.1115981
3996.4426648204 0.8031141
3996.8732850606 0.2445461
3997.1136954064 0.5905345
3997.3955455852 0.2864209
3997.7350261755 0.7592740
3997.9200465267 0.1795085
3998.1008586490 0.4664752
3998.2403357961 0.1569303
3998.5230221753 0.6670372
3999.0367435855 0.8172203
3999.1879939883 0.6548600
3999.7708175489 0.8359210
4000.0974038669 0.2343611
4000.3648321946 0.0857176
4000.4774627319 0.4197673
4000.8024276880 0.0662663
4001.1673283556 0.1482515
4001.3850472115 0.4714606
4001.5920509291 0.5763605
4001.9237817148 0.1047542
4002.0423174857 0.0993386
4002.2915245675 0.2326707
4002.5753162132 0.3741003
4002.7959908232 0.6645900
4003.6072772334 0.4613300
4003.8023329331 0.2390501
4004.0540475029 0.2724563
4004.6363143270 0.0779197
4004.9166217370 0.6669678
4005.1459272650 0.0949300
4005.9782493629 0.3335177
4006.3807753117 0.7266114
4006.8333095652 0.2051163
4007.0938872253 0.3980398
4007.2914969168 0.2999199
4007.4462951548 0.5643529
4007.7598851946 0.5079871
4007.8873158738 0.3184695
4008.1305508552 0.2632509
4008.4108763965 0.5881808
4008.6245538572 0.1072496
4009.1892765558 0.4880840
4009.7269592124 0.1042212
4010.0667607747 0.9180622
4010.2781245433 0.2557994
4010.8046850381 0.8705329
4011.2993222346 0.2557187
4011.7197005918 0.3666226
4011.9016200501 0.3274151
4012.0649225747 0.2987545
4012.2276124495 0.2196146
4012.5443317168 0.4929231
4012.6633997652 0.2292885
4012.8483108862 0.4732142
4013.1443169231 0.1660379
4013.2826727013 0.2602518
4013.3870275161 0.3526798
4013.5179526930 0.6723366
4013.9274404410 0.2780022
4014.2173258209 0.0738956
4014.3686874581 0.1676637
4014.7410724843 0.6963484
4014.9417619104 0.6809011
4015.4032751957 0.3950677
4015.6595416543 0.7561026
4016.0452706802 0.2344103
4016.3768871181 0.0882139
4016.5087928838 0.5863861
4016.7395054272 0.4437188
4017.4139440646 0.4444184
4017.5545314898 0.5201851
4017.9426635185 0.1291709
4018.0990280768 0.2689417
4018.2792094386 0.6457264
4018.5999093688 0.3935658
4018.9090201113 0.5940722
4019.2347393344 0.8368124
4019.3985329553 0.5821236
4019.9606348294 0.0612402
4020.1852207870 0.3642483
4020.4316049612 0.4272294
4021.2032535082 0.3200638
4021.5288010114 0.8554979
4022.0381184893 0.8464805
4022.2445323912 0.1020015
4022.4678731668 0.1846747
4022.7507070802 0.4769056
4022.9895717535 0.7760599
4023.3703088635 0.3793617
4023.5763595022 0.2284929
4023.8759730129 0.4108536
4024.1415072578 0.1590444
4024.3381975513 0.1967102
4024.5295502000 0.3651656
4024.8220244268 0.8959760
4025.1232993741 0.3130624
4025.2368038383 0.4923655
4025.4569592958 0.1397395
4025.7145203597 0.9069908
4025.8651189090 0.7297192
4026.0464876203 0.1817615
4026.1491703169 0.2733746
4026.2588138728 0.5383272
4026.5699219930 0.2643044
4026.9562017106 0.2819561
4027.3097718001 0.5329144
4027.5682820051 0.4534715
4027.6792330338 0.6163983
4027.8899287724 0.1280472
4028.1909349455 0.7412336
4028.6035626038 0.2751482
4028.8035348109 0.1999628
4029.0788188827 0.0948708
4029.4793735078 0.3419143
4029.8960673324 0.2336896
4030.0870845004 0.1426111
4030.7751325244 0.5382318
4031.0273525411 0.2077653
4031.1788883206 0.2203692
4031.3271808526 0.4295162
4031.6399789047 0.4453426
4032.3710428798 0.1519327
4032.9036977843 0.5285361
4033.1015103925 0.5177686
4033.6038290595 0.2435210
4033.7691397224 0.5801847
4035.0462816485 0.2859364
4035.6274444030 0.9193153
4036.0269134014 0.2454735
4036.3777154982 0.1369516
4036.8620793422 0.7535510
4037.5169366094 0.2356243
4037.7318505943 0.0838807
4037.9259359743 0.1277429
4038.2575702543 0.2229857
4038.4322380184 0.2602358
4038.8109089667 0.1164132
4039.2506480016 0.1577574
4039.4568699964 0.1439703
4039.7631498610 0.2432204
4039.9296098310 0.4078493
4040.2317395315 0.4009556
4040.4326993218 0.1071134
4040.6966275055 0.0640069
4040.9656724975 0.2608661
4041.0843549772 0.3365448
4041.2315494316 0.3543261
4041.4573258917 0.4000424
4041.7828879117 0.5583714
4041.9273377491 0.2990770
4042.2014323134 0.0482999
4042.5082347901 0.9031866
4042.7897162569 0.3101613
4042.9367327963 0.1075933
4043.0576499119 0.0712419
4043.3844905095 0.2388499
4043.7535827554 0.1557917
4043.8917609348 0.1065476
4044.0441960021 0.1271648
4044.4840179735 0.0842336
4044.7177296633 0.2346987
4044.9128147534 0.1362495
4045.0416050791 0.4842891
4045.2833098697 0.5465551
4045.7499745835 0.5089204
4046.5347441388 0.3543726
4048.3518485290 0.3250582
4048.7778610915 0.2609662
4048.9412078970 0.6403430
4049.8942240263 0.8311556
4050.1398896602 0.1122244
4050.4803842435 0.4671009
4050.6947507331 0.1049265
4050.8873061092 0.1243580
4051.1697109526 0.1272982
4051.4680654677 0.1626407
4051.6296642789 0.2201417
4051.8196086733 0.2865056
4052.0988896715 0.2934287
4052.3255769656 0.0942317
4052.4931179317 0.4019311
4052.8746918935 0.0646791
4053.0504639529 0.5033162
4053.4425478948 0.3988225
4053.6049177697 0.5501526
4053.8439639182 0.4540630
4054.0771067032 0.3244198
4054.4115654765 0.4794721
4054.5669559270 0.1227428
4054.9719009864 0.4230219
4055.3253623716 0.3892753
4055.6925661018 0.8377323
4055.9820230284 0.5855945
4056.1670493717 0.8325502
4056.3587968932 0.1226700
4056.6930931388 0.8665842
4056.9935726402 0.0677471
4057.1356643550 0.1476368
4057.3361628665 0.1827949
4057.4928980417 0.3130561
4057.7249521574 0.1552850
4057.9379984917 0.0795362
4058.2125397810 0.2736205
4058.3469479872 0.5674324
4058.4945554759 0.4646837
4058.6489371366 0.5666907
4058.9670547153 0.3765869
4059.0935552437 0.3465284
4059.3429072363 0.7495402
4059.6081331615 0.0473321
4059.7433573923 0.3222092
4059.9046090913 0.6252100
4060.0685893041 0.8003826
4060.3633820745 0.1014215
4060.5230173513 0.3280766
4060.8638960376 0.4597401
4061.1029401467 0.1242675
4061.2247061883 0.3242652
4061.4136677472 0.8173960
4061.6298141775 0.0918027
4061.7630579019 0.1033607
4061.9124341565 0.1614383
4062.2419880634 0.3873142
4062.5627133315 0.1091089
4062.6793980751 0.1282137
4062.8734899378 0.4068362
4063.1038658124 0.2329366
4063.5920507490 0.6485370
4064.4318504996 0.2236053
4065.3583996491 0.5645835
4065.6006792314 0.4333790
4066.2443307377 0.7274361
4066.5337767408 0.4314834
4066.7341015889 0.2125248
4066.8543760747 0.1510132
4067.1484772068 0.0529994
4067.2731137441 0.1657961
4067.5155871800 0.6755044
4067.7413461335 0.5173462
4068.1169407279 0.7159203
4068.4227139361 0.6851981
4068.6381427782 0.1314077
4068.7514571545 0.1196813
4068.9106559556 0.2400268
4069.1350324493 0.6897725
4069.5520311998 0.1421507
4069.6920244468 0.3611942
4069.8085210264 0.1150606
4070.2136147838 0.2622870
4070.7534595087 0.1834482
4071.4266815329 0.5651504
4071.9225791132 0.5236256
4072.3506334037 0.1050818
4072.6766343627 0.2152056
4072.8919113808 0.6491967
4073.6521347088 0.2196005
4073.8523194292 0.3209823
4074.6395503087 0.1716305
4074.7646386701 0.0790105
4074.9151256877 0.5611250
4075.5001339965 0.2937555
4075.9401655107 0.5579018
4076.0552725513 0.2726370
4076.2539529711 0.2518930
4076.3888553718 0.2016763
4076.7006312267 0.0674229
4076.8590368582 0.0734042
4077.0923990045 0.3611595
4077.2712246299 0.2218266
4077.3780697294 0.4035590
4077.5142390027 0.6579151
4077.6492731390 0.5538722
4077.7812892357 0.5813358
4077.9464081650 0.3131608
4078.2455831554 0.3277031
4078.5121074619 0.5248342
4078.8719020370 0.8164393
4079.1119009531 0.3174523
4079.5052849798 0.6536684
4079.6273286582 0.8346198
4079.9687525083 0.1671123
4080.1935519883 0.3057905
4080.3926169938 0.7924837
4080.5650444085 0.7874235
4080.8659147875 0.5645461
4080.9911084313 0.6608211
4081.3641401463 0.5987977
4081.5988902824 0.0538554
4081.7403050921 0.2190907
4082.0305187642 0.5065820
4082.3790357958 0.5528255
4082.6066965280 0.2042784
4082.8894808173 0.1615109
4083.2628500550 0.4907373
4083.5977462844 0.8296536
4083.7505135070 0.3348333
4084.0940258924 0.8449766
4084.3629137973 0.1348510
4084.7861563617 0.5552951
4085.1717397006 0.0955025
4085.6473899741 0.5982452
4086.1608877551 0.6831722
4086.4489872018 0.7178785
4087.1338806070 0.2987262
4087.2776898683 0.1454037
4087.4547279072 0.6660727
4087.8625394707 0.3528639
4088.0896852259 0.2577519
4088.2542767278 0.5521324
4088.8015258116 0.0801307
4088.9467221274 0.1095200
4089.1406325746 0.2041341
4089.4504627649 0.2053821
4089.7129854126 0.4290805
4090.1379976142 0.0641999
4090.3766901752 0.5304011
4090.9836119066 0.0314579
4091.2303961069 0.4401115
4091.4630574206 0.2955030
4091.7209664539 0.8098409
4091.9284825560 0.0622786
4092.1171039122 0.5496218
4092.7100302664 0.5343201
4093.1230694116 0.3472498
4093.5465148421 0.7784244
4093.8420232316 0.8749053
4094.1972480447 0.0843448
4094.4239991655 0.0456544
4094.6404009372 0.3522910
4094.7679751149 0.0982689
4095.2020132628 0.0367041
4095.4349010616 0.0747204
4095.5724928925 0.2450377
4095.8360918719 0.0644482
4096.0931227122 0.7894490
4096.4170871361 0.1725393
4096.6364243690 0.7860373
4096.7978634243 0.3686842
4096.9163102341 0.4041200
4097.1433755510 0.7658982
4097.3730715669 0.5812179
4097.7007929370 0.3334140
4097.8429866447 0.4192732
4097.9539113759 0.4021978
4098.0976638819 0.4567757
4098.2385108073 0.3795479
4098.3823059948 0.5145370
4098.6098025165 0.5375257
4098.7991998437 0.4248680
4098.9813064522 0.1345733
4099.1271911073 0.5171508
4099.3280824844 0.2661265
4099.6915907782 0.8306651
4100.3582583474 0.5563112
4100.5704990576 0.3392660
4100.7608727226 0.1488212
4100.9456603853 0.9421825
4101.1692127279 0.3291585
4101.4187729105 0.1753074
4101.6553545854 0.3908256
4101.7550180606 0.1917778
4101.8954474399 0.8388035
4102.1239344659 0.5443392
4102.2840463091 0.2828228
4102.4033233303 0.5118766
4102.6696140455 0.5400500
4102.8339048534 0.3961480
4103.0414048955 0.3826731
4103.1961193563 0.2728116
4103.3140952375 0.7685332
4103.5306546123 0.5589114
4103.7111767512 0.4393565
4104.0895242304 0.1709743
4104.3847359514 0.5212718
4104.6140905080 0.3970217
4104.7842356409 0.4693731
4104.9697169697 0.1888330
4105.3009997777 0.6753160
4105.4687365206 0.5885291
4105.9289658254 0.3361453
4106.0515471045 0.4670832
4106.3159228642 0.9147694
4106.9843628045 0.6406223
4107.1912747378 0.1033541
4107.4402642702 0.6150646
4107.5846195524 0.4702671
4107.7788407532 0.4502926
4108.1418651091 0.2408020
4108.6506192288 0.7383032
4108.9190208970 0.3450591
4109.0335869394 0.5204386
4109.3115186139 0.5029330
4109.6855711413 0.6960191
4110.0639917534 0.1171031
4110.2101921511 0.7576834
4110.3765556194 0.1253389
4110.5887364268 0.5734479
4110.7451893200 0.3731404
4110.9341535678 0.8579758
4111.1927388589 0.2347251
4111.5030708725 0.2219945
4111.6960734687 0.8733713
4111.8810963753 0.6179575
4112.0246377483 0.5625284
4112.2419110916 0.3848652
4112.9446713745 0.9397046
4113.1379070535 0.3965714
4113.3460232100 0.0713626
4113.5867888978 0.5908823
4113.8743373187 0.9168782
4114.1122541912 0.5599982
4114.4269619764 0.2442121
4115.0176522858 0.1073294
4115.2868172843 0.6085353
4115.6150910249 0.6522005
4116.1022622047 0.5165834
4116.3371882270 0.9529292
4116.5676781577 0.4157224
4116.7086740680 0.5416519
4116.8406825844 0.4679038
4116.9815840602 0.4882088
4117.4047105588 0.4377905
4117.8530373493 0.5549983
4118.1128832114 0.2826363
4118.3159331071 0.1541064
4118.6447332916 0.5271206
4119.0532733137 0.2803722
4119.3453798181 0.4000372
4119.7098704235 0.6404280
4119.9407319762 0.8441877
4120.2486873537 0.4888958
4120.6267932076 0.6498578
4120.8108701164 0.5075846
4120.9617905000 0.0942220
4121.0750936499 0.1319254
4121.1998167313 0.2971560
4121.3773707321 0.7902825
4121.9876368743 0.0852390
4122.2264751898 0.0803140
4122.4876775341 0.9071856
4122.8029537141 0.5288247
4122.9651866430 0.7078238
4123.1880102946 0.2760787
4123.3116277780 0.5012709
4123.6821275063 0.6820071
4123.8840942550 0.6141213
4124.2092293904 0.5242649
4124.4348307214 0.2960894
4124.6692069314 0.9586582
4124.9167733873 0.7191581
4125.2232933980 0.2894688
4125.6513677239 0.2897376
4125.9363517039 0.1056928
4126.0742293252 0.1329322
4126.3773766744 0.1275292
4126.5292270467 0.6447974
4126.7854796810 0.4475137
4127.0478335141 0.5532369
4127.3535291427 0.6099173
4127.6773668150 0.6145130
4128.0370583913 0.4408346
4128.2523834651 0.0818506
4128.4397230071 0.0713678
4128.7793188500 0.6580145
4128.9645088895 0.6170470
4129.2291433636 0.8922276
4129.4668654570 0.4997825
4129.7574103004 0.1143087
4129.8907603787 0.0812914
4130.1167599116 0.3849716
4130.3461539143 0.6344337
4130.6271247208 0.3573395
4131.2001040373 0.5306697
4131.5178430290 0.1597859
4131.7606422760 0.5254990
4132.2951872558 0.4862753
4132.5163409923 0.4901011
4133.2218474405 0.6608108
4133.6925784240 0.3252388
4133.9166939884 0.5145690
4134.0737984143 0.6306149
4134.2918877002 0.2186395
4134.6183498335 0.6874931
4134.7772928718 0.2944008
4135.0154733532 0.6066862
4135.3321578658 0.6446292
4135.4922187477 0.7085491
4135.6542286804 0.8455660
4135.8457869162 0.6980850
4136.0755109631 0.6156949
4136.2153735329 0.1810504
4136.4436937825 0.2955791
4136.8642831857 0.7490571
4137.0886564318 0.1403604
4137.2379557754 0.2296216
4137.5446308692 0.2047123
4137.7006674586 0.7369694
4138.1681447620 0.5591089
4138.4500798543 0.4917401
4138.5809892998 0.3954077
4138.8213013752 0.4769932
4139.0450172417 0.2720450
4139.2819055605 0.0496084
4139.5156606985 0.5484405
4139.6313465654 0.6147408
4139.7978408873 0.1986631
4140.0087464880 0.3105259
4140.2525131608 0.2195907
4140.4154700663 0.1795237
4140.5644408666 0.4908505
4140.7029757222 0.5513408
4140.8797352454 0.1466297
4141.1026105643 0.7378906
4141.4280127430 0.2913438
4141.5774070753 0.4638791
4141.6984495274 0.5275372
4141.8842906517 0.5272151
4142.0984192996 0.1282666
4142.2337401141 0.2157321
4142.4360122352 0.0945637
4142.7039240994 0.2022728
4143.2007341142 0.4721566
4143.4676999717 0.3696854
4143.5946631969 0.3380951
4143.7714105099 0.1518644
4143.9890179820 0.5236812
4144.1189492855 0.2815596
4144.2290449604 0.2861873
4144.5769040609 0.5376309
4144.7912593917 0.1730238
4145.0396504333 0.6463415
4145.3374309400 0.3107021
4145.5132336273 0.3695636
4145.7037808092 0.3953268
4145.8533905317 0.4561388
4146.0296944008 0.4296227
4146.1696334289 0.6428895
4146.4698001230 0.4883974
4146.8393895837 0.4674344
4147.2325104730 0.4033416
4147.3727175923 0.5462586
4147.5337101598 0.5090185
4147.7775724184 0.5102018
4147.8788255579 0.4997987
4148.1585260106 0.3227454
4148.3873332940 0.4387436
4148.5134501510 0.4142642
4148.8439982828 0.7414424
4149.1674660793 0.0623219
4149.3890471599 0.4752457
4149.5649063361 0.5364516
4149.7809830445 0.4202711
4150.0792954389 0.5530989
4150.3721324087 0.2848730
4150.5387929847 0.6057246
4150.9260420834 0.7075190
4151.4455384490 0.6901771
4151.6123857551 0.2327167
4151.7300122389 0.2766489
4151.8706697299 0.4677830
4152.1316142026 0.5872756
4152.2493545366 0.3119553
4152.4213984657 0.4807215
4152.7346692459 0.0319598
4153.0708787700 0.4284038
4153.3477968218 0.7714453
4153.5037401013 0.2861397
4153.7237883657 0.6662756
4153.9387657511 0.2631824
4154.1820830160 0.6153535
4154.5474810446 0.3278645
4154.8088409803 0.4361261
4155.0761779132 0.5863214
4155.2725105525 0.4660730
4155.6743248203 0.6740605
4155.9902389495 0.7426901
4156.2285117848 0.5626023
4156.7752332840 0.5235521
4156.8983506609 0.5115887
4157.0817192635 0.2220265
4157.2541415466 0.3133700
4157.4792670269 0.4415107
4157.6264997165 0.3775418
4157.8462128284 0.3555125
4157.9744325537 0.6791254
4158.1847809708 0.4459410
4158.4040927382 0.3860318
4158.9691507417 0.7903594
4159.2417762776 0.3208463
4159.5743976337 0.4928425
4159.9674578964 0.5878389
4160.3560014557 0.4515933
4160.5947683367 0.4299775
4160.8391661043 0.8144009
4161.1163281126 0.2980171
4161.4531775809 0.2710020
4161.7288961218 0.3274612
4161.9509454714 0.1444795
4162.0823623080 0.4319988
4162.2535390096 0.4697001
4162.3817652298 0.2905050
4162.6971261563 0.5440658
4163.2325856432 0.6600144
4163.6395736261 0.1085056
4163.8377542597 0.1633798
4164.1938245631 0.4721709
4164.6502976137 0.1276224
4164.8268408449 0.7098219
4165.0909539381 0.0599671
4165.3069157758 0.3520284
4165.4937552976 0.2581256
4165.8338399827 0.6080351
4165.9824311457 0.6172205
4166.2418744861 0.3021061
4166.3781815583 0.4507135
4166.5805398406 0.4444611
4166.7371857563 0.4364158
4166.9317455040 0.2079537
4167.1634191140 0.3526251
4167.4973444373 0.6286866
4167.6810451583 0.0738169
4167.8762155972 0.4040689
4168.0293592557 0.2125888
4168.1815165257 0.3135117
4168.4452817128 0.4215777
4168.7050695873 0.4804839
4168.8884442041 0.1662085
4169.0405829900 0.3711705
4169.1370917879 0.4242620
4169.2994079829 0.3750941
4169.6038407363 0.5873419
4170.1184810449 0.4866935
4170.5048110966 0.4614040
4170.6606990071 0.4892392
4171.1890216270 0.2573488
4171.4030796430 0.3045833
4171.7077972748 0.1830895
4171.8517139669 0.2494423
4172.0803682417 0.6658397
4172.2121275558 0.4932004
4172.4786225749 0.0997188
4172.6285208564 0.3480359
4172.8775728916 0.3534943
4173.0701817746 0.3701349
4173.2174690818 0.6053756
4173.5287076969 0.2521382
4173.8028972760 0.3692981
4173.9279830812 0.5339146
4174.1442517305 0.1090155
4174.3186027964 0.1922722
4174.4847489607 0.6251986
4174.6869633747 0.5865295
4175.1004452676 0.7888124
4175.4492373653 0.1862266
4175.6690584181 0.3262882
4175.8031749632 0.2597176
4176.0917348848 0.6417597
4176.4268216199 0.1532330
4176.5312470482 0.2109672
4176.8173674913 0.7266005
4177.1358595153 0.3261523
4177.2609649981 0.3765507
4177.4795696441 0.2967992
4177.7463273602 0.5829956
4178.0436357697 0.0698067
4178.2346142307 0.4331650
4178.5143810501 0.3996518
4178.7699727090 0.8040156
4179.0815391100 0.3316377
4179.2399859593 0.3402910
4179.4284098916 0.4345765
4179.5734857442 0.4452598
4179.7012347021 0.3083233
4180.0352906437 0.2085791
4180.4341807218 0.3437312
4180.5814117005 0.7701647
4181.0406445280 0.2380510
4181.1927569376 0.1103276
4181.5817087415 0.2730961
4181.6960637675 0.3083439
4181.8472544259 0.0955578
4182.3779705575 0.3997910
4182.5808721009 0.5021318
4182.7222310410 0.4085111
4182.9359722781 0.4635936
4183.1488024865 0.2939779
4183.3477939951 0.1899372
4183.5672799299 0.6348152
4183.7625947645 0.6673864
4183.9393320360 0.4785714
4184.1912741555 0.2655728
4184.3717066668 0.2682750
4184.4823443295 0.3821432
4184.6483075254 0.3075096
4184.8445645784 0.3579267
4185.1732814592 0.4083050
4185.4597230406 0.4923227
4185.6312737933 0.1242405
4185.8235494628 0.3289005
4186.0735848048 0.7016003
4186.3401894438 0.3778941
4186.5548399539 0.4241412
4186.7363564620 0.0706148
4186.8748822722 0.1489150
4187.3020293088 0.7938752
4187.5171048016 0.1424011
4187.7962703380 0.1414855
4188.2221740507 0.6075966
4188.6241262608 0.3422931
4188.7695721580 0.3430893
4188.9824779333 0.5993348
4189.2950350823 0.2295545
4189.4965512501 0.0638409
4189.9056273821 0.5491427
4190.1676068835 0.2454725
4190.2912394191 0.2689983
4190.7388518133 0.3475663
4191.0216081369 0.7502595
4191.1642035482 0.1937418
4191.4273640813 0.4912974
4191.8923752731 0.7586144
4192.3432655813 0.4355139
4192.4687614774 0.2991650
4192.6110624126 0.6479372
4192.8574537781 0.4204162
4193.2919496673 0.1971195
4193.6070220439 0.3707799
4193.7521887320 0.3433878
4193.9173768133 0.3685222
4194.0977506791 0.1150279
4194.3260557513 0.0936376
4194.4648720037 0.2812048
4194.6426693041 0.5197783
4194.8482575065 0.4579820
4194.9901801944 0.1140710
4195.2654682152 0.3591709
4195.4067689903 0.1723891
4195.5023712848 0.2098513
4195.6686661582 0.2499634
4195.8079773515 0.4209543
4196.0238259274 0.1294334
4196.1585419953 0.2510232
4196.5037925955 0.7390251
4196.8013608348 0.4238704
4197.1231993631 0.2291335
4197.3957519995 0.6658343
4197.7345289434 0.5599622
4197.8528552819 0.2721215
4198.0885886081 0.0868091
4198.2788739690 0.4887340
4198.4221336204 0.5514474
4198.7832804262 0.4623535
4198.9043246587 0.3051767
4199.4795177926 0.5573977
4199.8126569311 0.5514196
4200.2852571163 0.6428370
4200.5770654605 0.4525340
4200.8166193428 0.2746068
4200.9183600311 0.2671394
4201.1676668032 0.7188132
4201.3696801750 0.4791279
4201.5178255811 0.1704473
4201.7415109305 0.3111290
4201.9559915046 0.4519994
4202.1076476624 0.5752390
4202.2483761228 0.2783658
4202.4132231525 0.2470935
4202.6515674498 0.3385408
4202.8528290760 0.2927068
4203.2164032178 0.6592770
4203.9390308172 0.3329593
4204.1568934915 0.2913902
4204.3460901631 0.4577554
4204.6446667202 0.3356432
4204.7632465599 0.7423750
4205.1604565129 0.7872128
4205.3901830923 0.4417526
4205.6797269705 0.4016155
4205.9179370770 0.5247008
4206.2200242781 0.4529437
4206.4987635920 0.1812769
4206.7261427471 0.5493507
4206.9227823248 0.4131245
4207.0952289033 0.1242870
4207.4520020288 0.3251623
4207.7419892667 0.4361798
4207.8840080901 0.8249459
4208.1427622715 0.3005146
4208.3165320284 0.6682740
4208.4846178138 0.1995486
4209.1164320494 0.1494516
4209.4368156980 0.3472200
4209.7800361710 0.6632651
4210.1914311282 0.5052971
4210.3548197724 0.0417562
4210.5517093197 0.3730709
4210.6885206786 0.0777864
4210.8295254681 0.1833711
4211.0445138764 0.7203052
4211.3871288636 0.3250241
4211.5422076278 0.7010392
4212.0533698457 0.2613038
4212.3155418701 0.0454621
4212.5323272819 0.3611740
4212.7860261230 0.0873299
4212.9142351155 0.4851957
4213.0774006837 0.2505055
4213.2451596277 0.1410623
4213.3818455056 0.2214123
4213.5840564130 0.0500021
4213.8274851098 0.3771738
4214.0577712272 0.1186897
4214.1851156037 0.4530795
4214.3358381168 0.3793953
4214.4652064948 0.3546523
4214.5972384721 0.4186010
4214.7285522509 0.4881157
4214.8390508660 0.6418231
4215.2840579878 0.0627070
4215.5423414262 0.0837742
4215.6629918766 0.1010397
4216.0944120039 0.2036527
4216.2455797355 0.2567967
4216.7217112710 0.7867095
4216.9705368387 0.2039322
4217.1712894574 0.2326722
4217.3769057630 0.5917981
4217.7789577950 0.2228606
4217.9602395532 0.0591367
4218.0826185690 0.3075493
4218.2262332995 0.1537727
4218.3880945000 0.3954273
4218.7440002602 0.6822882
4219.4402894576 0.1515645
4219.5664330527 0.1968496
4219.9052781263 0.4776168
4220.0582722106 0.2366026
4220.3946679421 0.2760030
4220.5639714884 0.6917036
4220.7948906305 0.2402924
4220.9299464462 0.0481465
4221.2307473347 0.2248014
4221.5337813800 0.5334093
4221.8335835974 0.0557167
4222.0430189509 0.2790856
4222.3955187140 0.2493054
4222.6470230128 0.0988003
4222.7613930491 0.0967937
4223.4050974163 0.5839251
4223.7938533609 0.1868499
4223.9233947910 0.1948774
4224.0588743603 0.2041468
4224.2095760762 0.1289064
4224.4479716059 0.1503682
4224.9143226751 0.1143874
4225.3641925484 0.3310366
4225.7029950817 0.1319184
4230.7118349663 0.1952616
4230.9474160454 0.3106073
4231.1419254502 0.1213795
4231.4506617393 0.1245881
4232.1522886069 0.1671738
4232.3736219966 0.0627087
4232.5851254153 0.0842485
4232.7300396985 0.1556185
4232.9099197736 0.1517443
4233.1296864728 0.1281281
4233.4170028104 0.1012513
4233.6408097112 0.3649831
4233.9208027666 0.6749004
4234.1392337262 0.2925754
4234.3381193235 0.1957379
4234.5436816244 0.1659222
4234.7988525328 0.6196988
4235.1923701820 0.4417995
4235.7203405103 0.5574455
4236.0748921687 0.2344667
4236.3407034635 0.4871417
4236.4840226208 0.5034794
4236.8329310986 0.2686016
4237.1354469537 0.5785961
4237.7910466455 0.0989788
4238.0429275444 0.1581989
4238.1558455590 0.1073740
4238.2727568824 0.4241532
4238.6674986706 0.1741150
4238.9618301293 0.2365709
4239.0890766475 0.3848616
4239.2195263070 0.6033072
4239.6012690733 0.1448077
4239.8230901300 0.2296451
4240.0079634934 0.5472863
4240.1487261121 0.2889666
4240.5294480022 0.5618024
4240.9245178313 0.5105105
4241.0412507496 0.4943593
4241.3960108230 0.0609191
4241.6482389080 0.6252108
4241.8956571901 0.3452680
4242.1297063112 0.2762838
4242.2582997153 0.4962055
4242.3725580246 0.6401709
4242.8660740042 0.5876890
4243.1055237650 0.0530761
4243.3648245600 0.5337446
4243.6334695896 0.5622526
4243.7948726523 0.4547106
4243.9265180592 0.4055074
4244.1790738237 0.5636298
4244.5704264143 0.3134151
4244.8274459322 0.5022421
4245.0314547466 0.3536632
4245.1815890207 0.5123345
4245.6998008245 0.1457520
4245.9027527323 0.0285809
4246.4715520357 0.5223042
4246.6979076418 0.3386997
4246.8328258004 0.2415021
4247.2817002759 0.5286890
4247.6888618456 0.5553408
4248.0282514543 0.8594905
4248.6295030587 0.6457149
4248.8998497429 0.2321241
4249.1645074532 0.4638778
4249.4223260773 0.5903748
4249.5922146540 0.4999796
4249.9151949457 0.2815578
4250.1383881653 0.2238700
4250.3103236103 0.4107349
4250.7716168365 0.3681830
4251.3200171462 0.6304224
4251.9872149650 0.6220451
4252.4999853383 0.2944888
4252.8182986690 0.3228437
4252.9472141051 0.2230373
4253.0761451655 0.2760188
4253.5016857362 0.5375350
4253.6806651548 0.0997812
4253.8537283995 0.1829059
4253.9989242133 0.1485149
4254.3728934678 0.2478113
4254.6767902043 0.1048245
4255.5384299178 0.7115052
4256.1471770357 0.1440140
4256.3212181495 0.1957886
4256.6996063697 0.2984038
4257.0494635848 0.3497129
4257.2250083945 0.4688265
4257.3876975669 0.2525108
4257.5158754525 0.1388924
4257.8045748413 0.1689841
4258.0055461220 0.1483964
4258.2555810333 0.2426294
4258.4029934930 0.2077577
4258.5384012287 0.2650960
4258.8590230462 0.5190502
4259.2340467675 0.2393695
4259.5170391896 0.7833117
4259.8117354472 0.3591976
4260.0158811940 0.1656719
4260.1530242869 0.4388750
4260.2896552253 0.1504632
4260.5122232630 0.5174850
4260.7060073182 0.3665258
4260.9068315433 0.3287352
4261.2156331692 0.4823319
4261.3313484828 0.2616024
4261.6776376791 0.6126659
4261.9317267506 0.2449064
4262.1926232511 0.4043927
4262.4120243889 0.1008441
4262.5374465038 0.3535151
4262.8299086991 0.5094431
4263.1825417651 0.1590188
4263.3296044567 0.3834867
4263.6489338227 0.5788217
4263.9063437494 0.1832058
4264.0261174211 0.2580224
4264.3339262313 0.7114827
4264.5809576518 0.6421033
4264.8099233457 0.1005300
4265.1687295074 0.1712299
4265.2730748259 0.0586180
4265.4075745480 0.5049115
4265.6562526126 0.6296195
4265.9427424934 0.3856837
4266.4586897097 0.5432584
4266.7331994336 0.0548775
4266.8965570299 0.7035204
4267.1224257928 0.5069536
4267.4024681915 0.4383776
4267.7568518461 0.3857547
4267.9399926719 0.1076042
4268.1691552716 0.6213214
4268.3142516604 0.6761289
4268.5789038466 0.2947281
4268.7858915798 0.2332483
4269.0281778392 0.6119198
4269.2236245301 0.2231841
4269.4253180128 0.1268478
4269.6177332574 0.1565115
4269.9407575051 0.7040890
4270.1154069316 0.1190788
4270.3648510738 0.3337334
4270.4995650358 0.0960039
4270.7282615461 0.0995847
4270.9456903555 0.2048247
4271.1404401853 0.1535782
4271.3378457531 0.3941711
4271.5093244076 0.1032559
4271.7476273637 0.4952318
4271.9843003717 0.1240697
4272.3600686048 0.5580142
4272.9674838971 0.6471717
4273.6300773727 0.4590417
4273.7938985868 0.3860556
4274.1083276827 0.2282865
4274.3366794167 0.1786941
4274.5025911408 0.2314659
4274.6863598082 0.0982869
4274.8431438437 0.0997260
4275.0783824386 0.1912063
4275.8044706194 0.3141307
4276.0052355950 0.7282545
4276.8910016572 0.1344343
4277.1382785786 0.2227699
4277.3022343411 0.1352650
4277.4528198496 0.2105878
4277.6337284280 0.5830924
4277.8601017763 0.3943614
4278.1599916976 0.4130749
4278.4650768848 0.1453364
4278.5920484776 0.2075077
4278.7512186535 0.6535387
4279.1719269420 0.0415426
4279.4322507657 0.5009180
4279.7454797655 0.0700844
4279.8705654635 0.1174133
4280.0020952753 0.3965070
4280.2087569053 0.2321313
4280.5106258104 0.0237326
4280.6926754717 0.3882680
4280.9205864878 0.4240750
4281.0794992480 0.3921318
4281.2436466042 0.2376436
4281.4167407722 0.0987797
4281.6943768696 0.5068889
4281.8302048224 0.4761013
4281.9953045296 0.2859353
4282.2979820501 0.5227936
4282.5773674286 0.7625155
4282.7880893586 0.2415745
4282.9166067106 0.0933652
4283.2104492302 0.3380974
4283.4133089442 0.3179384
4283.6113682066 0.6721205
4283.9064358393 0.4433500
4284.2194605328 0.8438032
4284.6171331180 0.1116555
4285.0145101963 0.6653710
4285.2599809235 0.6105039
4285.4335528908 0.2360989
4285.6087997285 0.2851388
4285.9050760720 0.4832620
4286.1943587875 0.6789705
4286.6523511436 0.4565096
4287.0041870743 0.5156764
4287.2148906244 0.8352290
4287.6496765323 0.4264961
4288.0752521500 0.3974308
4288.1943333949 0.2563578
4288.3056151595 0.5254285
4288.6147462465 0.8677303
4288.7824549954 0.5453766
4289.0827290948 0.4380944
4289.3677483643 0.7153718
4289.5772989438 0.1505522
4289.9472098617 0.0611255
4290.2831667538 0.6773346
4290.5739526511 0.7655303
4290.9282922072 0.7506264
4291.4252616418 0.4316918
4291.5854507262 0.3844199
4291.7628628388 0.2888243
4292.1368748391 0.8027642
4292.3513485060 0.4511941
4292.6741086027 0.7994020
4293.0597072010 0.5958448
4293.3390979165 0.4905619
4293.4963977529 0.4751126
4293.8780710609 0.3829946
4294.3164536595 0.2762808
4294.5283852705 0.0659211
4294.7595092778 0.2798058
4295.0158333110 0.1753646
4295.3390609551 0.6029953
4295.8162128705 0.1909070
4295.9883549914 0.4321721
4296.2359702565 0.1717917
4296.4247003792 0.2687797
4296.9623601768 0.8281229
4297.3158040691 0.3502281
4297.9924788014 0.2737173
4298.1423724942 0.1164310
4298.2501430613 0.3823989
4298.7393509740 0.2842017
4298.9116494785 0.4586984
4299.2284434975 0.7079244
4299.4009511775 0.1933119
4299.8773220876 0.8078851
4300.1995181486 0.8098773
4300.4398403313 0.6085485
4300.8439536936 0.7553618
4301.0492211694 0.0429294
4301.2564317163 0.6751024
4301.4189831301 0.0786781
4301.5379613861 0.0934725
4301.7684116646 0.8730600
4302.0397414630 0.1565258
4302.2913751825 0.7084108
4302.6937181031 0.0420384
4302.8253417152 0.1747094
4302.9456866015 0.1058811
4303.1571548400 0.6023107
4303.4061108068 0.3146444
4303.7401665024 0.8065141
4304.0901984798 0.0684555
4304.4331867255 0.2186966
4304.6377433781 0.1775712
4304.7916640851 0.3974285
4305.1242696216 0.4271100
4305.4434048364 0.2819085
4305.6037136739 0.2200425
4305.7622994484 0.4592364
4305.8957999562 0.1404511
4306.0511415378 0.3402182
4306.3363429701 0.2263356
4306.6659909315 0.5544558
4306.9381024323 0.3627125
4307.1262236753 0.7983873
4307.4197280628 0.7000230
4307.7947102584 0.2308324
4307.9203443588 0.0824874
4308.1455604683 0.3034215
4308.3895013225 0.5093319
4308.9571702655 0.7228128
4309.1155365650 0.6839301
4309.7190017444 0.3077189
4310.1042588868 0.1099607
4310.2553171652 0.3241662
4310.5940158536 0.5306649
4310.8312597195 0.2616405
4311.0118443041 0.6431715
4311.3143660890 0.2154715
4311.5827485856 0.4174410
4311.8868286612 0.4145351
4312.1985548284 0.1571157
4312.3793420375 0.2922155
4312.6747577856 0.1532233
4312.8545178750 0.2517025
4313.0907122176 0.0613360
4313.3339493229 0.2659195
4313.5244816162 0.3606050
4313.7657860137 0.4090109
4314.0776184718 0.5581849
4314.2495297981 0.2913205
4314.8555198074 0.2776634
4315.0984955761 0.1677159
4315.2944854466 0.7708451
4315.5610697856 0.6910196
4315.7172294601 0.1557428
4316.0186305475 0.7564249
4316.1888873503 0.4818606
4316.3040314768 0.7017016
4316.6283611361 0.5411496
4316.7927798038 0.0817413
4317.1438453365 0.0412365
4317.2806610240 0.0417956
4317.5349930529 0.0297518
4318.0149434187 0.2709777
4318.3113165271 0.0947474
4318.4427758265 0.0672978
4318.6541114169 0.1194260
4318.9223178871 0.0565155
4319.1804275918 0.0454972
4319.3922871809 0.0692070
4319.8672757560 0.8288140
4320.5258595976 0.0403054
4320.6608750039 0.2283118
4320.8466648168 0.3026472
4321.2098323001 0.0400551
4321.3423999730 0.0493404
4321.5774115947 0.1686673
4321.7025776007 0.4990357
4321.9528924685 0.7800302
4322.1671607842 0.4254440
4322.4453979479 0.1565792
4322.6096116866 0.1752503
4322.8668320321 0.6273447
4323.0073156285 0.4681647
4323.3263682606 0.1568220
4323.5480304829 0.0326471
4323.7223802489 0.0636236
4323.8940777274 0.0366240
4324.0355947764 0.1408668
4324.1787165576 0.2342449
4324.4609600181 0.1256318
4324.6631222217 0.2897743
4325.0827205377 0.1639589
4325.3925093761 0.1557865
4325.6291720069 0.0719435
4325.8330395403 0.1928291
4326.2046510743 0.5783735
4326.3452239866 0.3123399
4326.9823922256 0.6900154
4327.5708007685 0.5902337
4327.9709351298 0.3807656
4328.1796970033 0.3948924
4328.3178684452 0.4954518
4328.9790725642 0.1176829
4329.1281961981 0.4364581
4329.3768531191 0.0857929
4329.8194268299 0.1179644
4330.0492224893 0.0685936
4330.2414008918 0.0660092
4330.4855541793 0.1066084
4330.6092865538 0.1843856
4330.7757274151 0.1057410
4330.9649762175 0.1100074
4331.2421061323 0.8955103
4331.4584505642 0.1584845
4331.5675206815 0.0473454
4331.9166137314 0.3454345
4332.1693213317 0.3469569
4332.6417670684 0.1544548
4332.8609278129 0.6216832
4333.0067735072 0.5014336
4333.1607566527 0.1584182
4333.3755781460 0.1057918
4333.6574550432 0.1033488
4333.7854146819 0.1933962
4334.0395948220 0.8529547
4334.4109327693 0.0721932
4334.5622468736 0.0348638
4334.9746259209 0.2776392
4335.3150757324 0.0988905
4335.7625103755 0.0733228
4335.8857987864 0.0841579
4336.0461466889 0.5619652
4336.2947141450 0.0762096
4336.4941306081 0.1566511
4336.6607248547 0.0621633
4336.8172888922 0.0885893
4337.0120650648 0.0401333
4337.1347088869 0.0282148
4337.3401911570 0.0389273
4337.5095230347 0.0422881
4337.6503762087 0.0580257
4337.8453354803 0.0864630
4338.2688754212 0.6720662
4338.7791763338 0.8375635
4338.9945655125 0.0977551
4339.1367915388 0.6800288
4339.4794982314 0.5591167
4339.6726460080 0.2246592
4340.0008781225 0.1921950
4340.3327752019 0.0864251
4340.6714202476 0.8249820
4340.9352415936 0.8366330
4341.2173802002 0.1768526
4341.3499345529 0.4510915
4341.7171243422 0.2174264
4342.2216944854 0.9595930
4342.4583350004 0.0860174
4342.5823865963 0.4044040
4343.0745465957 0.1855881
4343.4248597868 0.2107617
4343.6499170148 0.1071748
4343.9079469306 0.0359751
4344.0490077137 0.1636126
4344.6972142642 0.1001365
4344.9209126961 0.4686331
4345.1720409371 0.2080367
4345.5092176345 0.4772304
4345.7287579730 0.8152307
4346.0997151417 0.2089354
4346.3199696488 0.2158258
4346.8455213756 0.0969006
4347.0987687667 0.0317676
4347.3276004823 0.4968093
4347.5221614084 0.3065847
4347.7875612188 0.5210823
4348.0444970319 0.5066278
4348.4584826698 0.7046099
4348.7392083151 0.2478185
4349.0782939909 0.4986460
4349.5516657412 0.2346362
4349.9353154877 0.0315661
4350.1617517559 0.4802363
4350.5345304623 0.0885924
4350.7411840544 0.0853988
4351.0010806105 0.0489011
4351.2241402812 0.1101204
4351.4622545547 0.1349730
4351.8075282038 0.0978184
4352.0396421687 0.2906900
4352.2751858565 0.8483343
4352.6250127355 0.0416324
4352.7733779673 0.5167951
4352.9908780767 0.7404289
4353.1314190393 0.5262094
4353.9591404308 0.7046803
4354.0993550883 0.8776211
4354.3510648337 0.2128067
4354.4837173009 0.1987889
4354.6278933814 0.2124281
4355.0645854596 0.2535349
4355.2861268352 0.3991953
4355.4831021245 0.1737502
4355.8317078576 0.3514530
4355.9795229670 0.0891225
4356.3073717270 0.7456709
4356.5146650233 0.1936228
4356.9122308962 0.1635228
4357.1727599968 0.6743340
4357.6364332129 0.1998627
4357.8155277476 0.2828866
4357.9785193235 0.2610784
4358.1224160629 0.1570172
4358.5277603966 0.1029229
4358.7341232802 0.2468595
4359.2127670409 0.0750690
4359.3834339684 0.2408934
4359.7325092418 0.6011767
4359.9323003267 0.3157752
4360.1332677614 0.1770052
4360.4071902519 0.0707567
4360.8511505159 0.7926476
4361.2092231404 0.1853893
4361.4957161617 0.1553070
4361.7028964335 0.4723463
4362.0209997372 0.4158205
4362.3399851236 0.2553237
4362.6094368500 0.0857880
4362.9905258770 0.0573989
4363.2863410950 0.2631879
4363.6125457339 0.0899546
4363.7511609069 0.2582116
4363.9625732552 0.1765558
4364.1881991758 0.1369146
4364.3501646066 0.4302118
4364.5859224051 0.2534950
4364.7433518820 0.4173719
4365.2590034600 0.2963443
4365.4096422496 0.2100992
4365.7193802366 0.1168269
4365.8846798665 0.0744671
4366.1134229199 0.0582473
4366.2583054046 0.3656450
4366.4636654921 0.0655820
4366.7558170305 0.1260660
4366.9711446027 0.0990691
4367.1260435052 0.4813886
4367.6888887647 0.1867950
4367.8948459208 0.1386801
4368.1471867195 0.0430125
4368.3060281009 0.3543287
4368.5323529903 0.0579236
4368.8126018277 0.5870383
4369.1336914987 0.7055591
4369.2740279987 0.6188776
4369.5009977489 0.2127199
4369.8458074964 0.2483121
4369.9975317752 0.0619598
4370.1571983854 0.2994949
4370.2973492171 0.0814823
4370.4970325339 0.0802731
4370.7625184169 0.4404313
4371.0038542314 0.5546314
4371.2502715342 0.0459815
4371.3747501401 0.0921508
4371.5223654281 0.0970449
4372.2242061285 0.2534019
4372.5069509882 0.7985902
4372.8234668906 0.0995162
4373.0043752862 0.0850740
4373.4548534537 0.1096267
4373.6355177056 0.4656594
4373.9648407121 0.1581162
4374.0736916946 0.1805780
4374.2173656867 0.2325432
4374.4848130610 0.7507000
4374.7933022228 0.4629995
4375.0438378946 0.1392480
4375.3885135761 0.4857477
4375.6957615625 0.7261105
4376.0444837306 0.2091505
4376.1736878538 0.5893923
4376.4254765672 0.1057459
4376.5618647424 0.3601978
4377.1660396212 0.4516386
4377.7962917088 0.0887914
4378.0067144610 0.4481288
4378.1995283963 0.0391481
4378.4562698865 0.1756770
4378.5859699617 0.2553925
4378.7762705657 0.2763458
4379.0218262109 0.2710434
4379.4861234807 0.2699248
4379.7539571736 0.0505925
4380.2026218282 0.1264487
4380.4600187535 0.9158574
4380.8414232066 0.0465557
4381.0129768056 0.2644314
4381.2957638084 0.1975109
4381.6090792014 0.1524182
4381.7538189394 0.1640130
4381.9531138450 0.1660617
4382.3387049535 0.3311705
4383.4114859925 0.0420304
4384.0042636396 0.1704452
4384.7805648931 0.6477894
4385.4106415376 0.1233475
4385.9465396197 0.8617848
4386.2110021530 0.6944656
4386.4805465051 0.1830547
4386.8929890541 0.1487258
4387.0920990959 0.0590968
4387.2834527450 0.1128876
4387.6721890117 0.1019093
4387.9238147862 0.0350801
4388.0694939560 0.1907146
4388.2914374130 0.1260592
4388.4467615235 0.1305156
4388.6087861789 0.2759432
4388.7302117211 0.2337703
4389.1288731747 0.5584496
4389.3111199570 0.4342717
4389.6427773233 0.5661431
4389.9607574275 0.1159381
4390.0889372795 0.1668626
4390.4812520140 0.8333895
4391.2180822448 0.9157637
4391.6895074894 0.3686249
4391.8287444850 0.0999935
4392.1945164412 0.5230155
4392.5229145735 0.0409633
4392.9877146459 0.5571061
4393.3041012055 0.5861360
4393.5124371937 0.1462909
4393.8177037549 0.2321222
4394.2767727005 0.1471137
4394.5517392013 0.4419388
4394.7571156611 0.1494930
4395.1589868217 0.5324183
4395.2961847024 0.4487923
4395.7363053198 0.0676916
4396.1079677246 0.4339255
4396.2685325814 0.7604939
4396.4648193684 0.8919674
4396.7305127892 0.2570020
4397.0778808159 0.3670253
4397.3660214608 0.0887126
4397.5432353244 0.1387794
4397.8281171115 0.0350337
4398.2054603064 0.1709237
4398.4812591716 0.2089256
4398.9734729990 0.1184591
4399.2589643886 0.4182521
4399.5206820856 0.1322876
4399.7190579060 0.1199970
4400.0790966956 0.0601185
4400.2422391145 0.2019078
4400.5106428141 0.0827215
4400.6741877894 0.1225468
4400.8293896669 0.0549625
4401.0124891740 0.6676608
4401.2092785178 0.0758749
4401.4367077640 0.1626011
4401.6293824542 0.7489013
4401.8110373214 0.8977877
4402.0817046894 0.2740053
4402.2576016101 0.2212375
4402.5306722918 0.4652196
4402.7826327022 0.5456846
4403.5327149376 0.0764094
4403.7506279390 0.0570991
4404.0661658912 0.0398895
4404.4178446357 0.1339391
4404.6056171871 0.2039844
4404.7380568804 0.1312634
4404.9539872007 0.1433550
4405.5143667328 0.3266644
4405.6360251061 0.2846600
4405.9928125492 0.6682739
4406.2584583995 0.3382417
4406.9226453557 0.3331364
4407.3771311223 0.1929317
4407.8799456936 0.9033679
4408.2293774623 0.0331072
4408.4851766910 0.1176731
4409.4377477798 0.8959019
4409.7536340823 0.8787737
4410.3599773381 0.3311208
4410.6010280032 0.0559056
4410.7568711469 0.1929840
4410.8926603766 0.1075770
4411.2709374310 0.1529018
4411.5377539263 0.3130863
4411.7666305649 0.3235975
4412.1961426313 0.1610332
4412.3254380908 0.4083819
4412.8079044619 0.0201402
4412.9407783147 0.0463355
4413.1638561868 0.2844854
4413.3776679075 0.6124756
4413.4966844992 0.6741897
4413.6608418158 0.4541072
4413.9189902801 0.0458520
4414.1130070653 0.0406943
4414.2860806720 0.0753097
4414.4010073565 0.0473320
4414.6469214677 0.0670978
4414.9339808216 0.0487227
4415.0935569522 0.2542772
4415.3524249178 0.1253156
4415.4697651188 0.0779192
4416.1300470748 0.2996956
4416.3664562833 0.6303056
4416.7942808143 0.5411942
4417.7229353976 0.8446831
4417.9227670387 0.1172969
4418.0653248566 0.0888055
4418.5202381397 0.6768969
4418.6677352397 0.2572300
4418.9567855537 0.6596907
4419.2661854709 0.0350446
4419.5798593448 0.3371274
4419.8838761142 0.0702296
4420.0153710981 0.0572749
4420.1731845079 0.1201368
4420.3367023611 0.0954041
4420.4990710617 0.0964346
4420.7398178982 0.0263479
4420.8714676233 0.0560603
4421.0303489352 0.1193372
4421.1766544329 0.6771711
4421.5274183145 0.2081953
4421.7072896687 0.2237847
4421.9110248923 0.1128338
4422.1774935393 0.0227871
4422.3666074299 0.0709597
4422.5662173969 0.0747890
4422.8168496810 0.8550828
4422.9961556273 0.5434642
4423.1764266980 0.1757178
4423.3022796369 0.1476267
4423.4904734360 0.0803206
4423.8136986034 0.6594540
4424.0646005301 0.6941221
4424.1960726804 0.2948167
4424.3868875011 0.3912811
4424.5127629266 0.4757163
4424.8263440538 0.0428905
4425.0845425347 0.3138681
4425.3128754545 0.2616765
4425.5269261703 0.2736082
4425.8083606162 0.2471158
4426.6822231972 0.7491435
4426.9399229889 0.1362696
4427.0658523801 0.4799599
4427.2576275764 0.8442939
4427.6933002877 0.0230747
4427.9456987233 0.0536929
4428.3460713916 0.7413902
4428.5591136646 0.5535094
4429.3336577082 0.0527781
4429.4943126539 0.0293129
4429.7606443742 0.8102264
4430.2012639744 0.0201127
4430.4344402062 0.0649177
4430.7065074195 0.0550735
4431.0357982466 0.8408243
4431.2893165613 0.4148974
4431.4423313745 0.4704027
4431.6106999250 0.6066480
4431.8614887609 0.6882735
4432.2776205705 0.0690531
4432.5335061507 0.4444517
4432.7379583635 0.0622682
4432.8549048903 0.0547605
4433.0836474963 0.2326302
4433.4124309933 0.3949326
4433.6719588649 0.0236989
4433.8235404120 0.5176355
4434.1606408625 0.0237301
4434.4733277680 0.5926375
4434.8129859237 0.3498512
4435.0229880717 0.4878589
4435.2411829596 0.7852926
4435.6135912697 0.2506146
4435.8549745809 0.2330932
4436.2057725454 0.7651876
4436.3961763783 0.6659582
4436.9282662251 0.7502397
4437.3805961069 0.8112603
4437.5971697797 0.5218356
4437.8359119769 0.5101452
4438.1842716218 0.5304707
4438.5611052936 0.0250344
4438.8050947451 0.1581325
4439.0779893170 0.9567922
4439.2867899724 0.0904409
4439.4671387772 0.2470797
4439.5946118327 0.3683608
4439.8670466344 0.0594442
4440.2376282009 0.0507168
4440.4635420089 0.0553339
4440.6643797963 0.0362327
4440.8820648755 0.2347514
4441.1309262340 0.5484231
4441.5927224702 0.7004889
4441.7274393867 0.2752275
4442.0722015994 0.2858679
4442.2245510048 0.1663064
4442.3366595611 0.2152281
4442.5172910531 0.5048738
4442.6657171044 0.0732293
4442.9335260103 0.9197764
4443.2222870605 0.0569873
4443.5889708751 0.6520947
4444.0799114805 0.5824432
4444.2755414282 0.2459172
4444.4416301275 0.7340363
4445.0537759409 0.7166247
4445.4620293586 0.9223368
4445.8060871015 0.3596091
4446.3161955356 0.0295947
4446.5709873939 0.0328781
4446.7220657473 0.6981549
4446.9447730266 0.0482754
4447.0859765767 0.0343845
4447.4874008276 0.0691368
4447.6401504023 0.1849183
4447.8010794337 0.0755121
4448.0927180090 0.4533396
4448.3806814757 0.6110972
4448.6365275644 0.0475124
4448.9694682811 0.6584889
4449.5499556596 0.0262130
4450.3960681590 0.8194147
4450.5764421196 0.0882271
4450.8210944993 0.2635825
4450.9640982666 0.0953350
4451.2178023635 0.1828039
4451.5687163332 0.4214498
4451.7317418404 0.6376629
4452.1477624486 0.7648246
4452.8334642594 0.7257008
4453.2578392928 0.7357012
4453.8608610148 0.1475545
4453.9809452303 0.0563772
4454.2549465130 0.4984503
4454.5677209503 0.7880796
4454.9536231718 0.7047714
4455.6368637323 0.5462435
4456.0282205040 0.7823025
4456.2599891823 0.2970701
4456.5723375001 0.6764130
4457.1410258973 0.7552140
4457.5781608639 0.3315534
4457.8704487634 0.7464110
4458.2881183381 0.3840307
4458.6891182876 0.7903615
4459.0087518001 0.3661444
4459.3359796358 0.4283530
4459.5017855719 0.6027457
4459.7822730220 0.5678331
4460.3738572656 0.6041176
4460.6120751292 0.4383124
4461.0081116239 0.9315197
4461.2732270619 0.0355243
4461.5421282886 0.8703477
4462.0274107518 0.3004682
4462.3319075771 0.3788989
4462.4535750447 0.3858808
4462.6319340038 0.2747848
4462.9078510925 0.6126320
4463.6134486740 0.5820577
4464.0090540504 0.2345387
4464.2405429632 0.1438460
4464.3836881164 0.2371934
4464.6414623322 0.6264297
4464.7879102868 0.5657837
4465.4710489008 0.0417538
4465.7039276618 0.5098472
4465.9317699646 0.6016109
4466.1611652173 0.2428523
4466.3769654545 0.1736933
4466.6072571241 0.3676583
4466.8569779684 0.0310181
4467.0630660647 0.7755103
4467.4120590729 0.1512603
4467.8220698056 0.8015336
4468.1790359480 0.4450552
4468.4541378986 0.0271006
4468.5879465919 0.1138578
4468.8148844692 0.2224376
4469.0958417549 0.0482383
4469.2561626616 0.3213484
4469.7505368498 0.7804329
4470.0157789716 0.1703343
4470.4192486437 0.3354378
4470.6347999294 0.5603098
4470.8079161822 0.2559342
4470.9617296536 0.5417861
4471.3885940283 0.5448440
4471.7372989574 0.4782604
4472.1116321971 0.4440773
4472.4955080046 0.7600775
4472.9351238158 0.4634314
4473.4455272804 0.0665525
4473.6577921221 0.0281838
4473.7848705332 0.0881181
4474.0313525812 0.6035689
4474.2238478685 0.1741413
4474.4050300518 0.0392389
4474.8476528900 0.0155405
4475.0857699525 0.1830121
4475.3012395112 0.3187970
4475.7085287004 0.0254506
4475.8226829534 0.0491150
4475.9773876834 0.4615583
4476.1068845838 0.7003522
4476.5552443087 0.3597772
4476.7552965717 0.1153878
4477.2955065779 0.7488196
4477.8579528314 0.1111769
4478.3162885415 0.1936881
4478.7060624356 0.0785126
4478.9254193532 0.0344620
4479.2765050921 0.3046780
4479.5831719634 0.1155157
4479.9048777426 0.0619190
4480.0620435246 0.0440827
4480.2497579559 0.0247051
4480.4870101260 0.0152716
4480.6328025481 0.1174963
4480.9609550795 0.6147172
4481.2345197702 0.3780766
4481.3955503028 0.4234903
4481.5233433368 0.2071980
4481.8474193141 0.5723096
4482.0820610972 0.1458033
4482.5215724997 0.8252561
4482.8674540212 0.4077667
4483.9666368345 0.7424614
4484.1299178527 0.2541203
4484.6205337222 0.0598393
4484.7358944080 0.0236634
4485.0364144250 0.1492374
4485.1699137366 0.1094571
4485.4818371328 0.5901602
4485.7833307577 0.1406722
4485.9422462855 0.0232245
4486.0851415867 0.0163440
4486.3388968171 0.1970883
4486.9366475880 0.5596616
4487.2267574413 0.1650069
4487.6823549881 0.0197767
4487.8184100656 0.0320128
4488.1738396244 0.1340268
4488.5105753115 0.0514954
4488.6202627324 0.0518142
4488.7533827761 0.1612131
4488.9969956834 0.1295748
4489.3772905549 0.2885103
4489.5311988941 0.1553892
4489.8510686430 0.0310446
4490.1562172881 0.6067201
4490.3508278574 0.7217860
4490.5903740034 0.0717753
4490.7284413437 0.3041087
4491.0016386493 0.8367965
4491.3426172601 0.6587625
4491.8393444677 0.1505781
4492.0440110719 0.5215155
4492.4253453927 0.0703918
4492.6781975520 0.1412594
4492.9170473167 0.4116621
4493.1125063123 0.2706374
4493.3588874047 0.0224377
4493.5667716193 0.3920783
4493.7939701405 0.3810469
4493.9424340661 0.2880818
4494.6500700330 0.1248083
4494.7897861408 0.1474671
4494.9925930569 0.0421968
4495.3167270287 0.1550194
4495.4469217244 0.2713689
4495.8286425830 0.6229708
4496.2626505199 0.3859310
4496.5281175222 0.1029566
4496.6697494567 0.1933577
4496.8307798802 0.1886550
4497.2156502623 0.3494746
4498.1148912322 0.8646367
4498.6538127094 0.0303500
4498.9434761799 0.5860242
4499.2651734244 0.0364707
4499.5417425901 0.0471629
4499.8471559180 0.0400493
4499.9905374763 0.4192878
4500.1548996514 0.5590490
4500.3958323037 0.2295157
4500.7415645131 0.0545267
4501.0810107241 0.0236795
4501.3086653332 0.0308001
4501.5454410596 0.4765925
4501.8808564180 0.1410978
4502.0183686186 0.0617768
4502.3619747894 0.4185366
4502.5339039732 0.7742885
4503.0454705415 0.3630979
4503.2195688284 0.3849994
4503.4797371304 0.5638018
4503.7109160620 0.0511615
4503.8555458722 0.2375538
4504.0155371665 0.0751397
4504.3107062368 0.0463442
4504.4650922422 0.0207344
4504.6231996197 0.0373255
4504.7657548229 0.0252080
4505.0244417858 0.4461022
4505.4808475114 0.0228671
4506.0987000180 0.3681598
4506.2649574377 0.0773364
4506.4904633248 0.0298503
4506.6208134579 0.0563969
4506.7493564441 0.0552035
4506.9821048832 0.1452526
4507.1978761118 0.1002391
4507.3482130404 0.0756884
4507.5977478606 0.2920523
4507.8742675534 0.2802062
4508.1046809674 0.1875411
4508.3767123061 0.2719663
4508.6689991212 0.3099577
4509.1082881764 0.2383489
4509.2914010571 0.2472357
4509.5411949078 0.2857651
4509.8172962325 0.0796371
4509.9456415083 0.0610823
4510.1833092591 0.0486500
4510.5528253609 0.1752286
4510.7105086507 0.4377283
4510.9971170500 0.2708391
4511.2687857865 0.0344749
4511.4331790079 0.0266754
4511.5658953483 0.0477066
4511.8382565581 0.0443725
4512.0895891878 0.0891146
4512.4348299051 0.4261551
4512.5678594587 0.0560040
4512.7092376761 0.0262877
4512.8300455040 0.0395929
4513.1570551701 0.5476955
4513.5352968299 0.5553886
4514.0047022539 0.8889167
4514.2593181025 0.0979955
4514.4726395012 0.0158655
4514.6966309267 0.0622560
4514.8378860829 0.0944909
4514.9830207133 0.2867795
4515.1408929160 0.0442538
4515.4530341307 0.5068023
4515.7363847860 0.5134860
4516.0213709834 0.0310124
4516.2063568340 0.0171454
4516.4358829921 0.2294306
4516.6998774892 0.2665610
4516.8773789647 0.2611423
4517.1284235738 0.0311560
4517.3948719693 0.0841231
4517.5494946859 0.1113010
4517.7411738147 0.0902771
4517.9374638807 0.0527213
4518.2172602608 0.0247851
4518.4000025510 0.2176090
4518.7986574980 0.4803711
4519.2942270496 0.8810253
4519.6008315782 0.2525698
4519.9613220825 0.6962600
4520.2181672662 0.0342412
4520.4470009955 0.0571188
4520.6477653350 0.0478469
4520.9108664310 0.0708445
4521.0953643367 0.0876706
4521.2545667348 0.4045955
4521.5006609017 0.2628101
4521.7384320217 0.0795056
4522.2504586742 0.0190874
4522.3960163308 0.1616676
4522.6116108672 0.0190811
4522.7921641129 0.0338475
4523.0815209928 0.0562229
4523.2879779574 0.0762049
4523.6402890780 0.0532986
4524.0677258326 0.8921950
4524.3221332873 0.1277600
4524.6699078417 0.3526758
4524.8404084951 0.0473324
4525.0281638939 0.0702172
4525.1900337689 0.1327495
4525.3480305115 0.0757633
4525.4817284990 0.3141724
4525.9708682073 0.1927886
4526.2186044528 0.0866170
4526.4095087341 0.5947227
4527.1438098209 0.2121183
4527.3726652428 0.3217516
4527.7112177770 0.7264277
4528.1986358254 0.6730523
4528.5851911747 0.9189825
4528.7341854427 0.5553303
4529.0564583306 0.2355307
4529.2288551478 0.0905553
4529.8877771213 0.5693737
4530.5523372953 0.1089588
4530.8186941420 0.5372839
4530.9524141586 0.3882119
4531.1156605111 0.3884457
4531.4766243981 0.0723055
4531.7551136394 0.1253396
4531.9933518232 0.7795577
4532.2212009541 0.4502710
4532.4228298120 0.7292929
4532.8945010524 0.4604156
4533.1648401033 0.0613690
4533.3887317004 0.1799860
4533.5992325119 0.0333602
4534.0321300466 0.1125501
4534.5155353086 0.7762080
4535.2350730126 0.7172891
4535.4339870063 0.1130340
4536.0536333763 0.7643902
4536.4104401432 0.4730147
4536.8439460637 0.8187689
4536.9862677050 0.3374938
4537.1850565471 0.7103359
4537.3202056046 0.8218374
4537.7705176947 0.1097449
4538.1519281312 0.0193898
4538.3175618692 0.0625162
4538.4970226285 0.2243148
4538.9415715990 0.2671708
4539.0896695869 0.0569594
4539.2258466369 0.0466619
4539.3763460492 0.0215426
4539.6572419753 0.0216545
4539.8683916238 0.0912126
4540.0303507426 0.3347425
4540.3676584364 0.2557978
4540.5081950684 0.0739160
4541.0537032036 0.5075863
4541.2744272818 0.1607172
4541.4474215257 0.0443312
4541.7749233820 0.7038059
4541.9815417357 0.5900540
4542.1345857817 0.3610071
4542.3319324973 0.5168369
4542.5819746390 0.1876518
4542.7837971470 0.2725089
4543.0359424546 0.0567841
4543.2191335226 0.1001417
4543.4900122580 0.2705365
4543.7030459174 0.3453278
4543.8879384053 0.3225035
4544.1294106055 0.0385412
4544.4073788641 0.0320977
4544.6507577583 0.0219191
4545.0798852177 0.2783585
4545.2833624448 0.2495131
4545.4843609374 0.0668114
4545.9661496060 0.8394369
4546.2342562123 0.0718074
4546.4242463585 0.3449996
4546.6453567237 0.6893935
4546.8530670801 0.0506137
4547.2319600764 0.8863903
4547.7120541409 0.0844606
4547.9638236045 0.0661455
4548.2944548764 0.5455162
4548.5256617198 0.2313599
4549.1170553924 0.7046416
4549.3866825439 0.2435140
4550.0433821168 0.8796213
4550.5567563669 0.1174190
4550.7455475999 0.3602971
4550.9042398933 0.7680078
4551.0905359775 0.2964561
4551.3961319614 0.1011913
4551.5517451920 0.0285044
4552.0439303289 0.4091464
4552.5087598914 0.1373536
4552.7745990163 0.0219202
4552.9276898516 0.2072368
4553.1233979134 0.0866477
4553.4229837424 0.1039185
4553.7279372295 0.8342807
4554.3038369025 0.2259483
4554.6673338241 0.0548432
4555.3097018761 0.9167414
4555.7615289606 0.4378671
4556.1004217055 0.2158296
4556.3562460590 0.3937778
4556.7666451126 0.8908719
4557.1731902388 0.1799967
4557.4146128994 0.6721866
4558.2042424777 0.2325367
4558.5477758919 0.1236148
4559.1263876529 0.3350200
4559.3887133971 0.3510475
4559.7472478856 0.0520749
4559.9253983050 0.2152991
4560.2832524745 0.0125427
4560.5341913320 0.0437133
4560.8443342391 0.0431389
4561.2011893561 0.6394809
4561.3647220652 0.3611590
4561.5438898145 0.1110417
4561.7053316015 0.0391394
4561.9928791312 0.4580702
4562.1400036963 0.1095637
4562.4694287091 0.0668633
4562.6898043451 0.2203877
4562.8802484643 0.0410057
4563.0170587253 0.0532732
4563.2380526051 0.0143243
4563.4967595878 0.0399404
4563.6434013763 0.1504568
4563.9098820530 0.7833413
4564.5182301927 0.1141642
4564.7031592564 0.4409032
4565.0426236849 0.6892200
4565.4839658779 0.2772921
4565.8467735844 0.0572096
4565.9760671213 0.2407934
4566.1062946249 0.3033006
4566.6029680175 0.2778221
4566.7935548275 0.7291763
4567.1289990869 0.0646002
4567.4916969969 0.0795108
4567.7974649271 0.3583055
4568.1429209629 0.2153755
4568.2758556630 0.2078756
4568.6837632387 0.0385540
4568.8967753750 0.0147960
4569.1504031219 0.0116594
4569.6125812072 0.1069625
4569.8889562646 0.1111834
4570.0516598305 0.3474430
4570.3357080957 0.0353495
4570.6519606796 0.0608807
4570.8981306680 0.4471980
4571.3037868933 0.0735652
4571.6977000068 0.1288400
4571.8416841481 0.0347557
4572.1966824109 0.3031086
4572.3767454248 0.8703786
4572.7174847210 0.1826115
4572.9544727255 0.5467731
4573.0791596591 0.3546944
4573.2537528586 0.7600358
4573.5510629615 0.0911901
4573.8685776630 0.0917148
4574.1769382564 0.1618707
4574.3630575620 0.0609601
4574.5665660323 0.0455336
4575.0994805178 0.0183344
4575.2570567825 0.0719587
4575.5015130628 0.3080171
4575.7413228656 0.0537026
4576.0032292370 0.5754577
4576.3894990686 0.2281827
4576.7881848014 0.4934395
4577.0677726359 0.1612080
4577.6128582129 0.1122742
4577.7818916466 0.1125406
4578.0388905835 0.0582818
4578.4615836226 0.9348431
4578.7179213555 0.0141430
4578.9684550952 0.0624747
4579.2094716803 0.0472396
4579.8429884090 0.7860244
4580.0112752469 0.4073357
4580.3445306763 0.1286074
4580.4755955990 0.1689098
4580.6130674148 0.3044404
4580.9554743532 0.0709556
4581.0979987244 0.2246141
4581.3339522937 0.8275991
4581.6892545307 0.9103812
4581.8670953245 0.2779915
4582.3274832310 0.1379674
4582.6878101472 0.7372652
4583.4200785204 0.0376764
4583.5764905729 0.0860202
4583.7098435719 0.0356165
4584.1073990981 0.0695810
4584.2307051525 0.0923512
4584.4028642267 0.0889971
4584.7000290849 0.1857149
4585.1220176393 0.2549117
4585.3682916598 0.2302198
4585.5492372968 0.0960723
4585.7131585851 0.1199922
4586.1024216731 0.3225808
4586.3649322354 0.1552033
4586.6218282242 0.0969556
4587.1526161942 0.7277764
4587.4249958357 0.0690319
4587.6580350610 0.9810480
4588.0351291062 0.0510986
4588.2616306444 0.1615540
4588.4162299508 0.3959578
4588.6681901374 0.0327216
4588.8384362492 0.0309348
4589.0062144890 0.1014873
4589.1363139212 0.0500437
4589.4844875556 0.1610943
4589.8100898253 0.0839662
4590.0092628328 0.1876474
4590.2907092136 0.0466931
4590.5896368448 0.1024561
4590.8485333468 0.0706345
4591.2366375267 0.4953589
4591.4891771093 0.0323803
4591.6113536689 0.0266856
4591.8277584920 0.0742366
4592.0752399984 0.1914890
4592.5187855029 0.1499029
4592.6781041893 0.8589739
4593.0281599762 0.0371961
4593.3223891890 0.0955147
4593.9448749689 0.7374175
4594.4505764944 0.0441046
4594.6603406748 0.0199798
4594.8161101346 0.2221401
4595.4085633806 0.9195673
4595.6654026640 0.0299898
4595.9241597245 0.0915566
4596.1901004239 0.1424654
4596.5003035925 0.1187548
4596.6472582536 0.4769780
4596.8805367509 0.2583603
4597.3523813538 0.4097079
4597.7000876063 0.2703807
4597.8603701309 0.0703477
4598.1945068876 0.1028977
4598.5241107465 0.1218391
4598.6667576803 0.1349700
4599.0349772367 0.1814513
4599.1583048843 0.2646423
4599.4096837183 0.5628614
4600.0274771833 0.1465397
4600.2802206988 0.0475531
4600.5145831961 0.2904559
4601.1259893856 0.3296721
4601.3888527472 0.4855293
4601.6481220491 0.3228022
4602.0448652296 0.8933636
4602.3024236899 0.4627753
4602.8509824512 0.0423636
4603.0005536178 0.0223613
4603.2937578115 0.6845081
4603.8580947457 0.0482499
4604.2346139738 0.7263961
4604.6393836201 0.1896644
4605.2419916340 0.1778001
4605.5296756912 0.1540781
4605.7068467853 0.1504365
4605.8439388048 0.2291219
4606.2795935781 0.4333807
4606.6523351312 0.1209032
4606.8781791927 0.2352971
4607.1271583602 0.1251523
4607.4483606801 0.7091307
4607.6683018619 0.0607366
4607.7972849088 0.0310984
4608.0511350348 0.1154454
4608.2538974759 0.0231441
4608.3856395325 0.0434182
4608.6247829313 0.7923288
4608.9408765127 0.5833500
4609.3544854134 0.0209796
4609.5730054812 0.0235674
4609.8222118814 0.0117183
4610.0959194590 0.0211071
4610.3811150340 0.0508547
4610.6461481790 0.1899909
4610.8009431513 0.0314770
4610.9370826918 0.0949793
4611.2156916464 0.1587894
4611.4779433670 0.0773145
4612.2204704880 0.0813262
4612.5867655858 0.5963652
4613.0218513805 0.0401296
4613.2581819401 0.1538143
4613.4068427523 0.0389853
4613.5563410259 0.0331908
4613.7813497328 0.0725326
4613.9142975712 0.0445328
4614.2860208665 0.0672815
4614.4991471926 0.5163521
4614.6534359634 0.8917727
4614.9957016219 0.0710361
4615.2039974315 0.1581806
4615.4960057234 0.3228043
4615.8094703885 0.1272818
4616.0262186135 0.1050258
4616.3558104130 0.0246435
4616.8545993066 0.1809841
4616.9924191947 0.0472411
4617.4206311798 0.8648723
4617.9146726404 0.0792619
4618.5666185312 0.8322325
4619.1296632984 0.0298366
4619.2527545035 0.0541462
4619.4544759984 0.0179677
4619.7869227773 0.0991842
4620.0623790882 0.5152911
4620.3294092716 0.0180812
4620.5841073346 0.5653717
4620.8285261999 0.5579492
4621.0756171620 0.6866735
4621.4133498707 0.0856788
4621.6646545175 0.0401243
4621.8086683060 0.0531106
4622.1199460407 0.0243500
4622.2984858784 0.0558004
4622.6750089654 0.0399992
4622.8833579454 0.0723232
4623.2116814186 0.6942211
4623.7481239322 0.4311780
4624.0414828012 0.3824401
4624.3963329100 0.7926568
4624.8709987911 0.1076728
4625.1678439033 0.0831109
4625.3752144767 0.0416196
4625.5388495556 0.0163903
4625.7052210482 0.3708650
4625.8604394517 0.0618267
4626.0209934362 0.0150613
4626.3449414365 0.5863820
4627.0685219815 0.0685174
4627.2208047896 0.2242191
4627.4739663733 0.8660858
4627.8050494822 0.3324519
4628.0799416227 0.0791933
4628.3206054724 0.0459197
4628.5301982361 0.0765200
4628.6614095430 0.0289834
4628.8435180591 0.0916940
4629.4562760554 0.1201467
4629.6014089043 0.0202266
4629.7573320365 0.1302300
4630.0734524117 0.0427991
4630.2251734730 0.0833379
4630.6412689265 0.7291656
4630.8371655602 0.0851484
4630.9812706380 0.0287993
4631.4207955086 0.6243478
4631.8510543495 0.0607063
4631.9878856644 0.0234719
4632.2204852652 0.0426903
4632.7837623044 0.0836421
4633.0344208617 0.0115215
4633.1925096489 0.0196396
4633.4394846224 0.2484995
4633.7665624299 0.0118949
4633.9563689955 0.0379674
4634.2111981669 0.5900365
4634.5551898585 0.2124675
4634.8386432204 0.0974885
4635.0492234306 0.1538511
4635.2859749223 0.4153592
4636.0270833784 0.3134514
4636.1682688671 0.1822342
4636.4761778986 0.7393413
4636.7095708934 0.0208131
4636.8653437903 0.2496267
4637.1473543133 0.4747554
4637.4300257914 0.0327339
4637.6248842958 0.0715865
4637.9762051903 0.0703207
4638.1449068674 0.0666133
4638.4810532193 0.4289146
4638.8051802229 0.5888668
4639.0621867251 0.3578690
4639.1715253626 0.3353085
4639.3126836258 0.5622824
4639.8173526902 0.0893552
4640.0893749447 0.0378691
4640.2567248456 0.1014889
4640.6645209105 0.7739196
4640.8125377886 0.2509658
4640.9633235490 0.7683644
4641.2404480843 0.7220573
4641.5851447217 0.2273617
4641.7261492956 0.1917920
4642.0297162455 0.1859178
4642.2368517505 0.0209280
4642.5072795059 0.0883772
4642.6693595946 0.0480983
4642.8043710340 0.0849126
4642.9617650234 0.0382391
4643.1553879653 0.0303191
4643.2969927088 0.1176868
4643.5522506230 0.1230195
4643.7160461360 0.0579449
4643.8815792888 0.0485082
4644.0876595863 0.0315511
4644.3411188755 0.0349354
4644.4946751008 0.1693938
4644.7619798926 0.5383228
4644.9941254451 0.3787606
4645.2232130689 0.0517438
4645.3620713571 0.0152820
4645.7914545400 0.0558764
4646.1321167065 0.0523358
4646.4925643069 0.6755161
4646.7726637750 0.0669535
4647.4660665860 0.8421384
4647.6930823540 0.2289736
4647.9379956563 0.4066554
4648.0812675835 0.3153551
4648.7396761815 0.6760311
4649.2620185493 0.1584199
4649.4186386280 0.4349428
4649.6194459052 0.0616530
4649.9584778855 0.4983554
4650.1594065652 0.3563675
4650.7398549663 0.3653091
4650.9715649089 0.0509141
4651.1221901029 0.2022843
4651.3169899522 0.6295195
4651.6071711426 0.0791657
4651.8450519783 0.0364317
4652.1151845758 0.0371715
4652.5907344826 0.8536178
4653.4641813669 0.8409557
4653.8279723219 0.0329193
4654.1586892783 0.0514253
4654.6564497043 0.0947104
4654.7942286621 0.2344887
4655.0669572194 0.0709168
4655.2156956667 0.0219850
4655.4536422232 0.3320572
4655.8042064020 0.6778137
4655.9280074527 0.3323438
4656.2919901920 0.0228502
4656.4382839832 0.0390706
4656.9855516406 0.2732444
4657.3489979395 0.5140528
4657.4940621360 0.2861671
4657.7757858859 0.9159028
4658.1203632941 0.0534887
4658.2665386650 0.0351643
4658.5082372570 0.2964588
4658.6645144606 0.0710413
4658.8945208497 0.3355752
4659.1807779104 0.0420971
4659.5934462044 0.2014384
4659.8805636535 0.0177954
4660.2002345853 0.1014808
4660.3797099072 0.0708595
4660.8654807233 0.0940501
4661.0644556146 0.0163883
4661.2988872066 0.0277152
4661.5605644670 0.0153217
4661.7236092229 0.1370052
4662.0110812582 0.0219447
4662.2059096734 0.1258866
4662.4911299935 0.0234684
4662.6305083686 0.0624820
4662.8459985507 0.2513432
4663.2811604017 0.3764749
4663.6069332020 0.0374653
4663.8121722427 0.0445883
4663.9566410254 0.0508488
4664.0658936708 0.0550693
4664.3470811960 0.0253587
4664.4867752856 0.2204546
4664.6254051138 0.3749466
4665.1246522534 0.4630807
4665.5074554151 0.0354306
4665.8249991110 0.0696104
4666.1047632615 0.6214839
4666.4843419916 0.1391228
4666.8474961765 0.0468646
4666.9864013288 0.0376677
4667.2132333454 0.3498076
4667.4996727935 0.4264535
4667.7902499268 0.5333799
4668.0494740948 0.0596719
4668.2853909060 0.1803901
4668.4827247988 0.2974284
4668.9012350734 0.9052136
4669.4369063488 0.6746472
4669.6577179846 0.3615853
4669.8711145485 0.5722982
4670.1826840990 0.0181355
4670.4808704287 0.5342963
4670.6266039997 0.3833925
4670.9622070103 0.1564776
4671.1367585069 0.0246829
4671.2850187768 0.0124239
4671.4697183788 0.0181304
4671.7383282939 0.5606771
4672.0148463118 0.0223834
4672.1859915578 0.0448192
4672.3394396810 0.0391058
4672.4986065376 0.0173190
4672.7234354590 0.1160371
4672.9888121098 0.1954881
4673.1528626091 0.0342147
4673.3385303886 0.0314693
4673.6379082572 0.2809962
4674.1394971037 0.2612166
4674.4718086679 0.4861083
4675.0334876368 0.0441614
4675.4020164059 0.1705133
4675.5963369067 0.1684186
4675.9519328643 0.2694069
4676.1586809941 0.3777789
4676.4270343361 0.7498896
4676.6815476560 0.0380396
4676.9087244723 0.0640372
4677.2476527710 0.0176479
4677.5078584881 0.0493112
4677.6525358135 0.1925031
4677.8288114608 0.0641848
4677.9808047524 0.0168225
4678.2444175618 0.1330376
4678.5717344095 0.0332296
4678.7965568944 0.0818278
4679.4758592597 0.2650386
4679.8309985717 0.0236486
4680.1588520634 0.5876542
4680.5329190353 0.2646746
4680.7627179388 0.0538805
4681.0220089574 0.1060574
4681.4478100415 0.1607626
4681.6088482988 0.5805433
4681.7891042021 0.4568873
4682.1690848514 0.3065303
4682.7485235669 0.2076587
4683.2253675822 0.8880816
4683.6608017393 0.2605014
4683.8689040935 0.2550101
4684.0225419539 0.0830285
4684.2418437624 0.0570422
4684.5491297463 0.0606451
4684.7320133371 0.0905397
4684.8724337699 0.5099198
4685.1369953273 0.0944330
4685.2971371897 0.0402942
4685.5584466169 0.0579601
4686.3377281001 0.1281245
4686.5817778504 0.5910164
4686.8682783759 0.0316504
4687.1807038031 0.0801648
4687.5258826594 0.3118183
4687.8086230408 0.0339340
4688.0315724879 0.0370742
4688.2187853168 0.2296970
4688.4658336324 0.0641111
4688.6361852991 0.3618569
4688.9724029055 0.1023225
4689.1158080205 0.4966483
4689.4886069295 0.2308007
4689.7598677247 0.3981162
4690.3773883362 0.0388246
4690.6700829754 0.5127911
4690.8075887899 0.1803809
4691.0857743493 0.0225169
4691.2555710607 0.0686965
4691.4513490290 0.4064754
4691.6925232128 0.1797741
4692.1113554096 0.4633396
4692.2861001714 0.1096728
4692.6597760971 0.8054412
4692.8992855114 0.1597548
4693.0739409200 0.0459878
4693.3349455642 0.0954442
4693.7515258976 0.2026293
4693.9058478048 0.0510492
4694.2841199693 0.0480731
4694.5023579647 0.1571528
4694.6532241376 0.0982319
4694.9835016694 0.7313954
4695.2567344922 0.4390070
4695.6596148622 0.0513535
4696.0266192267 0.0394918
4696.1770086443 0.1134670
4696.4581955937 0.2719480
4696.7888191593 0.0295296
4697.2525406464 0.0443957
4697.6316663516 0.0252894
4698.0234395552 0.0990185
4698.2440123718 0.3335111
4698.3709149736 0.4028226
4698.7106277675 0.1178798
4699.4044202597 0.0500369
4699.7748695613 0.5074347
4699.9270018223 0.4495963
4700.0921237820 0.7974038
4700.6456911083 0.2768757
4700.9021980493 0.0824942
4701.4737618613 0.3669458
4701.7455243715 0.0784174
4701.9301057936 0.3579451
4702.1957015418 0.0583596
4702.3640167282 0.2671884
4702.6774393277 0.2621169
4702.8467446864 0.2471987
4703.2249659002 0.0979617
4703.3671616528 0.0552074
4703.6119107538 0.0637951
4704.3089997315 0.5592009
4704.8774039243 0.0854701
4705.1264266981 0.2543692
4705.4909459478 0.0431275
4706.2678679249 0.4390733
4706.5644733669 0.0781468
4706.7810048906 0.2404021
4707.0716680400 0.0198438
4707.2421875230 0.1414931
4707.4341246562 0.2668899
4707.8743586537 0.3344132
4708.0368696771 0.0625778
4708.5966751614 0.6044452
4708.8041830678 0.4403762
4709.0678009393 0.1159621
4709.3333254357 0.5757734
4709.5336708265 0.0849513
4709.7121042763 0.0204166
4709.9832379084 0.2742794
4710.2840393854 0.3067494
4710.4115405013 0.4937085
4710.6623820718 0.0743882
4710.8067038112 0.0662944
4711.0321520191 0.5716993
4711.5198041667 0.4769353
4711.8774342111 0.2328728
4712.1153895812 0.0430309
4712.3376805443 0.0300585
4712.4950851884 0.0476163
4712.6449152972 0.0162535
4712.8084927658 0.1540792
4713.0050056645 0.0698184
4713.2229245207 0.0565579
4713.4064554426 0.2187480
4713.5735678476 0.0705585
4713.8260377021 0.0538174
4714.0641378023 0.0879644
4714.2220910927 0.0583735
4714.4405039708 0.0529099
4714.6038911801 0.0718721
4714.7527069915 0.0244790
4714.8655494284 0.0270082
4714.9976674789 0.0217481
4715.1120372403 0.0443611
4715.4167080275 0.1962381
4715.7369164589 0.4869707
4716.0756344315 0.0599658
4716.2464686936 0.0448192
4716.4615947430 0.0327825
4716.6245954612 0.7128630
4716.7831763493 0.0766780
4717.0823443213 0.3918887
4717.7165750806 0.0834915
4718.1504015684 0.1187766
4718.5259596986 0.0363414
4719.0039570434 0.2513810
4719.3098810168 0.0563143
4719.4676731876 0.0444440
4719.7454316037 0.5859648
4720.3454559718 0.0869654
4720.8191640240 0.0712722
4720.9820725805 0.0403146
4721.1145714448 0.0728687
4721.2985237036 0.0484881
4721.4743925721 0.0941387
4721.8182917539 0.0854884
4722.0060882211 0.0297799
4722.1416295815 0.1086625
4722.3181984759 0.3740115
4722.5922793512 0.0436772
4722.8365387501 0.1457499
4722.9934119496 0.0193357
4723.4742277786 0.2231453
4723.9334905412 0.7127348
4724.1968634626 0.1077656
4724.4744337038 0.7254992
4724.8231720908 0.0239911
4724.9695570541 0.0496082
4725.1038060538 0.0746994
4725.4767449301 0.1747813
4725.7391278208 0.3925005
4725.9870721784 0.1504319
4726.1470902825 0.0216565
4726.7725163314 0.0262015
4727.0009251167 0.0323179
4727.2793846762 0.1163884
4727.4731206600 0.2316116
4727.7064813372 0.0204969
4727.8491129581 0.0456395
4728.0989094481 0.1452553
4728.3214055887 0.0996023
4728.4758141987 0.4680898
4728.7858245349 0.5901302
4729.2602814302 0.3805616
4729.4832724528 0.1312474
4729.8733284681 0.4712040
4730.0901003142 0.2130011
4730.3403279504 0.2183195
4730.5438975306 0.3566638
4730.8577708622 0.0999293
4731.0188453490 0.2239399
4731.3478603411 0.4049577
4731.6998887782 0.1329290
4732.0383430309 0.5258880
4732.3211454957 0.1540534
4732.4949442932 0.4502102
4732.8142101152 0.3507183
4733.1178167404 0.2577063
4733.3856545632 0.0850498
4733.6529205548 0.2127871
4733.7849838600 0.1880490
4734.1345289526 0.0392452
4734.4001149199 0.0508530
4734.5194906853 0.0205146
4734.7519457787 0.3926526
4734.9178012139 0.7396351
4735.4362626142 0.4309322
4735.7592611582 0.1725152
4735.9986646429 0.3072626
4736.1630065780 0.1313802
4736.3440583688 0.0398554
4736.6022636536 0.0290849
4736.7767667703 0.0227017
4736.9093306296 0.0434536
4737.1718712231 0.3942884
4737.4560929091 0.0310282
4737.6503196101 0.0823580
4738.1029395173 0.5998930
4738.6766070351 0.5277455
4738.9571855778 0.4458234
4739.3681792021 0.1060407
4739.6192699354 0.0419207
4739.7696388418 0.0817722
4739.9722798631 0.0625785
4740.1537547385 0.0545299
4740.4322415087 0.5464345
4740.8042890898 0.4335765
4740.9488088477 0.1632129
4741.2154879612 0.0269639
4741.4835054095 0.1572679
4741.6696289171 0.3099704
4741.8145996249 0.2971488
4742.3677700215 0.5319476
4742.8569500401 0.5321457
4743.0480772240 0.1775438
4743.2521356532 0.1274414
4743.4262145817 0.3059746
4743.6365420517 0.1484866
4743.9703613615 0.0704395
4744.1205186443 0.6186003
4744.6140919697 0.0559388
4744.9107415153 0.0209421
4745.1499287306 0.5701316
4745.4324035722 0.1020185
4745.7099576007 0.2007935
4745.9720482834 0.1433107
4746.2479812530 0.0626265
4746.4728352229 0.2655352
4746.6340736123 0.3194760
4746.8373672515 0.1083083
4746.9792258376 0.1247450
4747.1311457390 0.4939556
4747.4324359765 0.0428403
4747.5767587457 0.0690111
4747.9574487858 0.0951969
4748.3245420048 0.0998971
4748.5856826484 0.2716185
4748.7251958642 0.1164065
4749.0061095759 0.3489899
4749.2658143298 0.1703096
4749.4613793137 0.2869959
4749.8228102347 0.1382008
4749.9832550258 0.0651895
4750.1002344732 0.1102956
4750.3497788867 0.0240511
4750.5138591511 0.1626951
4750.6834554368 0.0291237
4750.9661714879 0.1962999
4751.2737173168 0.2005148
4751.4335045545 0.0505850
4751.5580605696 0.1536267
4751.7354958525 0.1662515
4751.9931375024 0.1578006
4752.3049015298 0.1819082
4752.4243489820 0.1049836
4752.5737460180 0.1257198
4752.8952927976 0.1387540
4753.1477043831 0.3065918
4753.4291808784 0.3615498
4753.7589002839 0.2357224
4754.0637904324 0.0886380
4754.2379261928 0.1357679
4754.4994136439 0.5067150
4754.6447470245 0.1500823
4755.3730136324 0.8082101
4755.6960467590 0.0603096
4756.0835195172 0.3022198
4756.4766861343 0.2284255
4756.8413547823 0.1136480
4757.1544598704 0.2126727
4757.4443171800 0.6401752
4757.8499152324 0.4752094
4758.2067743133 0.1214177
4758.3673206461 0.0433256
4758.6265755696 0.1834429
4758.9148519519 0.3866971
4759.1889188301 0.0774814
4759.4549013567 0.7097045
4760.0405072518 0.2223257
4760.2415402420 0.5465035
4760.6043751591 0.7350237
4760.8992066601 0.1195372
4761.0763840007 0.1279610
4761.7743795055 0.0927395
4762.0990129335 0.1484784
4762.3088440562 0.1987032
4762.5793813925 0.1001193
4762.8627234716 0.5814311
4763.2441163689 0.0808067
4763.4959322761 0.1090367
4763.7041900129 0.7566884
4763.9574686279 0.4106378
4764.1133179296 0.2328169
4764.4946310875 0.1336433
4764.7717761667 0.1182097
4764.9314533931 0.0624177
4765.0784715155 0.1262557
4765.2501243450 0.3685031
4765.6270819905 0.3621907
4765.8311428769 0.2330309
4765.9881096357 0.0854244
4766.1778883883 0.1572240
4766.3732896007 0.1548048
4766.8116157977 0.3434025
4767.1936122503 0.6308605
4767.4536766765 0.0859421
4767.7604250323 0.5937799
4767.9550371867 0.2954688
4768.1097706850 0.1119018
4768.2308050444 0.2170088
4768.5888860423 0.1400520
4769.0472378488 0.0774219
4769.1913157143 0.3019159
4769.4398444158 0.1580421
4769.6935369558 0.4809216
4770.0419311688 0.1693439
4770.5355298370 0.1374654
4770.8704864406 0.1691630
4771.1071666940 0.2652164
4771.5801313167 0.2067940
4772.0183926646 0.1985545
4772.4294029123 0.5104319
4772.8160681297 0.1975175
4773.0328548735 0.4333308
4773.2169603675 0.1245099
4773.4565737902 0.1516750
4773.6527708486 0.4370117
4773.8051297308 0.2281139
4774.1496826811 0.6220013
4774.5988129831 0.2400719
4774.8245154608 0.2767255
4775.0473807368 0.1071466
4775.1956716418 0.1113594
4775.3555923086 0.1750488
4775.6727858309 0.2360096
4775.8699807252 0.0660859
4776.0783874707 0.1394276
4776.2628705768 0.2422716
4776.6033256843 0.3224291
4776.8309744893 0.1482736
4776.9696207895 0.2328824
4777.1397182941 0.1446934
4777.3985591353 0.3211698
4777.6820699041 0.3590761
4777.8402549524 0.1193283
4777.9882228133 0.2878191
4778.1698977565 0.2099473
4778.3141982557 0.1102464
4778.5376391670 0.1716529
4778.8561916830 0.2113614
4779.0057522265 0.1530371
4779.3231195789 0.2881866
4779.5948998311 0.4255154
4779.8602485991 0.1667590
4780.0138047720 0.1735906
4780.1766910674 0.1720972
4780.3280414959 0.1367229
4780.4579403197 0.1862675
4780.7010197070 0.5431742
4781.1611987175 0.3763101
4781.3317045429 0.3379697
4781.6020445753 0.1647222
4781.8346397852 0.1246932
4781.9874459103 0.1913103
4782.1284457868 0.0760550
4782.4776642537 0.1713003
4782.6196846408 0.2159779
4783.0511421528 0.5460407
4783.3254876484 0.1171800
4783.6350380641 0.1504265
4784.0867001922 0.1561287
4784.2233145474 0.0888125
4784.3994943183 0.2915192
4784.7642520663 0.6486533
4785.1854120425 0.2269706
4785.5915565598 0.3485506
4785.8250547023 0.4005459
4785.9934437895 0.1016301
4786.1117628870 0.1529152
4786.3237114887 0.3394512
4786.5019240897 0.1733468
4786.7160987917 0.1673543
4786.8590768548 0.1131827
4787.0069973578 0.2207680
4787.1412294031 0.1334958
4787.2888562685 0.2233472
4787.4291605332 0.1719546
4787.6368186188 0.3967382
4787.8723822804 0.5504919
4788.1535535697 0.5141117
4788.4429686641 0.2200363
4788.6444286178 0.1059003
4788.8090970505 0.2809812
4789.0076027514 0.2538008
4789.1599281830 0.1878201
4789.3923346891 0.1674102
4789.8050285484 0.1246186
4790.0976974069 0.4805517
4790.2817481975 0.1745859
4790.4361728562 0.2356168
4790.6816386246 0.5782998
4790.9912349205 0.5361990
4791.1374456525 0.3688045
4791.4016816364 0.0487246
4791.6692904746 0.1357929
4791.9291465181 0.1648476
4792.0978808904 0.2244198
4792.4164526067 0.1304658
4792.6122175137 0.3339721
4792.8499020516 0.2340380
4793.1320430528 0.1914285
4793.3740212491 0.2387330
4793.6097665936 0.2430763
4793.8429548506 0.6416344
4794.2211175836 0.2643702
4794.4327352737 0.2258774
4794.6157386796 0.1952685
4794.8289496923 0.1104406
4795.0180118243 0.1658932
4795.1754429624 0.1322376
4795.4242488002 0.1611699
4795.5490020570 0.2103378
4795.7219457872 0.2486195
4795.9947745530 0.2140599
4796.4916932165 0.2456112
4796.8719607610 0.2107179
4797.1584370653 0.0669851
4797.5386477056 0.4930114
4797.7049079054 0.1040438
4797.9172868899 0.1765905
4798.0799140869 0.0417332
4798.2466712388 0.3639427
4798.4813058629 0.2340669
4798.6324146471 0.0468836
4798.8884233972 0.1606649
4799.3298508866 0.4501688
4799.6103819575 0.2719995
4799.8805922328 0.2462578
4800.0749212443 0.4013529
4800.3416424553 0.0523965
4800.6031544256 0.1382625
4800.7483751802 0.2709737
4800.9017249196 0.1635370
4801.1359909882 0.6151472
4801.4078724780 0.1161462
4801.9945501543 0.2165187
4802.3721269028 0.5595415
4802.6636249638 0.2079095
4802.8762004040 0.0973084
4803.0205211611 0.0656481
4803.2740690328 0.3716099
4803.5084628872 0.0971124
4803.7788339489 0.1514660
4804.0597279903 0.0420055
4804.2249715344 0.4192018
4804.4812024984 0.0782468
4804.6195866926 0.0820657
4804.7707827431 0.0363599
4804.9210353737 0.1088439
4805.2301254608 0.0302920
4805.4426107590 0.0802505
4805.6092226166 0.0231217
4805.8610288489 0.1361343
4806.4375482713 0.3651088
4806.7606081034 0.5680805
4806.9513306435 0.0734006
4807.2309409777 0.2063330
4807.3983822763 0.0630336
4807.6035957683 0.1944259
4807.7939318165 0.0326432
4807.9424283731 0.0780235
4808.1071832699 0.2774836
4808.3347716541 0.2843417
4808.5829610698 0.0489505
4808.8767710000 0.4257147
4809.0539957032 0.3897314
4809.4883610960 0.2824977
4809.7229681420 0.0776640
4809.8770343561 0.3892418
4810.0298203810 0.1551692
4810.2077462207 0.0356610
4810.4862340005 0.1512974
4810.8122955329 0.1118428
4811.2930522873 0.1658470
4811.5833737554 0.0907265
4811.8786417152 0.2317638
4812.0587134450 0.1389043
4812.4064053037 0.3571185
4812.6657118004 0.1760546
4812.9240378673 0.0676407
4813.0682844198 0.0341442
4813.2199829580 0.1540103
4813.5800171203 0.3312534
4813.8658848800 0.1334276
4814.0744583774 0.0376563
4814.2369462467 0.1694790
4814.4473931411 0.2015188
4814.8211143037 0.3248915
4815.0591593955 0.0584015
4815.2066738855 0.0385906
4815.3583930103 0.0939725
4815.6164929397 0.2383174
4815.9603531068 0.0941317
4816.1381819945 0.1305716
4816.3947292129 0.1222635
4816.5644195030 0.1175515
4816.7208293722 0.0984705
4816.9833385618 0.3715510
4817.2946475601 0.2095610
4817.4823264102 0.0774390
4817.8159122654 0.2022732
4818.2035289766 0.0207582
4818.3555380398 0.0415883
4818.6333253918 0.1553115
4818.8765570819 0.0744157
4819.1492706791 0.3905040
4819.4173104773 0.1379645
4819.6495019209 0.0967727
4819.9224675756 0.0487053
4820.0659015761 0.0808563
4820.3829639532 0.2439382
4820.7459767842 0.0705783
4821.0729253934 0.1167753
4821.3218317502 0.0402250
4821.7613619509 0.7557649
4822.0378966039 0.0454915
4822.1879886809 0.0877183
4822.3072191549 0.0312402
4822.4505419671 0.1644714
4822.6475819126 0.1470759
4822.9264942369 0.2335727
4823.1969969017 0.0748942
4823.3605403559 0.0460754
4823.6731887662 0.0938382
4823.8417685762 0.1858975
4823.9971522872 0.0275229
4824.1427822520 0.1019312
4824.3046968248 0.1762042
4824.8572844583 0.7098049
4825.4985406243 0.2859195
4825.6359078488 0.2440877
4825.8884962759 0.0763835
4826.1306521968 0.0880543
4826.3151565508 0.0851247
4826.8139424517 0.2253385
4827.1298453787 0.1976899
4827.3515694928 0.1478673
4827.6237020138 0.1192400
4827.9656208203 0.0463688
4828.1315407674 0.1126619
4828.6108228095 0.1985426
4828.7998425924 0.8419121
4829.2126653322 0.0685809
4829.4233644143 0.2569506
4829.6891363706 0.1179218
4829.9272273568 0.1946800
4830.3745683317 0.4084559
4830.7067409869 0.6914775
4831.0186780865 0.0685858
4831.1596439980 0.2169372
4831.3545894239 0.0550972
4831.6327938288 0.1180909
4831.9060509021 0.1286015
4832.1353827172 0.0627368
4832.2919023639 0.1913541
4832.5294645219 0.3986439
4832.7363294397 0.1888493
4833.0017051239 0.8640870
4833.2478765356 0.1118676
4833.4052534301 0.2362510
4833.5967653470 0.0516366
4833.7788441625 0.7956462
4834.0683011238 0.4592375
4834.2466301851 0.2128615
4834.5185857656 0.1308433
4834.6707700738 0.0593522
4834.8952911154 0.0282561
4835.0255411469 0.0300878
4835.2047301869 0.1763531
4835.6835533188 0.2220486
4835.8608665518 0.3623515
4836.1899009110 0.1442472
4836.3924605896 0.1054091
4836.5874548519 0.2180860
4836.8197902973 0.0338216
4837.0446190221 0.1559985
4837.2114140264 0.3199070
4837.4704966557 0.3932765
4837.6353060637 0.0689257
4837.8203394552 0.1087170
4838.0228089810 0.1131682
4838.2286211834 0.3236202
4838.4205961163 0.0629139
4838.6064682007 0.0584743
4838.7519093327 0.0774446
4838.9800755941 0.1016586
4839.2000657673 0.1073928
4839.4231170225 0.1349356
4839.7083821776 0.1650862
4839.8633545580 0.3226363
4840.2658255979 0.0251147
4840.4442244816 0.1703114
4840.5928873889 0.1647560
4840.9031766219 0.3908597
4841.2258544409 0.1548632
4841.4049182615 0.1260880
4841.6406725774 0.4685912
4841.8340591169 0.1133123
4842.2312374858 0.8497705
4842.6218456227 0.0747669
4842.8033040392 0.0681048
4843.3043377843 0.0648105
4843.5735491853 0.1418485
4843.7256038938 0.1405987
4843.9231294224 0.1271237
4844.1440402235 0.1676950
4844.3027266312 0.0926888
4844.5006888560 0.4536017
4844.7039202584 0.1388655
4844.8482259022 0.1655918
4845.1668526611 0.1110898
4845.3604228915 0.4570907
4845.6767295756 0.1556965
4845.8368236275 0.2038137
4846.0693156617 0.1268788
4846.2187967789 0.1230397
4846.3828805393 0.0950926
4846.7519232118 0.0767343
4847.0117941385 0.3124573
4847.4167491871 0.0655513
4847.6753525082 0.1634322
4848.0567554808 0.0663006
4848.1915726695 0.0471331
4848.3322151535 0.0550422
4848.6611940518 0.4162650
4848.9882905913 0.0260826
4849.2320501766 0.0234375
4849.5889989549 0.1621457
4849.8170502842 0.5373209
4850.2397435115 0.3939244
4850.5261703452 0.1046838
4850.8559441069 0.0128903
4851.0195926344 0.0968297
4851.2912119011 0.0822753
4851.5002253919 0.1045416
4851.7048520493 0.0596509
4851.8937137951 0.0422238
4852.3177433199 0.0114013
4852.4795456585 0.0235189
4852.8523885066 0.9032342
4853.1266306507 0.0787456
4853.3708409990 0.0960259
4853.7344998921 0.0750986
4853.9096608350 0.2031650
4854.3843626240 0.0602900
4854.5273808110 0.0355368
4854.8849175715 0.0877327
4855.2052342394 0.0967830
4855.3816583582 0.0290650
4855.4989133917 0.0686577
4855.7157733468 0.0827345
4856.0944459254 0.1212796
4856.2294877174 0.2307279
4856.5136660204 0.1366794
4856.7693779725 0.4476534
4857.0329913007 0.3945924
4857.3726602745 0.6537544
4857.6959822923 0.0966621
4858.0870906723 0.0264342
4858.6099165640 0.0410683
4858.7612570207 0.2118762
4859.3173936301 0.0386663
4859.6128838869 0.1389871
4859.8585030942 0.0320998
4860.0727157002 0.0125762
4860.4828866703 0.1669827
4860.6650831035 0.0374746
4861.1027648424 0.5713460
4864.2439576921 0.0769014
4864.4493221139 0.0609570
4864.8338775843 0.0795135
4865.0058993608 0.4175912
4865.2860661279 0.1734067
4865.5415609099 0.4028873
4866.0922050047 0.8141249
4866.5975281369 0.0120056
4866.9716335376 0.1832942
4867.4118686332 0.1434188
4867.6377499603 0.4411204
4868.0589797247 0.0619833
4868.2768111266 0.0220915
4868.5472732821 0.0538315
4868.8900166146 0.2529012
4869.2328314164 0.3557278
4869.6220253535 0.5557967
4869.9350052106 0.0692595
4870.3993133374 0.0609496
4870.6702138411 0.0190063
4870.8295123053 0.1927403
4871.0951355992 0.0147493
4871.4948795978 0.6390191
4871.7743528970 0.0148824
4872.1661487077 0.5218828
4872.6829180170 0.5725133
4873.3047543038 0.2862221
4873.5038510088 0.6026731
4874.1427665589 0.0873934
4874.3029575218 0.0503151
4874.6477994276 0.1414259
4874.8099387377 0.3059316
4875.1251329977 0.1500515
4875.3751996977 0.0805606
4875.5314766927 0.0632642
4875.7178742998 0.2405226
4875.9968861204 0.0946417
4876.1707616251 0.1871960
4876.3894482999 0.1653873
4876.6464173224 0.1176382
4876.8510351346 0.9006503
4877.2438705477 0.4129294
4877.6557909654 0.0488123
4877.9447850464 0.0204331
4878.1888465454 0.0828824
4878.5071838730 0.0796238
4878.9755293942 0.1940952
4879.4990195485 0.6581132
4880.1131524653 0.0396664
4880.2559244993 0.0708349
4880.4387082302 0.0463990
4880.8869299047 0.0669609
4881.1390635180 0.0455011
4881.4038212813 0.1604897
4881.6495894759 0.2439854
4881.9216706029 0.2923190
4882.2811822801 0.4047127
4882.5975114290 0.1549764
4882.9257015257 0.9376957
4883.5145774273 0.4852620
4883.6930492760 0.2520073
4884.4886346915 0.1471000
4884.6849856652 0.0773744
4884.9209498409 0.0758841
4885.0548379497 0.1806373
4885.4455863496 0.1153320
4885.6568967637 0.0715605
4885.8188973828 0.0443140
4886.2863458673 0.2879511
4886.4503070071 0.7158052
4886.7979113698 0.4434837
4887.1453834678 0.4599063
4887.3100299799 0.3285651
4887.6981648892 0.4167356
4888.1311669854 0.1448824
4888.3797417403 0.5488096
4888.5603120888 0.3240086
4888.8780929695 0.0656177
4889.0593877105 0.1326834
4889.2146387703 0.1676313
4889.4287900009 0.0377614
4889.8938376838 0.3257827
4890.0105429748 0.3922098
4890.3730832352 0.4651002
4890.8910431015 0.0419280
4891.0497431475 0.0549289
4891.2971039926 0.0421912
4891.4451965237 0.0466137
4891.5847833577 0.0601749
4892.1243279243 0.5799770
4892.8619849282 0.5479568
4893.6772000971 0.0244756
4894.2286947788 0.3223934
4894.4241946030 0.2580229
4894.7838943048 0.1706795
4894.9397866076 0.0348204
4895.2673941929 0.1269703
4895.4231866096 0.0425159
4895.5631184869 0.0796282
4895.7233389689 0.0383598
4895.8736911419 0.1072614
4896.2179787450 0.1347845
4896.4445536877 0.1432968
4896.5999557613 0.0608332
4896.7526809446 0.0608111
4896.8855474874 0.0824015
4897.1337872204 0.0246216
4897.3454382030 0.0520091
4897.5790295887 0.0252143
4897.8029028353 0.1966321
4897.9555657227 0.1213100
4898.1288947449 0.0180864
4898.4254472114 0.1049570
4898.6869521864 0.0506293
4898.9876657179 0.0381315
4899.2422492863 0.0712842
4899.5041897276 0.1827916
4899.6371756332 0.0701690
4899.8100205680 0.2294967
4900.0479372736 0.1286880
4900.4912145244 0.1025369
4900.8857189310 0.1094550
4901.0776914332 0.1088615
4901.2808189461 0.7054267
4901.4859699363 0.3067844
4901.6528683038 0.1309483
4901.9810180402 0.2893656
4902.2015150339 0.1501816
4902.3534462892 0.1713665
4902.5548767326 0.0382194
4902.7132850272 0.1262425
4902.9205224521 0.0353079
4903.3023157380 0.1562067
4903.4615584944 0.0678993
4903.7704120011 0.1034482
4904.0178571988 0.1109214
4904.6723866071 0.6732958
4905.1053995502 0.1262234
4905.4241281096 0.1018134
4905.7880527057 0.4427769
4906.1961444255 0.1946371
4906.4986821285 0.1930724
4906.7694770862 0.0470348
4907.0147196117 0.0125870
4907.2682617403 0.0562745
4907.4125649033 0.0692625
4907.7563805641 0.2527780
4908.0647817450 0.1671343
4908.4653163219 0.0636048
4908.9095980115 0.0920393
4909.1047331881 0.4305511
4909.4031557116 0.2509931
4909.6677782534 0.0595652
4909.8230057173 0.1154599
4909.9752479389 0.0812888
4910.1662510194 0.0611273
4910.4732102299 0.4600420
4910.7568892411 0.3733720
4911.1081084008 0.0930009
4911.3923615050 0.5127742
4911.6981023933 0.4020596
4911.9432511478 0.3725724
4912.3912670236 0.0261112
4912.5516934290 0.2342272
4912.9013369025 0.1092451
4913.1450755836 0.3144422
4913.3920178153 0.2444530
4913.7737813562 0.0531011
4913.9678197648 0.0884549
4914.2885518351 0.2101552
4914.5665183834 0.2700461
4914.9912689770 0.6985067
4915.1828456629 0.0458328
4915.3439334953 0.2869570
4915.6076930931 0.0793396
4915.7699654401 0.0961725
4916.2905361121 0.1765931
4916.5991372345 0.4524737
4916.8990254043 0.1823114
4917.1651409488 0.1442953
4917.4688835623 0.0842193
4917.6221761465 0.0525519
4917.8857585392 0.0444572
4918.2899780670 0.0769378
4918.6047483491 0.3628868
4918.8437941689 0.0298601
4918.9752836356 0.0599331
4919.2175879207 0.1063203
4919.3883665378 0.2519169
4919.7383505094 0.3248896
4919.8704962808 0.1963388
4920.3708184841 0.5407573
4920.9301337896 0.1066531
4921.2414520180 0.3786949
4921.5043045400 0.1824909
4921.8820824727 0.5825830
4922.3208001543 0.2294422
4922.5500944681 0.1617699
4922.8628395569 0.0350760
4923.1464166923 0.5780630
4923.6510618386 0.5891874
4924.2106165435 0.0658267
4924.4995959444 0.2146345
4924.7680857958 0.0473563
4924.9425631279 0.0880815
4925.1152350708 0.0388229
4925.3012984091 0.2931279
4925.7238632971 0.2191178
4925.9208353920 0.2771901
4926.1536305678 0.6567605
4926.3488932691 0.1921176
4926.5006017971 0.1590491
4926.6474587471 0.1780949
4926.7828114028 0.4146824
4927.0507297944 0.4017008
4927.3394046170 0.0868687
4927.5271432315 0.5867806
4928.0405703464 0.0274643
4928.2906580450 0.0666329
4928.8178862055 0.3642531
4929.2481066608 0.3851918
4929.7153112862 0.5795038
4930.2646225422 0.1251810
4930.5445663597 0.0768785
4930.7006392084 0.0822442
4931.0084266891 0.1142145
4931.4138299181 0.1405289
4931.6897515686 0.4003266
4932.0377740132 0.1775651
4932.1809601711 0.1920396
4932.4775082889 0.0306037
4932.8708905881 0.1182893
4933.1183966551 0.0877377
4933.4265072639 0.2631200
4933.6622019451 0.2559718
4933.8421592673 0.0785142
4934.1620356708 0.1396006
4934.3653021323 0.0738837
4934.7135661239 0.4695245
4935.0029300665 0.1487653
4935.2471991257 0.2834209
4935.4469438628 0.8394985
4935.9772046604 0.3830185
4936.2048492361 0.0396990
4936.3900208742 0.3475278
4936.7526517329 0.0526156
4937.0535697954 0.1113699
4937.2273116490 0.3712052
4937.5456693627 0.1316529
4937.7238642791 0.5102407
4937.9817429642 0.0612239
4938.2827577435 0.0481876
4938.5417377215 0.0938527
4938.7233253893 0.3831398
4939.1114679649 0.5295883
4939.5494176866 0.4005743
4939.6770005947 0.3937120
4940.1956460952 0.5747119
4940.6192724850 0.4592284
4941.0646016384 0.7062022
4941.5154814764 0.2250138
4941.6751513357 0.1102227
4941.8556512465 0.1223041
4942.0689374736 0.0472205
4942.2196449333 0.0527614
4942.3606165778 0.1694332
4942.5274948517 0.2479917
4942.6907531145 0.3173432
4942.9552527818 0.3393417
4943.2732917867 0.3406676
4943.6782450019 0.2714414
4943.8728350255 0.7213280
4944.1874969945 0.0431046
4944.4464672747 0.1372667
4944.6576687399 0.0840864
4944.9115293036 0.0602486
4945.2896648494 0.2528686
4945.4676031420 0.1525993
4945.6790688180 0.1580631
4945.9420451733 0.0934040
4946.0898923053 0.1115280
4946.4829042930 0.1799858
4946.6441747200 0.2375274
4946.8523644769 0.2291319
4947.0570542845 0.3056797
4947.4108769362 0.1197739
4947.5366118867 0.0310460
4947.7763979750 0.3974641
4948.0570308710 0.1281008
4948.4092215304 0.0904654
4948.8355027863 0.0980219
4948.9979058552 0.1367453
4949.3530582422 0.3155314
4949.5800628775 0.3559829
4949.8547708516 0.1420252
4949.9933956462 0.0401522
4950.5331223521 0.0651438
4950.7229498550 0.0751947
4950.9690520231 0.0857278
4951.1401068708 0.0381752
4951.4890945130 0.4818735
4951.8183115650 0.2522125
4951.9742884388 0.3114650
4952.5153047105 0.1682001
4952.7195303685 0.0992987
4952.9640291823 0.0578231
4953.1032840856 0.0721872
4953.2596721792 0.0701853
4953.6584846163 0.2227726
4953.8468974454 0.0987185
4954.0270182924 0.2134000
4954.4100558809 0.0948082
4954.5831343579 0.3191480
4954.9033519430 0.0701433
4955.1008234486 0.1215661
4955.4460044242 0.1810451
4955.7163077635 0.1079816
4956.0127643590 0.1603120
4956.1901878509 0.4989774
4956.4860230418 0.0619201
4956.7082942651 0.3432809
4956.9864499509 0.0783095
4957.1351371011 0.0463543
4957.3895397787 0.0651054
4957.5805959821 0.0730780
4958.1041011224 0.2455322
4958.6861408602 0.5084162
4958.9847012373 0.5313116
4959.6692142737 0.3414760
4960.1521250354 0.1221297
4960.5267902175 0.0902823
4960.7455130311 0.0720884
4961.3195009551 0.1021741
4961.6345540152 0.1070892
4961.9344112495 0.1010113
4962.2394866500 0.1420174
4962.3938000570 0.2548972
4962.6855850379 0.3079083
4962.9325786720 0.2321079
4963.3135361386 0.2640944
4963.5727038968 0.1613651
4963.9715177971 0.3930278
4964.1910962703 0.2105663
4964.4619332987 0.2627321
4964.6461251630 0.2720845
4964.9733957015 0.0570434
4965.1472861299 0.1349574
4965.2768892448 0.1656338
4965.4372642733 0.3675054
4965.8661241668 0.3124566
4966.1155582915 0.4146072
4966.3164199146 0.6642705
4966.7001318669 0.0920375
4966.8618036906 0.0544366
4967.2409058591 0.2706273
4967.4751385171 0.6065868
4967.9741513577 0.1021410
4968.1496144354 0.2524770
4968.7125406243 0.3214955
4969.2891730650 0.3427655
4969.6226063352 0.0524784
4969.7897270178 0.1836588
4969.9516871596 0.5143026
4970.1046879017 0.2374540
4970.2691969107 0.1111947
4970.5704822624 0.1907362
4970.8167637834 0.3165910
4971.1193771583 0.1408880
4971.2897392927 0.3589866
4971.8853535603 0.3532547
4972.0393147483 0.3712001
4972.2022116302 0.0860644
4972.3400646494 0.0356310
4972.4663390530 0.1191951
4972.7360803673 0.4257755
4973.0084749066 0.0940833
4973.1775740665 0.3945657
4973.4738386271 0.0879162
4973.6087674601 0.0520144
4973.7468175123 0.0799354
4974.0169980143 0.0585975
4974.4502987088 0.6202970
4974.7404466558 0.0776646
4974.9823898574 0.1576098
4975.2025486223 0.0804010
4975.3589285945 0.1465063
4975.6168914022 0.1878338
4975.8952212107 0.1861358
4976.2796534857 0.2948409
4976.7434022619 0.5164231
4976.9184222066 0.2000152
4977.2383380237 0.2194063
4977.7106021035 0.3667335
4977.8765793164 0.1534324
4978.0289919060 0.1366604
4978.1925359927 0.0923219
4978.4729392042 0.0389475
4978.7622991254 0.0268730
4979.1152748670 0.3459682
4979.5780306735 0.5578468
4979.9546741537 0.6402493
4980.1439393046 0.4094538
4980.5852222779 0.2557804
4980.9660429390 0.1628832
4981.1547405497 0.1069979
4981.3108200649 0.0233820
4981.5582727152 0.4120837
4981.9789364725 0.0847871
4982.3378871450 0.1249104
4982.5269894140 0.1848846
4983.1277067480 0.7690181
4983.4071671332 0.2355149
4983.7271219171 0.1411000
4983.8925907781 0.4686375
4984.2039798067 0.5682843
4984.4198086374 0.0379658
4984.6425894152 0.4291680
4984.8023532410 0.2008137
4985.2522332547 0.5059435
4985.5132651857 0.3882649
4985.8312928696 0.0754402
4986.0370864952 0.1408627
4986.2078702295 0.1232785
4986.6460283408 0.5176066
4986.9424027628 0.5299051
4987.4211712748 0.4328079
4987.6226956271 0.2885633
4987.8825431653 0.4399681
4988.1427694944 0.3333324
4988.3083637909 0.0894606
4988.4850147252 0.2845311
4988.7001871443 0.1530890
4988.9687129591 0.1426933
4989.2341662178 0.3335458
4989.6354541470 0.3176203
4989.7889530307 0.1705646
4990.0110741269 0.3004355
4990.3436283448 0.4175968
4990.5271799036 0.6251909
4990.7028020458 0.1651367
4991.3626454444 0.2903153
4991.6629085640 0.1045984
4991.8495865443 0.2270024
4992.4642862105 0.7488527
4992.9806413074 0.0511734
4993.1430294245 0.1276032
4993.2960020399 0.2275523
4993.6118525629 0.0729305
4993.7712675503 0.2510991
4993.9425737274 0.1526896
4994.1621591527 0.1263668
4994.3153526073 0.1150628
4994.4622564808 0.0368683
4994.7042582827 0.3752668
4995.1710348195 0.3606714
4995.5285114148 0.7611023
4995.8748870209 0.0421186
4996.2110999069 0.3856056
4996.4632790443 0.2054410
4996.6671250891 0.4402534
4996.9191427039 0.0927400
4997.1091964542 0.1690715
4997.3022181132 0.0669460
4997.5614622887 0.1955702
4997.8973487097 0.1836786
4998.0555856462 0.1670865
4998.2428007028 0.2856135
4998.4919202988 0.7835734
4998.7327907330 0.1628870
4999.1047355467 0.2028998
4999.3964587441 0.1519631
4999.6236928355 0.2363982
4999.8693690675 0.1209172
5000.2330598592 0.1975126
5000.5277636096 0.1480542
5000.9008675933 0.7234523
5001.3801359084 0.3095960
5001.6604357523 0.4366090
5001.9074994946 0.4437107
5002.1315664961 0.2002151
5002.3857522712 0.5956700
5002.6095856910 0.2347785
5002.9234150858 0.2844923
5003.2626413398 0.4663801
5003.5568529521 0.1531450
5003.7203260428 0.1108973
5003.9351568411 0.2680336
5004.1910456302 0.4695500
5004.3432604794 0.2477423
5004.7671452319 0.2952656
5005.1338877800 0.4181311
5005.4455999946 0.3214976
5005.7984010585 0.1683020
5006.2859088403 0.2092378
5006.5636053865 0.2210692
5006.7212343156 0.1043733
5007.1110504675 0.4488407
5007.5198332602 0.5414941
5008.0981385439 0.1460945
5008.6140363337 0.7392479
5009.1347604869 0.3794387
5009.4023353757 0.1375665
5009.6019623572 0.5044548
5009.8449951642 0.4503760
5010.0754129088 0.1335471
5010.2262679293 0.3038600
5010.4599488014 0.1042849
5010.6299377871 0.2381704
5010.8400571178 0.0575338
5011.0457619154 0.8379293
5011.5255514537 0.2202253
5011.7338558526 0.1778279
5011.8922754143 0.2160943
5012.1530100974 0.2348150
5012.3417004741 0.3138455
5012.6374712188 0.0569469
5012.8680649921 0.0979774
5013.1387870503 0.3120837
5013.4699233247 0.7677470
5013.8439733644 0.2200765
5014.0888493743 0.1874434
5014.4389026372 0.3527583
5014.6882587482 0.6720412
5015.1940845514 0.0943565
5016.1264448966 0.1655376
5016.3315140486 0.5659811
5016.5322318542 0.3489241
5016.7517110463 0.4837587
5016.9212482651 0.1458239
5017.2160187581 0.1962779
5017.5675793048 0.8293222
5017.8776951868 0.1918041
5018.2733226764 0.3826583
5018.4274559619 0.1755323
5018.6041985166 0.2607549
5018.7601343314 0.3080166
5018.9729907447 0.3278866
5019.1570367608 0.2737237
5019.3269091200 0.0878892
5019.6789839356 0.2249290
5019.8479274881 0.4216112
5020.0599824791 0.0489986
5020.2609812317 0.1785201
5020.5807676965 0.2716106
5020.7440439932 0.1141371
5021.1275147050 0.0956468
5021.4307447901 0.7605146
5021.7563934842 0.0691333
5021.9300447490 0.3597612
5022.2282456982 0.1043644
5022.5781377667 0.2886879
5022.8772446973 0.3211881
5023.0125760575 0.2580877
5023.3278015027 0.6461516
5023.6407778503 0.3640884
5023.8567005517 0.5171117
5024.0504918208 0.2374142
5024.2725426413 0.8065887
5024.5863495106 0.1712233
5024.7464234581 0.3587571
5024.8978665416 0.3267953
5025.1110858652 0.0483558
5025.2602140736 0.2583222
5025.5118350147 0.0560855
5025.6926834545 0.0725803
5025.8990195391 0.0857401
5026.2520937973 0.8411803
5026.7083030897 0.0784194
5026.9755245986 0.6718907
5027.3176074863 0.3277046
5027.5908192180 0.0559548
5027.7383840218 0.3144751
5027.9265795358 0.1113347
5028.1013100707 0.1133213
5028.5260337864 0.3370853
5028.7049511145 0.2912012
5028.8873948701 0.1344837
5029.0432562899 0.2076843
5029.3319104777 0.3426768
5029.5276527385 0.4294454
5029.7599346122 0.3631552
5029.9325980886 0.2834156
5030.1593595052 0.1624414
5030.3773824091 0.4259308
5030.6608716351 0.1869026
5030.8649889830 0.5116784
5031.0222346616 0.2574207
5031.3152297851 0.1398300
5031.4747028860 0.3446240
5031.8264019045 0.2789556
5032.0269126944 0.1465269
5032.2170906377 0.2602588
5032.4230560978 0.4258903
5032.5666745147 0.2591289
5032.8793465501 0.3906367
5033.0499588829 0.0636830
5033.3698879978 0.3615974
5033.5419888965 0.0653215
5033.6912038316 0.3679534
5034.6296585483 0.3422562
5034.8053904729 0.3510751
5034.9823980467 0.4234132
5035.1981743264 0.0826434
5035.4218405037 0.1495567
5035.6387054432 0.3923748
5035.8900988915 0.3966743
5036.0705213837 0.0936527
5036.2907674524 0.4031577
5036.5747838135 0.2459500
5036.7619419566 0.4350924
5037.0000224168 0.1358185
5037.3175164381 0.7568638
5037.8681334026 0.6876981
5038.3214598043 0.5129547
5038.5233683996 0.1148357
5038.8442084319 0.2789566
5039.1194798704 0.0539495
5039.3898285605 0.0287321
5039.8108089152 0.7845930
5039.9961538480 0.3768557
5040.6705388301 0.2928791
5040.8490208190 0.4430214
5041.0311165386 0.0682006
5041.3683491311 0.8410859
5041.7480222768 0.1633975
5042.0286181932 0.5780389
5042.2988170058 0.3630891
5042.4858548401 0.7327670
5042.7665234964 0.1197219
5043.0230939264 0.3965866
5043.1689625361 0.5580007
5043.5941013010 0.3161536
5043.9872728779 0.0553171
5044.2914065138 0.4843221
5044.5464526497 0.1110288
5044.7182566451 0.5947328
5044.9865390703 0.5831141
5045.2449517918 0.3186204
5045.6443060442 0.5477438
5045.8204962564 0.3078794
5045.9944520346 0.1578036
5046.2138325096 0.3468349
5046.3997132284 0.0846992
5046.5660855107 0.3653400
5046.8349342779 0.5654165
5047.3277178019 0.3147978
5047.6736313787 0.3656458
5047.8511088141 0.0458442
5048.1198121937 0.2316397
5048.3892438671 0.3890982
5048.5608773692 0.1150662
5048.8205794661 0.4871151
5049.0112679346 0.1030609
5049.2135143061 0.1947924
5049.4677792580 0.1199232
5049.6250470511 0.2091907
5049.8440915891 0.3351066
5050.0004957429 0.0888714
5050.1566832691 0.3019173
5050.6322371369 0.5007972
5050.8127317461 0.1631700
5051.0540593894 0.5398223
5051.2349941958 0.4914133
5051.5518413584 0.5246937
5051.8697867634 0.4222263
5052.1722789899 0.3879936
5052.3369405102 0.1308404
5052.5123822268 0.1149809
5053.0469338744 0.6320961
5053.3094434512 0.5492908
5053.5911354385 0.0723394
5053.7427732467 0.1146730
5054.0213187378 0.0389885
5054.2916036827 0.5148162
5054.5611614746 0.4661190
5054.7384641371 0.3762478
5055.0010546368 0.4513064
5055.1925899638 0.2537072
5055.3644288239 0.3953109
5055.6661029760 0.3722422
5055.9033485974 0.3558488
5056.0466684449 0.3846638
5056.2027865154 0.1662183
5056.4573762588 0.3342698
5056.6290392928 0.0939379
5056.8315046370 0.3693026
5057.0075869062 0.2210303
5057.1963390744 0.3702822
5057.3776678888 0.3856350
5057.5529303403 0.0963222
5057.8323189587 0.4810511
5058.0297136454 0.1941740
5058.2933491454 0.5499766
5058.5026081770 0.1717112
5058.6721070166 0.1740900
5058.8983307093 0.1198105
5059.0607519071 0.1255974
5059.3397021802 0.2957332
5059.6551031958 0.3000349
5059.9095618069 0.2826156
5060.3147734140 0.4511644
5060.6401629865 0.5058120
5060.8017955254 0.2947870
5061.0913143801 0.4180724
5061.2600228207 0.1419209
5061.4734052006 0.6772420
5061.8470720515 0.4055481
5062.1466589143 0.1221773
5062.3924254860 0.0616678
5062.5453477696 0.0440995
5062.7943565237 0.4170306
5062.9436587148 0.4192408
5063.1330708217 0.5771492
5063.3004238029 0.4155612
5063.5170404041 0.5078444
5063.8739234741 0.1471218
5064.0608845398 0.0951192
5064.4706943445 0.5840380
5064.6599778381 0.2577240
5064.9354457596 0.5466536
5065.2676748353 0.3435505
5065.4776013886 0.2459424
5065.7238553423 0.3386303
5066.0680523512 0.8349161
5066.4292939629 0.4436554
5066.6402994739 0.4812329
5067.1105354104 0.4669110
5067.3934106738 0.5754455
5067.7105414767 0.0419957
5068.0845504154 0.4096955
5068.4225975912 0.4235362
5068.5749636096 0.2373695
5068.9381500912 0.4659571
5069.1256659171 0.4746615
5069.2948857577 0.4205447
5069.7002094956 0.4247127
5070.1831127049 0.5310326
5070.4755985465 0.3640099
5070.7903138900 0.3095770
5071.0345076295 0.5129906
5071.5289835983 0.4221396
5071.8492633425 0.3774191
5072.0424367846 0.0772009
5072.3273863436 0.3541330
5072.5422828129 0.5354576
5072.8797305337 0.5564692
5073.2633685387 0.3722430
5073.7421226396 0.2635188
5073.8829612346 0.2165439
5074.1337661546 0.3032515
5074.3330745695 0.6204223
5074.5471897823 0.1447769
5074.8321113959 0.4444502
5074.9942948780 0.1055772
5075.1740765203 0.5543538
5075.3460208984 0.2199158
5075.5153576731 0.1669699
5075.7206053884 0.0678323
5076.1706680521 0.4891854
5076.3429428186 0.1884193
5076.7405619758 0.3223982
5076.9696909930 0.1989993
5077.1462108389 0.3324604
5077.3100778998 0.3759102
5077.5209947238 0.5161028
5077.6887990820 0.3255424
5078.0039536689 0.5327119
5078.3269283758 0.4875838
5078.6551342442 0.3343326
5079.2479806363 0.1726657
5079.4408615947 0.2182237
5079.6895321310 0.1033142
5079.9200556811 0.1725821
5080.2395452629 0.2608917
5080.3993720807 0.4181286
5080.6365294356 0.6311479
5080.9575917563 0.3861647
5081.1545598827 0.7058452
5081.3807374379 0.4053363
5081.5698720611 0.1767640
5081.9454641657 0.3516977
5082.1110521166 0.3108358
5082.3357667733 0.0943665
5082.5110233959 0.4990675
5082.7656083875 0.2852933
5082.9942081479 0.6048526
5083.2410781579 0.5175344
5083.4666237563 0.2969500
5083.6033617146 0.3571528
5083.8993515095 0.3632080
5084.1987089003 0.1243132
5084.3764692898 0.4111076
5084.7579608566 0.7059863
5085.1433633240 0.4529395
5085.2998619688 0.1545325
5085.5228396856 0.4414838
5085.8037126814 0.1057705
5086.0458808927 0.4843042
5086.2680935665 0.4670075
5086.4405269602 0.3443375
5086.6020342878 0.4057961
5086.7749395171 0.4291392
5086.9485798320 0.3987354
5087.2929965504 0.3890368
5088.0722360447 0.4191516
5088.4752289845 0.5925810
5088.8446980980 0.2349732
5089.0435024372 0.0922738
5089.1979355144 0.3018472
5089.5442623931 0.4442785
5089.8848644393 0.3046249
5090.0180806434 0.2530446
5090.1575883910 0.4388422
5090.3143526488 0.1101075
5090.4513786564 0.2726105
5090.6323176845 0.5049854
5090.9317304358 0.2993679
5091.0855027080 0.0750638
5091.2465633990 0.4007232
5091.4719506905 0.2889743
5091.6815502027 0.3103296
5091.8119010753 0.4743130
5091.9901787262 0.3314851
5092.1679441010 0.4338302
5092.4489219500 0.2410502
5092.7232295749 0.3501365
5093.1031489826 0.3419589
5093.3054412920 0.5043657
5093.5505544319 0.4939954
5093.7339956272 0.3262461
5093.9838859282 0.5103380
5094.5185713553 0.0520251
5094.6848563675 0.0292537
5094.9859116292 0.3913541
5095.2338618249 0.1529505
5095.4621099400 0.4587905
5095.7203022105 0.2524606
5096.0312052126 0.3787652
5096.3089827633 0.5681117
5096.6005222551 0.2772700
5096.7861663180 0.4816640
5097.2459579969 0.2594071
5097.6077979401 0.1106979
5098.1359627282 0.0940268
5098.2864233326 0.3167736
5098.4225811424 0.4328361
5098.7585958369 0.0369788
5098.9136544948 0.2397146
5099.2207776442 0.1567140
5099.3784129377 0.1239659
5099.5615827339 0.3488740
5100.1289575154 0.6158938
5100.2952393494 0.2483614
5100.4608939267 0.3829557
5100.8140138035 0.4026299
5101.0203356093 0.3436768
5101.3527676733 0.4081470
5101.6740454203 0.4578421
5101.8716819261 0.3034456
5102.0355465379 0.3564887
5102.3633087005 0.4154344
5102.5160768906 0.3611564
5102.6623466121 0.1013352
5102.8392477823 0.3960084
5103.1112843412 0.4056791
5103.4011662876 0.2893595
5103.6850227113 0.3612440
5103.9168887843 0.1450082
5104.0813571677 0.3427944
5104.3876840098 0.2551884
5104.5217968379 0.1700395
5104.6692202771 0.2479081
5104.8198323246 0.2011666
5105.1943518687 0.1106633
5105.3283418044 0.1776949
5105.4804350963 0.3781335
5105.7250038998 0.2255057
5105.9772566377 0.5586745
5106.3026518843 0.3740472
5106.4960812135 0.1845943
5106.7519412416 0.3978281
5106.9585013543 0.5817418
5107.1500614165 0.3788325
5107.3567465026 0.1004514
5107.6608051041 0.5171427
5108.0081779591 0.3601584
5108.2934843423 0.5006104
5108.5388970123 0.0992917
5108.8796731332 0.4943880
5109.0658480037 0.6865680
5109.4958924145 0.2736948
5109.6567229326 0.3758490
5110.0729379848 0.5603328
5110.4313102286 0.4415708
5110.8628639826 0.4179557
5111.0566918202 0.5260639
5111.8400735491 0.7267060
5112.1762045373 0.3497002
5112.4093608991 0.4076498
5112.6925928839 0.4545844
5112.8417486674 0.2301417
5113.0362976680 0.2812960
5113.5279373713 0.2777622
5114.0693488575 0.5269397
5114.3904426971 0.3994273
5114.5673463838 0.4118807
5114.8582916825 0.6082727
5115.4544387437 0.5572184
5115.8146385792 0.1098692
5115.9783688817 0.3590118
5116.1476721771 0.2366123
5116.4831205877 0.2250049
5116.8208697409 0.3570142
5117.2046711173 0.2343946
5117.3984357516 0.5055079
5117.5603696869 0.3791427
5117.8829654992 0.5090001
5118.2138435955 0.3766450
5118.5096353467 0.2323647
5118.8920787435 0.1622621
5119.0814060581 0.1144188
5119.3513270965 0.2374533
5119.7673929604 0.3489361
5120.0257897130 0.1789119
5120.2167035003 0.4857004
5120.7676324489 0.3396221
5121.1682049320 0.3026402
5121.5369978096 0.5654393
5121.8736547869 0.4285154
5122.2984712221 0.4866704
5122.6694783100 0.4361179
5122.8490527615 0.1824425
5123.0607485200 0.3430724
5123.2445870563 0.1254246
5123.3857322427 0.1397333
5123.5405357634 0.3874304
5123.6795150336 0.3344089
5123.8910048678 0.1349477
5124.2191651465 0.3510441
5124.6055329437 0.2312964
5124.8686911368 0.6227432
5125.1585257983 0.5853351
5125.3706558138 0.3687274
5125.8140106559 0.5084890
5126.0030693226 0.5606092
5126.2795376685 0.2667745
5126.5473985141 0.3237602
5126.9279713318 0.6309131
5127.2632358537 0.4485978
5127.4439206729 0.1951573
5127.6166889457 0.2832562
5128.0755000835 0.3076617
5128.3625816551 0.6026091
5128.7869264224 0.7161694
5129.0938514248 0.5120118
5129.2752566567 0.1739452
5129.5236593267 0.3330851
5129.9198178450 0.4595608
5130.0622940982 0.3088200
5130.3344143601 0.3700790
5130.5610841276 0.3948066
5130.7602399137 0.4741217
5131.2288942749 0.5289892
5131.3622503517 0.2494858
5131.5633514659 0.2249814
5131.7098375368 0.2588780
5131.9666841155 0.2810207
5132.4092634594 0.4225439
5132.6940443222 0.2094567
5132.9014892753 0.5379090
5133.2191971807 0.3075559
5133.5751596264 0.3997117
5133.9354586864 0.2636645
5134.2622740464 0.4174407
5134.6009253263 0.5293047
5135.1273403835 0.5068660
5135.6421446916 0.5588908
5136.0139375524 0.5857980
5136.3410418611 0.1300572
5136.5178358995 0.6079797
5136.8478023404 0.0314321
5137.1017191130 0.2165231
5137.4773889171 0.5395556
5137.7004577008 0.3290758
5137.8778231920 0.4357947
5138.1392199459 0.1748363
5138.5006203636 0.6267025
5138.8164655983 0.4769310
5139.4215804458 0.2110065
5139.6142698359 0.0751513
5139.7962322013 0.5787677
5140.1538001707 0.6031982
5140.6903367397 0.4488289
5140.8989229011 0.5378150
5141.1179600940 0.3052512
5141.6495853473 0.5335481
5142.0955978467 0.0354467
5142.2540905973 0.0932627
5142.5013249053 0.2756875
5142.6792804758 0.3980792
5143.1625298867 0.7040645
5143.4506442351 0.0263228
5143.7662343761 0.6025035
5143.9526132090 0.3588023
5144.1433879320 0.4193020
5144.3700890765 0.7183781
5144.5565525723 0.3446155
5144.7450643733 0.0477678
5145.0257074445 0.5596430
5145.4427070865 0.6162652
5145.7813363310 0.0152593
5146.1029793150 0.5608429
5146.6251265630 0.2934490
5146.8951685242 0.6999467
5147.1981878025 0.6032816
5147.6028616165 0.5063447
5147.9482210843 0.5476365
5148.2885020207 0.3518308
5148.4161451333 0.3895925
5148.7310581284 0.1101795
5148.9109115971 0.8536140
5149.2007507391 0.5999755
5149.4810134625 0.3895721
5149.6948023037 0.6130258
5150.2667530224 0.4303971
5150.5724190980 0.0750687
5150.9502587935 0.6414399
5151.2488492164 0.6310385
5151.5932274465 0.1824025
5152.2809899930 0.6459965
5152.6245734225 0.5315702
5152.8791069604 0.3115004
5153.3493392001 0.7160731
5153.6244834243 0.8296143
5153.8172968949 0.1972369
5154.0536765816 0.5724838
5154.3733292231 0.3895333
5154.5155428561 0.0895673
5154.7281233886 0.4857920
5155.1073435758 0.5641860
5155.2991601519 0.4703815
5155.5321714230 0.5370669
5156.1821374065 0.2219074
5156.3467826608 0.5112208
5156.5893931376 0.5347025
5156.7911423183 0.1795904
5157.1880581979 0.6036174
5157.4305362600 0.1778221
5157.7701193395 0.4607028
5158.0574049889 0.5392463
5158.4416453759 0.6743109
5159.0190119999 0.4742792
5159.4244899910 0.0938186
5159.7293626930 0.4166555
5160.0534145505 0.5265280
5160.3678925298 0.3031308
5160.5030326022 0.3050108
5160.6940289227 0.6071528
5161.2199559277 0.6325093
5161.5933062292 0.5945435
5161.8927533688 0.2058612
5162.4305152058 0.2788241
5162.9119360760 0.3080732
5163.2163716646 0.2144171
5163.7146802313 0.4942230
5164.0089138248 0.3331070
5164.1862405084 0.4350782
5164.3763493146 0.2997972
5164.5885000384 0.6119059
5164.8682464962 0.0269255
5165.0699616323 0.4701703
5165.3147025620 0.0665782
5165.6186156735 0.0494350
5165.9903750959 0.1062037
5166.1391638436 0.0439952
5166.3035748601 0.2089044
5166.6455611075 0.2606897
5166.8312812968 0.2762077
5166.9837086834 0.2423734
5167.3955441056 0.3646192
5167.7229216052 0.6699499
5168.4824840056 0.1281964
5168.7663352990 0.6109819
5168.9336498296 0.4904839
5169.2751698454 0.1592026
5169.5985206546 0.4114187
5170.0205068720 0.4145832
5170.3403344440 0.6060364
5170.9238459025 0.2076264
5171.5451879430 0.2214901
5171.7193489475 0.0354627
5172.0349859753 0.5306429
5172.4669344176 0.4675950
5173.0408040326 0.5164416
5173.3403185095 0.1450072
5173.5622674069 0.1044039
5174.1314969083 0.6434798
5174.7461559751 0.2330999
5175.1879728177 0.7284036
5175.4218923132 0.1688320
5175.6783541001 0.1755854
5175.8939537086 0.2983351
5176.0744781092 0.2658859
5176.3679997530 0.4881699
5176.6752624253 0.2594176
5176.8416944945 0.4599684
5177.1183274926 0.3096240
5177.2520508439 0.3381403
5177.5648715567 0.4266771
5178.0110001607 0.1529889
5178.2442461786 0.5491842
5178.5988277403 0.3402964
5178.7621511828 0.4906555
5179.2648639229 0.3424931
5179.4672342014 0.3068254
5179.6327350639 0.3252467
5179.9186535862 0.5262900
5180.2070461375 0.2518593
5180.4904539819 0.4990737
5180.8146982888 0.3196791
5180.9916184122 0.4191585
5181.2221459082 0.3330775
5181.4308441024 0.4975926
5181.8134603013 0.3735314
5182.0304164745 0.4745975
5182.3288254042 0.3258266
5182.4737837486 0.0755007
5182.7165128041 0.2492531
5182.9872944087 0.3080266
5183.1792649803 0.3116388
5183.4021933044 0.3537326
5183.6935698728 0.1570318
5183.8090807574 0.2280602
5185.0544110072 0.6895322
5185.6093189530 0.1078521
5186.0064121107 0.0849108
5186.2869188870 0.1677420
5186.4653595779 0.2655075
5186.7596906454 0.0419529
5187.0330523098 0.0360784
5187.1873126528 0.3072884
5187.3507332549 0.1508067
5187.8043672589 0.3976010
5188.0083224240 0.0904539
5188.1815177890 0.0157575
5188.3723083191 0.0246629
5188.5435118539 0.1935741
5188.9855450506 0.3386372
5189.3566554136 0.2020309
5189.4972793867 0.3579853
5189.8453266793 0.0530302
5190.2933809307 0.5608657
5190.6807966566 0.0573834
5191.0390428659 0.1737759
5191.2529838717 0.0492666
5191.6283662944 0.3045402
5191.9927965513 0.4186873
5192.3050915265 0.0360068
5192.5044196519 0.4260041
5192.9054832141 0.5414497
5193.4467926706 0.2075539
5193.7951779169 0.5289623
5194.0054017244 0.2598402
5194.4199323042 0.8319364
5194.8034332719 0.3811329
5195.3123440041 0.4823548
5195.4836147300 0.3609872
5195.7938460085 0.0587607
5195.9458611572 0.0648139
5196.3954304994 0.7598812
5196.9239246484 0.4045221
5197.3925280502 0.4323063
5197.8969329660 0.3078122
5198.2375958000 0.0384707
5198.6322420095 0.1145515
5198.8244030598 0.4433834
5203.0811520985 0.4913670
5203.2683799673 0.1276183
5203.7783639867 0.6898775
5204.2068847829 0.4409614
5204.4279624766 0.4725225
5204.9393233542 0.4928361
5205.1290254129 0.0361850
5205.6807914016 0.2904513
5205.9817650031 0.7229650
5206.6005696761 0.3686095
5207.2147893591 0.2554874
5207.4919796580 0.6883201
5208.0522882052 0.3348595
5208.5371770578 0.3527654
5208.7245283122 0.3811634
5209.0360515957 0.3761154
5209.3156715430 0.3483105
5209.8804967657 0.6704124
5210.3509527169 0.2573614
5210.5303929354 0.2060993
5211.0269975213 0.4036011
5211.2049307187 0.3472989
5211.8445120135 0.8680364
5212.1938984734 0.4502827
5212.4055194332 0.5759860
5212.6699949797 0.3149911
5212.9879990624 0.1111075
5213.2490418050 0.0621650
5213.7160174235 0.3108412
5214.0175590927 0.0850044
5214.2779853018 0.1536541
5214.4630052581 0.1827492
5214.7890650878 0.0493540
5214.9913298072 0.0447636
5215.2818647459 0.0723663
5215.5897253593 0.2890921
5216.0690081684 0.1879904
5216.3011139963 0.0987112
5216.6358355945 0.5153459
5217.1119992142 0.0480667
5217.2719098143 0.0507544
5217.7330870234 0.6580550
5218.4038579562 0.0619943
5218.8481208717 0.5215733
5219.3750682501 0.2044685
5219.6443945033 0.2554867
5219.9494616561 0.0373161
5220.1163904367 0.0137670
5220.2687038547 0.0413617
5220.5220153231 0.0671619
5220.8044995517 0.0652418
5221.1576798103 0.7722543
5221.5407139107 0.0926261
5221.7290437022 0.1562289
5222.3446325542 0.1869156
5222.4923245321 0.1338686
5223.2079696057 0.3388016
5223.4678290301 0.0430547
5223.6537853803 0.0444297
5223.8486272273 0.2028029
5224.1339869943 0.4805195
5224.4304125890 0.0391324
5224.6499594968 0.1612046
5225.0786954737 0.4737883
5225.2745870911 0.0531779
5225.5834938511 0.2752602
5225.7640880141 0.5753209
5226.0037937321 0.5158896
5226.4018213310 0.6368197
5226.9854216701 0.6918199
5227.2674324374 0.1976397
5227.4346776254 0.0301662
5228.0041189545 0.3433760
5228.3216848633 0.5423260
5228.6441696225 0.5976080
5229.1850551470 0.1031067
5229.5447951707 0.1382237
5229.8394215403 0.3539839
5230.0411213872 0.0963377
5230.6345777971 0.0811675
5230.8056284903 0.0358811
5231.0125070972 0.1007956
5231.3106410222 0.5204009
5231.6678427217 0.3189507
5231.9696088448 0.0333340
5232.1421440940 0.0255029
5232.4273327917 0.1980795
5232.7093522753 0.0692794
5232.9526587468 0.0825902
5233.4165792255 0.0795021
5233.7182185261 0.0309758
5234.4014393233 0.5268356
5235.2693346661 0.2910076
5235.5311203518 0.1532753
5235.9056982740 0.0635171
5236.0765830253 0.1262420
5236.2653446489 0.0455641
5236.6425711474 0.2320338
5236.8462954471 0.3569022
5237.2611109494 0.0753748
5237.6592880698 0.2168493
5237.8805063304 0.0982792
5238.0759804530 0.0270573
5238.2524925044 0.0566622
5238.5018002781 0.0338580
5238.7020855227 0.0959566
5238.8969219558 0.0467712
5239.1560262797 0.0298318
5239.2955123080 0.0453905
5239.4566588367 0.0628839
5239.7529336230 0.0405800
5240.0324364315 0.6556678
5240.4205794317 0.3602151
5240.9485016093 0.0998116
5241.2681848128 0.2420997
5241.4016954500 0.1614597
5241.5696867730 0.0613334
5241.9444968128 0.1191888
5242.3372485027 0.2703768
5242.6502662416 0.0824350
5242.9134038425 0.1284304
5243.0659839205 0.1006818
5243.2156051003 0.0811504
5243.3939594348 0.0860608
5243.9572921601 0.5091810
5244.6131429338 0.0915814
5244.8148852297 0.2667106
5245.2407720900 0.3127617
5245.4446555267 0.0358313
5245.6703342800 0.0740138
5245.9736804249 0.0619337
5246.1454930679 0.0214373
5246.3343245250 0.0401508
5246.6185905573 0.0577672
5246.9198102965 0.0611292
5247.2483040921 0.1206247
5247.5984455453 0.1354995
5247.8192629747 0.2020999
5248.0197554693 0.5126602
5248.5159403619 0.7232703
5248.7539293066 0.3794101
5249.0350840418 0.7789941
5249.3827528878 0.2155512
5249.8431657817 0.1855943
5250.0275570076 0.0239104
5250.2598684206 0.0120359
5250.5682362170 0.1370319
5250.9032348788 0.1094742
5251.0570509292 0.0556284
5251.2860519109 0.0490239
5251.6758308282 0.6767808
5252.1099273534 0.6036522
5252.3897090351 0.3921736
5252.5960359265 0.0909604
5252.9477241866 0.3217414
5253.2308995331 0.0475326
5253.5729914371 0.7136149
5253.8429878227 0.0556180
5254.0637363573 0.1343714
5254.4875772126 0.1508187
5254.6710798340 0.0549836
5254.9302244491 0.4479392
5255.1444612494 0.1381377
5255.5613012406 0.0790733
5255.9910163327 0.0901648
5256.4144244948 0.7677485
5256.5823877168 0.3885204
5256.7777088780 0.3141238
5256.9724177863 0.0777205
5257.2680812130 0.4488567
5257.8674062482 0.0404690
5258.1675934510 0.0950978
5258.5227522708 0.0342792
5259.0854653529 0.2636116
5259.4458331415 0.1029335
5259.6128759295 0.0371554
5259.7875432491 0.0557703
5260.1433812014 0.0282258
5260.3945577270 0.1017363
5261.0742394581 0.0603992
5261.4401008223 0.2542065
5261.8500259477 0.5456207
5262.2318790337 0.0574847
5262.4136556588 0.0798397
5262.5837389482 0.0160912
5263.1702765643 0.6764638
5263.7045778525 0.6223546
5264.3438208340 0.1692108
5264.7781839642 0.4974035
5264.9466517342 0.3725050
5265.1847261617 0.1222034
5265.3368999302 0.1494358
5265.6388837974 0.7688465
5266.0592747259 0.0546316
5266.2474166389 0.0483903
5266.4434960270 0.0350363
5266.6184627995 0.2875165
5267.0202976345 0.6372927
5267.1880971274 0.7369261
5267.4347645360 0.4901084
5268.0246873514 0.5129343
5268.5967627418 0.0603568
5268.7423171477 0.0750812
5269.0103478199 0.0167597
5269.2888690278 0.0227419
5269.4417667808 0.0379105
5269.5873077434 0.0329828
5269.7863168839 0.0954961
5270.1139870392 0.0395239
5271.0091492374 0.4957092
5271.7528795343 0.6175280
5272.5191443076 0.0475977
5273.0908149367 0.1466518
5273.4675055279 0.2720664
5273.7187604129 0.0875516
5274.2868443379 0.0976619
5274.6370990654 0.4514338
5274.8559181175 0.5888612
5275.3970194836 0.0221698
5275.5998618986 0.0768584
5275.8192432910 0.0268752
5276.0003199959 0.0568713
5276.2594973637 0.0403348
5276.4524168948 0.1025430
5276.7498119276 0.5324604
5277.2247867041 0.5313963
5277.5392341719 0.4887381
5277.8610607564 0.0402081
5278.1646220035 0.0523292
5278.3108788901 0.0784724
5278.4788302783 0.0208437
5278.8721407837 0.0410091
5279.0234526777 0.0678328
5279.3129626011 0.0280448
5279.5457006951 0.0609400
5279.6988311240 0.0462255
5279.9679855232 0.0466143
5280.2457744237 0.0736022
5280.5626577129 0.1068067
5280.7868111599 0.0758165
5281.1062277148 0.1021449
5281.3325260337 0.0777058
5281.5401012429 0.0457372
5281.7996952655 0.3873039
5282.1208902551 0.0992055
5282.5946850836 0.1103533
5282.8050685219 0.0852625
5283.2635562418 0.5246725
5283.8497570287 0.4711029
5284.1617461465 0.1359322
5284.4116506985 0.0363486
5284.5777105951 0.0788429
5284.9163138964 0.4901896
5285.0942683433 0.4836337
5285.5732775050 0.0524555
5285.8627959354 0.4814296
5286.0735716601 0.1567315
5286.2391566208 0.0582039
5286.6202474371 0.1581531
5286.9384498931 0.0169526
5287.1109268110 0.1144283
5287.5497379116 0.1449796
5287.7255405562 0.0240000
5288.0408680168 0.0880238
5288.2314668750 0.0202835
5288.3890143845 0.0307422
5288.6528579341 0.1633024
5289.1849326632 0.0182439
5289.4364999214 0.0519846
5290.0047561148 0.3211125
5290.2715302565 0.2243697
5290.4457312554 0.0453913
5290.7544755535 0.3084611
5291.1286825794 0.0468880
5291.4133705264 0.0450905
5291.5499601113 0.0123162
5291.7731259112 0.0801638
5291.9463244536 0.0749521
5292.4225212839 0.1692670
5292.7664517118 0.1326415
5293.0341973743 0.0449080
5293.1959892169 0.0523591
5293.5261900961 0.0846538
5293.9080404218 0.0856884
5294.0755653228 0.1292203
5294.3205434579 0.1193474
5294.6377967170 0.1417913
5294.8603514857 0.1250766
5295.1063415810 0.0473395
5295.4304396551 0.1886281
5295.7850900828 0.0777218
5296.0207585676 0.1514122
5296.2024986784 0.0803837
5296.7931911215 0.1559981
5297.2561847684 0.5818757
5297.5391126807 0.0420885
5297.7676107552 0.0814172
5298.1722910602 0.8002489
5298.4251068868 0.1131543
5298.7115626402 0.4573838
5298.8598654997 0.5774658
5299.4962948578 0.5499961
5299.7524684203 0.7514679
5299.9548338204 0.4916198
5300.2608410063 0.2261692
5300.4682331066 0.0649533
5300.6411052957 0.0394427
5300.7826239676 0.0536626
5301.4879788810 0.2672218
5301.8655559052 0.0931161
5302.2263033038 0.7680473
5302.5240449982 0.3276488
5302.9328601801 0.0931255
5303.4155119541 0.1290263
5303.7781870979 0.5185047
5304.1363104187 0.0951050
5304.4060850097 0.0449992
5304.7164565623 0.0192024
5304.9288803061 0.0528772
5305.2890658277 0.0219477
5305.6572808799 0.1997884
5305.9826996645 0.0634905
5306.3380731043 0.0199529
5306.5092449026 0.0868673
5306.9316056194 0.0183511
5307.3808065513 0.0504043
5307.6307215204 0.0652381
5307.9661058632 0.0486301
5308.1280022196 0.0356790
5308.8394031976 0.6385493
5309.2813138382 0.0489713
5309.4434502692 0.0491482
5309.7425194228 0.0746079
5310.0288918720 0.1110775
5310.3826460337 0.0637666
5310.5812728726 0.0174683
5310.8071288502 0.0538490
5311.3020285186 0.1571636
5311.4755503555 0.0661524
5312.0231223760 0.1009998
5312.3540119342 0.1054108
5312.6688283978 0.1151116
5312.9109560743 0.0734845
5313.0803412492 0.0313821
5313.3858375488 0.0443331
5313.7886401188 0.0758425
5314.0469696451 0.0650796
5314.3369202713 0.2889943
5314.5518891186 0.0964534
5314.7187535822 0.3521692
5315.0431600742 0.1931278
5315.4184120313 0.0665978
5315.6040448286 0.0417373
5315.7533301162 0.0889073
5315.9120464780 0.0602388
5316.2366081424 0.0695155
5316.3931202968 0.0479256
5316.5540697643 0.1595086
5316.8373425319 0.0749229
5317.2463574616 0.0422039
5317.4240779903 0.0864644
5317.6529340215 0.1073962
5317.8570477867 0.0986384
5318.0983201283 0.1457126
5318.4545256805 0.0158958
5318.7432850222 0.0768894
5319.0213520836 0.0690258
5319.1970348899 0.0431052
5319.3449860731 0.0674675
5319.7873739724 0.0447938
5319.9647708960 0.0436824
5320.0924990481 0.0413569
5320.2535607169 0.2218131
5320.5506840497 0.0614672
5320.8364289192 0.0686698
5321.1516997206 0.0548573
5321.2965087168 0.0783024
5321.5125189355 0.1679433
5322.0984672208 0.0752192
5322.3863092705 0.0396834
5322.5955363413 0.2865094
5322.9408680684 0.0518406
5323.2769328452 0.0790731
5323.5266452701 0.4686837
5324.1068530478 0.0480968
5324.2889960187 0.0373798
5324.4968909153 0.0332412
5324.8211764029 0.0757393
5324.9965553907 0.1047312
5325.2510504318 0.1465888
5325.4200171202 0.2477122
5325.6666295799 0.4968684
5326.3182086392 0.0463379
5326.6145755748 0.0624455
5326.7917683670 0.0663709
5327.0630760116 0.0603163
5327.3620119027 0.0240416
5327.6267949582 0.2282575
5327.8985214951 0.0516221
5328.2957160843 0.0439978
5329.5244143397 0.5401753
5329.8103304111 0.3569576
5330.0176870470 0.6019852
5330.6262584063 0.5068285
5330.9408440826 0.0341480
5331.1142696622 0.1183197
5331.2814039244 0.3203759
5331.4724213046 0.2294693
5331.8298665790 0.0929398
5332.0690110915 0.0892242
5332.3172705444 0.1568877
5332.5544578853 0.1283944
5332.9434799999 0.2311168
5333.1479400251 0.0400459
5333.6250666117 0.0783836
5333.9100711330 0.0538346
5334.1431260530 0.2487733
5334.3869975471 0.6234492
5334.8414030070 0.0616127
5335.2344996202 0.1763115
5335.4371941558 0.1430960
5335.6167015489 0.1194289
5336.3219984772 0.1368668
5336.5759653345 0.0537218
5336.8730221014 0.0938986
5337.2137385699 0.0537520
5337.5363319364 0.2112375
5337.7820004217 0.0557218
5337.9715733297 0.1335275
5338.2794524233 0.3256775
5338.4788448499 0.0914665
5338.6450995806 0.0584200
5338.9267563127 0.1525479
5339.2069392119 0.0289879
5339.3484404125 0.0856835
5339.5308876113 0.0859049
5339.7874092517 0.3074285
5339.9613848117 0.0685631
5340.4598912471 0.0923002
5340.6401357990 0.0329786
5340.8242164739 0.1586476
5341.4193960282 0.5126410
5341.9387402318 0.2403885
5342.1646677258 0.2007892
5342.5054021635 0.6403642
5342.9770032276 0.0969496
5343.3270718349 0.0378670
5343.4953630607 0.0757449
5343.6543601081 0.0683169
5344.0159206104 0.1421598
5344.2066944616 0.2099692
5344.4471932623 0.2719108
5344.9154754336 0.2584004
5345.1442183200 0.0622398
5345.3090076926 0.1218938
5345.7446080599 0.0654711
5346.2479618149 0.1166677
5346.6678063717 0.0839504
5347.2914104943 0.7736049
5347.6660035451 0.1730457
5348.0442891309 0.1037613
5348.2950183420 0.0730551
5348.5943960663 0.0332242
5348.7662463532 0.0240457
5348.9921048525 0.0456578
5349.2164469176 0.0160841
5349.3939556837 0.0703135
5349.8097964660 0.7852637
5350.1830327573 0.0480050
5350.9526480324 0.7006863
5351.2183784957 0.3177203
5351.9395591364 0.0606730
5352.2669144142 0.0559741
5352.5620940618 0.2878853
5353.1787036079 0.0695243
5353.5383747847 0.1440367
5354.0787133023 0.0419696
5354.2596992478 0.0432207
5354.4566887012 0.1313275
5354.8714757476 0.3672287
5355.1782598817 0.0501980
5355.3299280791 0.0601637
5355.6201443952 0.0634851
5355.9826644139 0.1500507
5356.1826689122 0.0662803
5356.3751347701 0.1610187
5356.6052647727 0.0448423
5356.8857747011 0.1028918
5357.2397256056 0.1087277
5357.5783759598 0.2663389
5357.8960675049 0.0689400
5358.0313266371 0.0393021
5358.2772987556 0.0339275
5358.4636817523 0.0226563
5358.6562325340 0.1376857
5358.9880811454 0.0724063
5359.2262482128 0.1170114
5359.5923205420 0.0930241
5359.7988343880 0.0306103
5360.0356383924 0.0231798
5360.3542960670 0.0569685
5360.5236914241 0.0406876
5360.6870925426 0.0585200
5360.8581511134 0.0255375
5361.0458906130 0.0656331
5361.4514219674 0.0309857
5361.6334169752 0.1602741
5361.9228826255 0.0464489
5362.1667892854 0.1185670
5362.4554852007 0.0375179
5362.6787169569 0.0589688
5363.2136664090 0.2061687
5363.7550492276 0.1287474
5364.2376352355 0.2417451
5364.5687609985 0.1163180
5364.8432894770 0.0270588
5365.0156371733 0.1771240
5365.4924275569 0.0483474
5366.3689026508 0.4699931
5366.8921317717 0.4570687
5367.1154774206 0.1423981
5367.6176078351 0.0337344
5367.9604424838 0.0883743
5368.1372422388 0.3762498
5368.4863262747 0.0499565
5368.6890520648 0.1077345
5368.9650847472 0.4915518
5369.4418185601 0.0321526
5369.7251409773 0.0294000
5370.0379908802 0.0760883
5370.4734764026 0.1192427
5371.1004771968 0.4531267
5371.4578559075 0.5014353
5371.9959835085 0.0280372
5372.9882296251 0.5550677
5373.8531945946 0.0579569
5374.0670696111 0.0611399
5374.6351279688 0.0739126
5374.8554723213 0.0485421
5375.2111486411 0.3240530
5375.6429829851 0.0962980
5375.7817702441 0.1213530
5376.0190322197 0.1231868
5376.3047684051 0.0288596
5376.8325479421 0.1051793
5377.5911212409 0.1898468
5378.0872387840 0.2338189
5378.3279087699 0.1051336
5378.5559819259 0.0457003
5378.8728027845 0.1144445
5379.1067797556 0.2627677
5379.2959636286 0.0765152
5379.6694737292 0.0325155
5379.9638510420 0.0860401
5380.2085216561 0.0297227
5380.5369669768 0.0100248
5380.7727891109 0.0144776
5381.0770581031 0.3541506
5381.4248393122 0.0740158
5381.8003074569 0.1739281
5382.0755625804 0.0237253
5382.2466035352 0.1281637
5382.5249433919 0.2335616
5382.8876489632 0.0710338
5383.3066887920 0.0700899
5383.5911822408 0.0794212
5383.7636057250 0.0963795
5384.0654132127 0.0310858
5384.2399956730 0.1577100
5384.4217736028 0.1317857
5384.8694530428 0.5319279
5385.1935082060 0.1068908
5385.6406050815 0.2231883
5385.9705364127 0.1061801
5386.1337595736 0.3102363
5386.3850489669 0.0894209
5386.6353610996 0.2085937
5386.8778832445 0.0840508
5387.3838746424 0.0222329
5387.8352403389 0.2074936
5388.1443517779 0.0342165
5388.3064070881 0.0517651
5388.4741784332 0.3117770
5388.7711259878 0.0141681
5389.0385999401 0.2125438
5389.4827661278 0.0107487
5389.8573090129 0.1383871
5390.0811381829 0.1868755
5390.2775410866 0.0587435
5390.6637670590 0.4217078
5390.9884442125 0.4240562
5391.3249781593 0.0564820
5391.4913742487 0.4016495
5391.8920955591 0.1826989
5392.2715314116 0.0598705
5392.5593884237 0.1460777
5392.9609752161 0.2822726
5393.1299153148 0.2143805
5393.5674366441 0.1392659
5393.8944872230 0.0879335
5394.2989435321 0.1104452
5394.6733308199 0.5359554
5394.9090092335 0.2216877
5395.3529876273 0.1759276
5395.6863264551 0.0319536
5396.1805826928 0.8023294
5396.6229405455 0.1437535
5397.0515539619 0.1395627
5397.2350852349 0.0395466
5397.4090911667 0.0624317
5397.7515230621 0.0395859
5398.1067647851 0.5172921
5398.6320754005 0.5542923
5399.1120009183 0.1398866
5399.2994693126 0.1155443
5399.6084127450 0.0335999
5399.7878659611 0.3477598
5400.1361957519 0.0781585
5400.3544679447 0.0715256
5400.9746952358 0.1977306
5401.3114886997 0.0222647
5401.6866405576 0.0692831
5402.0152357347 0.3748685
5402.3266972110 0.1088163
5402.6047222367 0.1153194
5402.8930140118 0.2756391
5403.2182046116 0.1340993
5403.4263546354 0.1789899
5403.6050975336 0.0870813
5403.8084759146 0.0416604
5404.3972725050 0.1609328
5404.7712373489 0.1591697
5405.3304989806 0.3299067
5405.6457644241 0.4996121
5405.9788591348 0.1202100
5406.1820176083 0.0607153
5406.4890691009 0.1238612
5406.8580607898 0.1910180
5407.2828942479 0.5746666
5408.2971184106 0.2137947
5408.6925875355 0.0485755
5408.9104746799 0.3657736
5409.6120571899 0.0403432
5409.8846760079 0.1227863
5410.4432166839 0.2935725
5410.6369852441 0.2113795
5410.8618469305 0.0446875
5411.2935514458 0.7625017
5411.9233032540 0.0357462
5412.4180708968 0.4520368
5412.7203745571 0.1212542
5412.9525923073 0.0361970
5413.1085887803 0.0477513
5413.4254140057 0.1875689
5413.8940593802 0.2309026
5414.2694902635 0.1590322
5414.5799534923 0.0261517
5414.7884871640 0.0522830
5415.1874402644 0.1161340
5415.4206064489 0.0171017
5415.5967226512 0.0228982
5415.7598551092 0.0365571
5416.7116617271 0.4829706
5417.1804621766 0.0865020
5417.6758204330 0.1807830
5418.0073195873 0.0686837
5418.1831532052 0.1389646
5418.5432962529 0.2027995
5418.7830628505 0.0925889
5419.5832323330 0.0497233
5419.7290382291 0.0617065
5419.9823860613 0.0153589
5420.2920256844 0.2061256
5420.7458239046 0.0954551
5421.0855189181 0.0205137
5421.3069218370 0.0182157
5421.4711536604 0.0338283
5421.8899309569 0.4805157
5422.1097727596 0.1033151
5422.4192217433 0.1507515
5422.6465262976 0.1462917
5422.8267663033 0.1348505
5423.1347583487 0.0511525
5423.3839234668 0.1096014
5423.6632262771 0.0512821
5424.0296537963 0.0788845
5424.4273380266 0.0985051
5425.2686261919 0.1028263
5425.5829794965 0.4669548
5426.1592936656 0.2495058
5426.8227167906 0.1288975
5427.1405068135 0.0221956
5427.4857258362 0.1268106
5427.7647439231 0.6319945
5427.9411826065 0.1662121
5428.2656005088 0.0158148
5428.7062211308 0.0200410
5429.0100059177 0.0156100
5429.8954785428 0.0210695
5430.0707726916 0.0900304
5430.6548431065 0.3104587
5431.2098977489 0.5753089
5431.7841288695 0.0931771
5432.3063282455 0.1229576
5432.5020593092 0.0129027
5432.6691350458 0.0374821
5432.8886558783 0.0857713
5433.1199364891 0.1148977
5433.3685117455 0.1103837
5433.5689545670 0.0923390
5433.8391379101 0.0889284
5434.0548295813 0.7646012
5434.4663023305 0.3619058
5434.7315157078 0.0309342
5434.9172607976 0.0108468
5435.1893959024 0.0286910
5436.0389867742 0.5892115
5436.5276663597 0.0936164
5436.7333544525 0.1198259
5437.0253845379 0.1035568
5437.3746325636 0.3311305
5437.8092375693 0.2045339
5438.0951280069 0.3784407
5438.2347654830 0.3501980
5438.6011166141 0.1214972
5439.3535645969 0.1664338
5439.7961379212 0.3172933
5440.3837363206 0.1006695
5440.6786429061 0.0760513
5440.8236523568 0.1325027
5440.9830380342 0.1107024
5441.2105229563 0.1009256
5441.6128104508 0.0301840
5441.8231997007 0.0328149
5442.0245483478 0.1097574
5442.5558552667 0.0140306
5442.8554386118 0.1632102
5443.4258912093 0.1022596
5443.8927985822 0.2123531
5444.2429099937 0.1045445
5444.5705158990 0.0570519
5444.7490196503 0.0215872
5445.0907917469 0.0370686
5445.2653842845 0.1361221
5445.7049860616 0.0169534
5446.1274951972 0.0973863
5446.3646770801 0.1880655
5446.5588377609 0.4535617
5446.7999309679 0.1263264
5446.9738804046 0.0488631
5447.2483239530 0.0728961
5447.4285947969 0.1163470
5447.8411400149 0.0753394
5448.1276338700 0.4127919
5448.4325707678 0.5930409
5449.4241650863 0.1059585
5449.9162852850 0.0874584
5450.1366994745 0.0210934
5450.4234816881 0.0999787
5450.6701259989 0.2862582
5450.8594766777 0.1137974
5451.0462512691 0.1571809
5451.3289453922 0.0239141
5451.8604087040 0.0636710
5452.0463451020 0.1432559
5452.4839494628 0.0929349
5452.6650875804 0.0295302
5453.1481335507 0.0931703
5453.3714372831 0.1243412
5453.6069091334 0.0279591
5453.7471352715 0.1010404
5453.9551536143 0.0303784
5454.1599484969 0.0247916
5454.4700512977 0.0442916
5454.7495993032 0.0485332
5454.9033784692 0.0548375
5455.1720811702 0.4170918
5455.6204371838 0.0848895
5455.8795989186 0.0905608
5456.0946211219 0.0623774
5457.1327615916 0.5859459
5457.4448566963 0.2089483
5457.8929818406 0.1422873
5458.4075491704 0.0628394
5458.5726173210 0.0307835
5458.9465982155 0.1200232
5459.2569890766 0.1095682
5459.5372302001 0.0613579
5460.1617799990 0.1065066
5460.3896377605 0.0578415
5460.5535982762 0.0430995
5460.7021774062 0.0812248
5460.9414950269 0.0721806
5461.1979676970 0.0608716
5461.5203436888 0.0239195
5461.6877006915 0.0298404
5462.0207804509 0.6389992
5462.5040274950 0.0894902
5462.6847843149 0.1852547
5463.3642712129 0.0289681
5463.5103559780 0.0381328
5463.6638176823 0.0129552
5464.0180581317 0.1522402
5464.4841466677 0.3842549
5464.7981084558 0.3363650
5465.0655029336 0.0916130
5465.2710289464 0.0960765
5465.4683591715 0.1045462
5465.6302077853 0.0737568
5465.8000467421 0.2193292
5466.0037180501 0.0774900
5466.1708072730 0.0426446
5466.3169850338 0.0314690
5466.4826821853 0.0161168
5467.1007226163 0.0322355
5467.2761859850 0.2223942
5467.4696270829 0.0448115
5467.9285991128 0.3451948
5468.5129968851 0.1715831
5469.0413430153 0.0303665
5469.3170931261 0.0562394
5469.6012084402 0.1163175
5469.9131317577 0.2395901
5470.1366434240 0.1167276
5470.3408802050 0.1734055
5470.7713482087 0.0759358
5471.0408496025 0.1302779
5471.4038635198 0.0406237
5471.6429521152 0.1897487
5472.1618387138 0.4851738
5472.7227540228 0.4636137
5473.3180749874 0.1374776
5473.6937039742 0.0405602
5473.9125047348 0.0431124
5474.2179290704 0.4504920
5474.6781517711 0.1068214
5475.0563075737 0.1306847
5475.4261053653 0.3631835
5475.7480706677 0.4891105
5475.9863930409 0.1964230
5476.4212361480 0.1625676
5476.8553735671 0.1432218
5477.2755823082 0.1617113
5477.8141950896 0.2487591
5478.0913992539 0.4101696
5478.4315530740 0.5738875
5478.7749081690 0.0960774
5479.2215499487 0.4173124
5479.6970874932 0.1400286
5479.9785032731 0.1516851
5480.3094037943 0.2070859
5480.5543751949 0.0387912
5480.7560767638 0.2037012
5481.0714121100 0.1033879
5481.2532848554 0.0257851
5481.4106442763 0.0441473
5481.5593904578 0.0411947
5481.8586306076 0.0400317
5482.0322662141 0.1857172
5482.3833647192 0.3079005
5482.9377500776 0.4245847
5483.2119842322 0.1532436
5483.3869813228 0.5124626
5483.8816325446 0.2509979
5484.1348047567 0.0716512
5484.6304130048 0.2672519
5484.8846078903 0.5056519
5485.4576802009 0.0414020
5485.6180636307 0.0859513
5485.7717592951 0.0951218
5486.1613998732 0.2731378
5486.4090946941 0.1104016
5486.6660349736 0.0373822
5487.0805967161 0.1192215
5487.3974261557 0.0838937
5487.6304040781 0.0556780
5487.7663259177 0.0746512
5487.9879490286 0.0926995
5488.3003455953 0.1132753
5488.6843101301 0.1413614
5488.8161059784 0.1544530
5489.0435677288 0.1292462
5489.2678092994 0.3744895
5489.4557787158 0.1641196
5489.7136950877 0.3619463
5490.0003104221 0.1172648
5490.2684844330 0.1757097
5490.4854275356 0.0437117
5490.7013001125 0.0327765
5491.1943745613 0.0510524
5491.3841479902 0.1035525
5491.6760518077 0.5660942
5492.3769515367 0.4247200
5492.6280445183 0.1177141
5492.8388565251 0.0461168
5493.1869388732 0.0662872
5493.3636316904 0.0690261
5493.6287625507 0.0116514
5493.8255781909 0.0515297
5493.9912069241 0.0916582
5494.3133963196 0.1050241
5494.4764442440 0.0215530
5494.7500687428 0.0499432
5495.0022768135 0.2339840
5495.3848327079 0.1192494
5495.7091105821 0.0783953
5495.8820964104 0.1790888
5496.3251920201 0.1499549
5496.7360544938 0.0507561
5496.9799030835 0.2206780
5497.1992338969 0.0434674
5497.3844395186 0.1708633
5498.0936422434 0.0585498
5498.3171608955 0.0458575
5498.4753618571 0.0639018
5498.6426736014 0.1285474
5498.7824997468 0.0418241
5499.0502603225 0.6485962
5499.4563621474 0.1932224
5499.7000055338 0.0408174
5500.0404015448 0.0614528
5500.3653680161 0.0228451
5500.6360566046 0.0427529
5500.9438322060 0.1027818
5501.2445981260 0.0385076
5501.4378350739 0.0291326
5501.6175544924 0.1929563
5501.9147442079 0.0231666
5502.0899940531 0.1401282
5502.3278567874 0.0849502
5502.9979171380 0.6870249
5503.6639970667 0.0650690
5503.8304597962 0.0493020
5504.1334755488 0.0169691
5504.6031300685 0.2064455
5504.9134484316 0.1397118
5505.4283845935 0.3288190
5505.6918419440 0.1131612
5505.9005359012 0.1264264
5506.3931366800 0.0660509
5506.7274632353 0.0541918
5506.9018190637 0.0545928
5507.0811952627 0.1838166
5507.3975166905 0.2505055
5507.7324610415 0.0374313
5508.0305358873 0.2488879
5508.3140454339 0.6470715
5509.2818149122 0.1339456
5509.6004473487 0.0107526
5509.9525249365 0.0759319
5510.1577748260 0.0164432
5510.4157887956 0.0650989
5510.5901667812 0.0435897
5510.9905199913 0.1256623
5511.2134815610 0.0426235
5511.5425393428 0.1483887
5511.7619260981 0.0816995
5512.2334576368 0.2553236
5512.5294341452 0.1429716
5512.7031755517 0.1856410
5512.9141666755 0.2245536
5513.3193848568 0.3242655
5513.7804763591 0.2342700
5514.0643196384 0.6551343
5514.5159178363 0.5785060
5514.8456222832 0.0747505
5515.0315931864 0.0137344
5515.3346319026 0.0204171
5515.5466748686 0.0671124
5515.8827308223 0.5830178
5516.0711967523 0.6702460
5516.4485745515 0.0582771
5516.6360217296 0.0993308
5517.0656657671 0.2571397
5517.5357208170 0.1495307
5517.9654147687 0.1290033
5518.3052440419 0.4212390
5518.6221307384 0.0303056
5518.9422825571 0.0374929
5519.1164061581 0.0737205
5519.5847165841 0.0964010
5519.8963965510 0.1944471
5520.2862344209 0.1957978
5520.5016386668 0.0508622
5520.8451133355 0.0560743
5521.1851069847 0.0922846
5521.3656982738 0.0660807
5521.5782227711 0.1633910
5521.7526415920 0.0622345
5522.0523211354 0.3561274
5522.4327145549 0.0637748
5522.6488887574 0.0437789
5522.8379844983 0.0355201
5523.0032901758 0.0198919
5523.3030937932 0.0408970
5523.4921899945 0.0251153
5523.6500263874 0.0195405
5523.9913205361 0.2195501
5524.1908117138 0.0543878
5524.5383648144 0.1126859
5524.8308691834 0.0530984
5525.0234574980 0.0145989
5525.4833573938 0.0498411
5525.7900807709 0.1626214
5526.1019944744 0.0198250
5526.3099808619 0.1845151
5526.5986828265 0.0244166
5527.0827389054 0.2660555
5527.3492683287 0.1482580
5527.6354193126 0.0174661
5527.8924361057 0.0235202
5528.3481886867 0.3418651
5528.7205233790 0.0267479
5528.9273463370 0.0898627
5529.1152053601 0.1497362
5529.4759598903 0.1265843
5529.9471895765 0.5400475
5530.7000057999 0.1322633
5531.0938953711 0.0146662
5531.5344492859 0.0203932
5531.7203458460 0.0127267
5531.9862661593 0.0869987
5532.3237830352 0.1926142
5532.7554381144 0.0424764
5532.9796724745 0.0306590
5533.2484806199 0.1642430
5533.5215505536 0.0476148
5533.6955835759 0.1336635
5533.8394590835 0.1493317
5534.1222207662 0.1555614
5534.2847950181 0.1645665
5534.5722987376 0.2220371
5534.7694430931 0.0370558
5534.9463564952 0.0254778
5535.1329852522 0.1080499
5535.3713988506 0.0362880
5535.7010548594 0.0717619
5535.9639101163 0.0615347
5536.2000936996 0.0933017
5536.4931603361 0.1018259
5536.6718949152 0.0282692
5536.9893570880 0.4072761
5537.3088120632 0.0439751
5537.4392642866 0.0464530
5537.6021307178 0.0186262
5537.8874213782 0.0589699
5538.1188473917 0.0920423
5538.6227850729 0.0164094
5538.9265815869 0.0713888
5539.5830499902 0.0370090
5539.7557240417 0.0372521
5540.0800250033 0.1390470
5540.4025685956 0.0682757
5540.5932099966 0.1858180
5540.8184437874 0.1182990
5541.0207108939 0.0156867
5541.3434566809 0.0289377
5541.5288283447 0.0183389
5541.7080811642 0.0160214
5541.9948752987 0.1208201
5542.2513098442 0.0707437
5542.4708070135 0.0249167
5542.7565551891 0.1400707
5543.1008624866 0.0223436
5543.5625708634 0.0702637
5543.8640012986 0.0862387
5544.2284144874 0.1287756
5544.4016516010 0.1229734
5544.7332255285 0.2503255
5545.0900106204 0.1138522
5545.2743783875 0.0236252
5545.4905876400 0.3387738
5545.9123003357 0.0508097
5546.1418955040 0.1522975
5546.3505447776 0.1719559
5546.5894226957 0.0422729
5546.7797571773 0.1754590
5547.1226455387 0.1480613
5547.4702850495 0.1359409
5547.6732951672 0.0777273
5548.0429402166 0.1987979
5548.5830917719 0.3523826
5548.8212681139 0.1148632
5549.0209598058 0.0141328
5549.2910522334 0.0153684
5549.4905672784 0.0500153
5549.9917069544 0.0245453
5550.2622326884 0.0959805
5550.4515422176 0.0957654
5550.8069365724 0.0335644
5551.0736602011 0.1117252
5551.4742880594 0.1209682
5551.6950967334 0.1007045
5552.0162100117 0.0486474
5552.2219635943 0.2661408
5552.4257403689 0.0758839
5552.6473058155 0.1666989
5552.8171236689 0.0741833
5552.9957924867 0.0292155
5553.1907812441 0.0208278
5553.5236773510 0.0275142
5553.7540834797 0.0155329
5553.9466373070 0.0241843
5554.2345495377 0.0409775
5554.4320040443 0.0119079
5554.8521041772 0.0467555
5555.1028104595 0.2131484
5555.6032995877 0.0876010
5555.8259611286 0.0263317
5556.0025915430 0.0241782
5556.4336576067 0.3219109
5557.0666047610 0.0675107
5557.2540280091 0.1022208
5557.5276949063 0.0300433
5557.7622696306 0.1911478
5558.0511681672 0.0928071
5558.2239008312 0.1835314
5558.6059850518 0.1938773
5558.7994475838 0.0438706
5559.0012934454 0.0824701
5559.1719802832 0.0653124
5559.4889490194 0.2094217
5559.7280149545 0.0771998
5560.2933875410 0.0644093
5560.7103972235 0.0895897
5561.2671040961 0.0845507
5561.7573510747 0.2530917
5562.0692896688 0.0637582
5562.5479622561 0.0196432
5562.7640655883 0.0616853
5563.0214458177 0.2269324
5563.2208053269 0.0797925
5563.5201470367 0.1761556
5563.7934456691 0.0454481
5564.0719361888 0.0889172
5564.2518148341 0.2847561
5564.9194389930 0.0955154
5565.1696076670 0.4089067
5565.4958427227 0.0858695
5565.7422841612 0.0573279
5565.9078459323 0.0526691
5566.4666119511 0.1167228
5566.7465567909 0.0143082
5567.0306080979 0.4433354
5567.2500862037 0.3577877
5567.6612572425 0.1232206
5567.9689970087 0.1522718
5568.2608657750 0.0894663
5568.4574705904 0.1718681
5568.9479485082 0.3104821
5569.3682857773 0.0563752
5569.6206829390 0.1432308
5569.8016492970 0.0965206
5570.1241688932 0.0634826
5570.4212110030 0.0538802
5571.1703613218 0.4688120
5571.5681336642 0.0579146
5571.9941469221 0.1439705
5572.3084367211 0.0351308
5572.5845971833 0.2090411
5572.7969178794 0.0462790
5573.0784816454 0.1788725
5573.7276770130 0.0311812
5574.3930654479 0.4847927
5574.6440595174 0.2028126
5575.0836534365 0.0859426
5575.5705026916 0.0632258
5575.9042330370 0.0834884
5576.1104246470 0.0155417
5576.3461273519 0.0164619
5576.6065458104 0.0239494
5576.8936432872 0.1603108
5577.1023520601 0.0539207
5577.4073686949 0.1892556
5577.6423839867 0.5077422
5578.4115561264 0.0606689
5582.4062323156 0.0232991
5582.6164490839 0.0230791
5582.8584088138 0.0257524
5583.1613753344 0.0471381
5583.5221782488 0.7039856
5583.9352519600 0.0985514
5584.2136143072 0.0116819
5584.5258315004 0.1789513
5585.0916123654 0.1547735
5585.4716042885 0.0846516
5585.7135301508 0.0149680
5585.8715468127 0.0319491
5586.0517174842 0.3432187
5586.3173625846 0.2148129
5586.5487171026 0.0687927
5586.7764386500 0.0678363
5587.0283431393 0.0222097
5587.2168911997 0.1028414
5587.5539178040 0.0744644
5587.8596544678 0.1631219
5588.3110703179 0.4810828
5589.1142918429 0.1735757
5589.4134147904 0.3992591
5590.3076957691 0.7015674
5590.8698336275 0.1627337
5591.6698240634 0.7134365
5592.2900905860 0.1205662
5592.6338235760 0.0182888
5592.8691273223 0.0435789
5593.3064249545 0.1079213
5593.5055999770 0.1421562
5593.8130773498 0.2534028
5593.9707551838 0.3542717
5594.2031722494 0.1842965
5594.5161965448 0.1268827
5594.7246869971 0.0162422
5594.9759011761 0.0136870
5595.2930583163 0.1230429
5596.0200776802 0.7016464
5596.5998045254 0.1358601
5597.0009081491 0.0144823
5597.1581567895 0.0201683
5597.7385617172 0.1633669
5597.9814977756 0.0489413
5598.3160689813 0.1027302
5598.6595065366 0.1156890
5599.0107915891 0.0590072
5599.3381942800 0.2035846
5600.0381039654 0.6413015
5600.4152163108 0.0400750
5600.7248473134 0.0370406
5600.9181046676 0.0397825
5601.2485810011 0.0799113
5601.5967358491 0.1466027
5601.7953633787 0.1793226
5602.1160445352 0.0420025
5602.3652722771 0.1468316
5602.8346336464 0.6768327
5603.3703010555 0.0316087
5603.6191809351 0.0679070
5604.0468928054 0.0716181
5604.3964429682 0.6279288
5604.9122991647 0.0360167
5605.3065165750 0.0731385
5605.4870805189 0.0805354
5605.7493819864 0.0544723
5606.0606314549 0.0880691
5606.4947241825 0.3454729
5606.9774822260 0.0184182
5607.1620457593 0.0251886
5607.3577891105 0.0152924
5607.5391084570 0.0293870
5607.8200990602 0.0158850
5607.9878416385 0.0368850
5608.2138808864 0.0471143
5608.4770087663 0.0544853
5608.8103833794 0.0637339
5609.2237147111 0.0945635
5609.3955285179 0.0892936
5609.8157240445 0.0340853
5610.0865356386 0.0297401
5610.3355126477 0.0472313
5610.5526603604 0.0815309
5611.0179996127 0.0432419
5611.3324510504 0.0381763
5611.5069591080 0.0403772
5611.7915373723 0.1187244
5611.9953397891 0.0568243
5612.1822907224 0.0108970
5612.3594432771 0.1155745
5612.5504478439 0.0243066
5612.7303994968 0.0353378
5612.9116778543 0.0637642
5613.1712870763 0.0262430
5613.5081365314 0.0167728
5613.6868994469 0.0328181
5614.0474058348 0.0115966
5614.3963990160 0.0998465
5614.6443181645 0.0284079
5614.7867368471 0.0224080
5614.9705000295 0.0878783
5615.2807834658 0.0134328
5615.4912771624 0.0469634
5615.8536536714 0.0941619
5616.3362937926 0.1519700
5616.6309974859 0.0999280
5616.8637861517 0.3980570
5617.2068597828 0.4779182
5617.8379886712 0.0788586
5618.1593790078 0.0452604
5618.4859822178 0.0734562
5618.7085789905 0.0853537
5619.0881748041 0.0964023
5619.5613951209 0.0454698
5619.9370586742 0.1273393
5620.1961695767 0.2646075
5620.5651222868 0.0947461
5620.7544283929 0.0408291
5620.9288062991 0.0697215
5621.1485914815 0.1953432
5621.7129220115 0.0848140
5621.8879358981 0.1003514
5622.0511591334 0.1083338
5622.2334508452 0.1566344
5622.4704924904 0.1206401
5622.8990761901 0.1350604
5623.1889803245 0.0685187
5623.4528706162 0.0284372
5623.6320247099 0.0478894
5623.8109245458 0.0661548
5624.0499268558 0.0366965
5624.5063948398 0.0555318
5625.0678302099 0.0464847
5625.5856193449 0.2127339
5626.1344636208 0.5917912
5626.4366574519 0.3714430
5626.8859468195 0.1251972
5627.2427575593 0.0423643
5627.5845063835 0.3250774
5627.9845482989 0.0354196
5628.2438818252 0.0414011
5628.6679923444 0.0412125
5629.1983798405 0.6128340
5629.7496635926 0.0551589
5629.9079116606 0.0516918
5630.2073494374 0.1998912
5630.7960528325 0.0461753
5630.9377332926 0.0226850
5631.7056240341 0.1344146
5632.4173149750 0.0569430
5632.6112808311 0.0236996
5632.7820561386 0.0259582
5632.9791486106 0.0196462
5633.3415766863 0.0315676
5633.7111149728 0.0777842
5634.0163340972 0.1078163
5634.4553697709 0.0106375
5634.6130163097 0.0212920
5634.7938086053 0.0418121
5634.9924576342 0.0267832
5635.5075888591 0.2339520
5635.7936616768 0.0329567
5636.1147561260 0.0195205
5636.4317574213 0.0192321
5636.6221285781 0.0230016
5636.8760374989 0.0279336
5637.0696675170 0.0208790
5637.2182626772 0.0231325
5637.3926185934 0.1773570
5637.7778674624 0.0439824
5638.0901980903 0.0178181
5638.2658419711 0.1235376
5638.4725742520 0.0357981
5638.6794825101 0.1513250
5638.9637774544 0.1159355
5639.2612724173 0.0720329
5639.8263952099 0.3604297
5640.2759884408 0.0675356
5640.5098446932 0.0199679
5640.7400838088 0.0344292
5640.9152647467 0.0343753
5641.1122581755 0.0535202
5641.3256625712 0.0179148
5641.5110977004 0.0238139
5641.7137886124 0.0136115
5641.8873590502 0.0568193
5642.1000664199 0.0283055
5642.2530273686 0.0514397
5642.5499471197 0.1194710
5643.0092419065 0.2726245
5643.2815004557 0.0336783
5643.4581155980 0.0952326
5643.9459385417 0.0740481
5644.3341745043 0.0452018
5644.6686129062 0.0464470
5644.9103715131 0.0346922
5645.1118332679 0.0164590
5645.7065054463 0.5771093
5646.0606739134 0.0283455
5646.3659662349 0.0396469
5646.8484159551 0.0323826
5647.1815656741 0.0383872
5647.3927612920 0.0689904
5647.6772640268 0.3963739
5648.2366299400 0.0572012
5648.8002511213 0.1391390
5649.1221394712 0.0250559
5649.4459218976 0.0534025
5649.6512718837 0.0438844
5649.8256727963 0.0580481
5650.1361840653 0.3982856
5650.6536687851 0.0996328
5650.9568187568 0.0816967
5651.2208255044 0.1185061
5651.5585759262 0.1257895
5652.0282493459 0.0316859
5652.2501598002 0.1323949
5652.7695531424 0.0183463
5653.0477858141 0.0980971
5653.3443122865 0.0356041
5653.7133375308 0.0163161
5653.8875921856 0.1504128
5654.0959376244 0.0166350
5654.4408681577 0.0254367
5654.7033705750 0.0182205
5655.0785896361 0.0247535
5655.2477664839 0.0203354
5655.4400142997 0.1815804
5655.6280533303 0.0291093
5656.0892085265 0.0448697
5656.4649890687 0.0289580
5656.7496058792 0.1867496
5657.0609391623 0.2899815
5657.3364555102 0.0209554
5657.6374901304 0.0144359
5657.8076231047 0.0331691
5658.1960147998 0.0108631
5658.4475533879 0.0499015
5658.8278899599 0.0367039
5659.0149503102 0.4371067
5659.4417946965 0.2542380
5659.9165591146 0.1089866
5660.1085599061 0.3049846
5660.3933479444 0.4702183
5660.6729927879 0.1369101
5660.8552072032 0.0805319
5661.1375672328 0.0684281
5661.3997144286 0.0350293
5662.0421164572 0.0292401
5662.3684179855 0.1092900
5662.5964715368 0.0510051
5662.7591248531 0.0550633
5662.9244399311 0.1038819
5663.1082313188 0.0296048
5663.2975130346 0.0112375
5663.7277420895 0.4724317
5664.0904054204 0.3829191
5664.4768041376 0.3757151
5665.0515860812 0.0111834
5665.2369949922 0.0214523
5665.4066722973 0.0689659
5665.5956733488 0.2452306
5665.8060145060 0.0425474
5666.1129017760 0.1268132
5666.8062536328 0.0117386
5667.1232201283 0.0622499
5667.5120020449 0.0156404
5668.2443077685 0.0325941
5668.7192628559 0.1039418
5669.0889005052 0.2263089
5669.5656242863 0.0363447
5669.9408303551 0.4370569
5670.3635814962 0.0566269
5670.6052526021 0.1255505
5670.9137668201 0.0302438
5671.2069905800 0.0845115
5671.5224985983 0.0627904
5671.7644087787 0.0273005
5672.4277084380 0.6767367
5672.7783954130 0.0186262
5673.0831439655 0.0114591
5673.3835349630 0.6147578
5673.8255605606 0.0160868
5674.3112735297 0.0201800
5674.6215696964 0.0550055
5674.9917996984 0.0842052
5675.7744846633 0.0444174
5676.1593431075 0.0359068
5676.6599739777 0.0452201
5676.9933823856 0.4541564
5677.3260857353 0.0293859
5677.6917902192 0.0149576
5678.0516212129 0.0122031
5678.3709245002 0.0377294
5678.9004472979 0.0162800
5679.2555685531 0.0383858
5679.9069418032 0.0269427
5680.1803870998 0.0266279
5680.6042419446 0.2654875
5681.0177617863 0.0149996
5681.3050955471 0.0289290
5681.4960583292 0.2649844
5681.8282028324 0.0722687
5682.1289273543 0.0345286
5682.4752100384 0.0588405
5682.6541441044 0.0288113
5682.8067472898 0.0292304
5683.2633417513 0.0162063
5683.7761751914 0.1611297
5684.2197719181 0.6915504
5684.8181512241 0.0290456
5685.2479802503 0.0438393
5685.7642437696 0.1653581
5686.0628764044 0.0987241
5686.6282333422 0.0103456
5686.8421297188 0.0199103
5687.0496673651 0.0108379
5687.4938545126 0.0314217
5687.7727613237 0.0526720
5688.1110553354 0.2913203
5688.4167957923 0.5077606
5689.0439964001 0.0180642
5689.3749200718 0.0246902
5689.7891085894 0.7396195
5690.7131389645 0.0421466
5691.0446948863 0.3992986
5691.6284590219 0.0199833
5691.9997861797 0.0786452
5692.5029316878 0.0366991
5692.7609133159 0.0193639
5693.0785778343 0.1962327
5693.2712339535 0.0639727
5693.5013294848 0.0638106
5693.6815888292 0.0185931
5694.1731918523 0.0114315
5694.3402613197 0.0112227
5694.4886786092 0.0119359
5694.8922975344 0.0132874
5695.2245365616 0.2039595
5695.5528502293 0.0209890
5695.7971388671 0.0207654
5696.1027872040 0.0385289
5696.3210456610 0.2050013
5696.5635342678 0.1544344
5697.0313881427 0.0235830
5697.3389824507 0.0294665
5697.7646026819 0.0579233
5697.9519819517 0.0520665
5698.1286764643 0.0160566
5698.2766259998 0.0141849
5698.4554097212 0.0590846
5698.6821276416 0.0622706
5699.2849697979 0.0196806
5699.6038078641 0.1110786
5699.9031341025 0.2825857
5700.1049510743 0.7261167
5700.6711973354 0.0309141
5700.9890881792 0.0173382
5701.7453728838 0.4341872
5702.0983171326 0.1054768
5702.4843905416 0.0354468
5702.6731539434 0.0762069
5702.8686629093 0.0597207
5703.1338572115 0.4869053
5703.5785449668 0.0416734
5703.9003951613 0.2482405
5704.2415358249 0.3469641
5704.6609701175 0.0281677
5704.8806246515 0.0254047
5705.1628961819 0.6622563
5705.4926391482 0.0293182
5705.9293171734 0.0339151
5706.1055440537 0.0330922
5706.3119160661 0.0801483
5706.6538489232 0.0312566
5707.0486114694 0.1768855
5707.5827830801 0.2853774
5708.5784113156 0.6646639
5708.9981774605 0.0373003
5709.3640785296 0.0138878
5709.7867387891 0.2128923
5709.9802348193 0.1503803
5710.2071710731 0.1335275
5710.6164434727 0.0367831
5710.9650051456 0.4206231
5711.1287763963 0.5258797
5711.5159479357 0.0802099
5711.7580955585 0.0160324
5712.1002151391 0.0461213
5712.6737574548 0.4151078
5713.4524867594 0.5077621
5713.7187717588 0.3119155
5714.1956702983 0.0595027
5714.3625334770 0.2670257
5714.8148444108 0.0106757
5715.0278814293 0.0305786
5715.4758106719 0.2668424
5715.7395680562 0.0782062
5715.9339331611 0.0201001
5716.2471409717 0.0572162
5716.6947163407 0.4458385
5717.0449627382 0.0357207
5717.4052903223 0.0373031
5717.8379174442 0.0293326
5718.0370608078 0.3021474
5718.4808447442 0.0184619
5718.8871287611 0.1628268
5719.4219558893 0.2915401
5719.8795351267 0.0580428
5720.4597256092 0.0157372
5720.7544264425 0.0115192
5721.0522258648 0.0243495
5721.4058794165 0.1151119
5721.7012837986 0.0258430
5722.0284656804 0.2724878
5722.4761653176 0.0595097
5722.7288739502 0.0174563
5722.9780887085 0.0206663
5723.2712740279 0.0501141
5723.7129474443 0.0223812
5724.0277477056 0.0184881
5724.3572166406 0.0130938
5724.9162005458 0.0186126
5725.2514505076 0.0471884
5725.6678633590 0.1444941
5726.0452738284 0.0296529
5726.3205861789 0.0151250
5726.7223554742 0.0116498
5726.9210888116 0.0391421
5727.2329469279 0.1258223
5727.5271781394 0.0642383
5727.7305240509 0.0166497
5727.9518927632 0.0164185
5728.2651873543 0.0191057
5728.6389355060 0.7349643
5729.2496470021 0.5488946
5729.7090844552 0.0125324
5730.0889468434 0.0408075
5730.8047245652 0.0744709
5731.0409365693 0.0319225
5731.2849240033 0.0118865
5731.5134754284 0.0285538
5731.7423594326 0.0152115
5731.9241569517 0.0105241
5732.4434937097 0.0274676
5732.8511847138 0.5387527
5733.3541984064 0.2944683
5733.5569171824 0.0630365
5733.8854546142 0.0490143
5734.1911494360 0.0116769
5734.4477066638 0.0140462
5734.6552713565 0.0356272
5734.9308228554 0.0414882
5735.2660242807 0.0180101
5735.4300578992 0.0137274
5735.6267470431 0.1249002
5735.9017376225 0.0683422
5736.1207171792 0.0378785
5736.3188267833 0.0459935
5736.9499753053 0.0106137
5737.2860534864 0.1267636
5737.6386706420 0.0407088
5737.9157530320 0.0131632
5738.3607343957 0.0422024
5738.6595183013 0.5841645
5739.1408130896 0.0121729
5739.4833769871 0.0139723
5739.8289824484 0.0702301
5740.1293255520 0.0529279
5740.3223393144 0.0147288
5740.6412349712 0.0636785
5740.8806096157 0.0411715
5741.0695750955 0.3355525
5741.3911618426 0.0390832
5741.5784607368 0.2885405
5742.0178247408 0.0155555
5742.2729388464 0.0132399
5742.5975217658 0.0296296
5742.8012060937 0.0934383
5742.9795268365 0.0218708
5743.4480859818 0.1822471
5744.1092374085 0.0187660
5744.2645156577 0.0144119
5744.5625184977 0.0663125
5744.8010932300 0.0312977
5745.0355083697 0.4627067
5745.5185813795 0.0457201
5745.7688132107 0.0117636
5746.0555709433 0.0472339
5746.3775725345 0.0331892
5746.6882937282 0.0344322
5746.9482871914 0.0282648
5747.1468877509 0.0282868
5747.4340890229 0.0180637
5747.7467137865 0.0648412
5748.0232280798 0.0527779
5748.3493417323 0.0304660
5748.8940729501 0.0118505
5749.2905359232 0.0454096
5749.5355564520 0.1320186
5749.9487708770 0.2511376
5750.3069409166 0.0310299
5750.4942636102 0.1139735
5750.8220469309 0.0521876
5751.3102072069 0.0214543
5751.8486692706 0.0527798
5752.1836403650 0.0153312
5752.4902251255 0.0118251
5752.6854221065 0.0181471
5753.0061640147 0.0278556
5753.6305910785 0.2265272
5753.8453883237 0.0450954
5754.1302834324 0.0216138
5754.4504164486 0.0906143
5754.7214298238 0.3528794
5755.2621406426 0.0714008
5755.5871063924 0.0293167
5756.0025298731 0.0818879
5756.2509431127 0.4842114
5756.7518258875 0.0245249
5756.9467069556 0.0225878
5757.2516269334 0.0222955
5757.4705483434 0.0247815
5757.8467291566 0.0171226
5758.0207016012 0.0320174
5758.4194368190 0.1129898
5758.7746676079 0.0157566
5759.2139299490 0.0162299
5759.4033414447 0.0126056
5760.0523891031 0.0184568
5760.3577410983 0.0562281
5760.6109814114 0.0386519
5760.8649655836 0.0412707
5761.1324924993 0.0528790
5761.2862597992 0.0691880
5761.6091387643 0.0155705
5761.9443539102 0.1682012
5762.1261220319 0.0353160
5762.4358787967 0.1066214
5763.0318495681 0.0465313
5763.4039514840 0.0677467
5763.8899907041 0.2152085
5764.2174801744 0.0287536
5764.5972782402 0.3656037
5765.1366931723 0.0502574
5765.3388476695 0.0118873
5765.5901864662 0.0125056
5765.8119088090 0.0131089
5766.4571137671 0.0110069
5766.8934709072 0.0242695
5767.1836628401 0.0150458
5767.4002184012 0.0261790
5767.7311117044 0.0317675
5767.9348351723 0.2346933
5768.9569669136 0.0368477
5769.6034202995 0.0169885
5769.7844934178 0.0114372
5770.0641409810 0.0778428
5770.7261917415 0.0218447
5770.9325267394 0.0417351
5771.5102291022 0.0155138
5772.1310432310 0.0314619
5772.3745757122 0.0232900
5772.6211171286 0.0249018
5772.9589138122 0.0387861
5773.2054655416 0.0969999
5773.7343195566 0.1167043
5774.0200342352 0.1829872
5774.2315522112 0.0506992
5774.8562654464 0.0380613
5775.6362403762 0.2557701
5776.0923068375 0.0348804
5776.3671836074 0.0593225
5776.6842118962 0.2958179
5777.3905044030 0.0132646
5777.6270982699 0.0483880
5777.8246398375 0.0183987
5778.2888906407 0.1675309
5778.6368838961 0.0151123
5779.3848416342 0.0468867
5779.6322370824 0.0302859
5780.0566836862 0.2202802
5780.3706599505 0.0398220
5780.5330256667 0.0416043
5780.9059970673 0.0296984
5781.1921944890 0.0241646
5781.3673616508 0.0198746
5781.5740296219 0.0196541
5781.8410807106 0.0535716
5782.2048751065 0.2368829
5782.3933794875 0.2301217
5782.7842786367 0.2593749
5783.1747797897 0.0166176
5783.3570010998 0.2427074
5783.7302239297 0.4674527
5784.1992411833 0.0590021
5784.4659561234 0.0256160
5784.6734970992 0.3597529
5785.1027422411 0.0172831
5785.4616183231 0.4096439
5785.9820697717 0.0652452
5786.2652662530 0.1703461
5786.5783030695 0.3425289
5786.8845783868 0.1458556
5787.3361717107 0.3325713
5787.5666508258 0.3793037
5788.0662806946 0.0224040
5788.2609821360 0.0112978
5788.6344205970 0.1252281
5789.1967806533 0.0133184
5789.5259837276 0.4176039
5789.9906754388 0.1288538
5790.1952857325 0.0480118
5790.4935628216 0.0101558
5790.9910712854 0.0346472
5791.3498150059 0.0557909
5791.5456790596 0.0283798
5791.7374777255 0.0974284
5792.2636660753 0.1438934
5792.5824878434 0.5151234
5792.8631687049 0.0647568
5793.1614144571 0.0510812
5793.3928048785 0.0538427
5793.7830009275 0.0489004
5794.0200338091 0.0153743
5794.6725942094 0.0788402
5795.0142016165 0.0359035
5795.5232338684 0.1564469
5796.2072785960 0.0244732
5796.7907912308 0.0195588
5797.0780004116 0.0173155
5797.4730576142 0.0673017
5797.6876965745 0.0696146
5798.0146989450 0.0218217
5798.2107854006 0.0491050
5798.3770958178 0.0453839
5799.0367735880 0.0901926
5799.3631125918 0.1316827
5799.7855420713 0.2122473
5800.1202491149 0.1267139
5800.3101310509 0.0352165
5800.5648386655 0.0615658
5801.0942753432 0.0155241
5801.4517150314 0.0389237
5801.8577950470 0.0267024
5802.3803545055 0.0300042
5802.8111013432 0.0287081
5803.3434280566 0.0193578
5803.5505460664 0.0292281
5804.0737475683 0.0161369
5804.6202860864 0.0242373
5805.0552316196 0.0564265
5805.6508591762 0.1442490
5805.8733788188 0.3264638
5806.0667224732 0.0862205
5806.3924595501 0.0157628
5806.6109159156 0.0258291
5806.8268834151 0.1475999
5807.0425432924 0.0242591
5807.3739716430 0.0571215
5807.8582175128 0.0226586
5808.1555951208 0.0608508
5808.3352937042 0.2129204
5808.7203845275 0.0645537
5809.3903861833 0.0497650
5809.5914176364 0.0191164
5809.8038981138 0.0443491
5810.2966517328 0.0192474
5810.8300891306 0.2278412
5811.4190201713 0.0352904
5811.6206487150 0.0365509
5811.8286027418 0.0131240
5812.1140206611 0.0186233
5812.4111327003 0.0152588
5812.7491047156 0.0108672
5813.0651419504 0.0349418
5813.5269793677 0.0586978
5814.2536804746 0.0268900
5814.4466650659 0.1112100
5814.8846952825 0.0196221
5815.3744051113 0.0167542
5815.5651013205 0.1412994
5816.1377767254 0.0594643
5816.4244561846 0.1212032
5816.8215040639 0.0463135
5817.0300179825 0.0117665
5817.6673416521 0.0439699
5817.9913050912 0.2888063
5818.6921692587 0.0912606
5819.1074316048 0.0670263
5819.3181085732 0.0178414
5819.5083463511 0.0126076
5819.7922232619 0.0265938
5820.3987787194 0.0233888
5820.8425777048 0.0166222
5821.0723284891 0.0141928
5821.3278110508 0.0295972
5821.7195035102 0.0243460
5822.0580122448 0.0233648
5822.2624694696 0.0131342
5822.6920855803 0.0183700
5823.0645731403 0.0158329
5823.2721409980 0.0254144
5823.4571518082 0.0346751
5824.0700598901 0.0693950
5824.4689841372 0.0234949
5824.6504903097 0.0123730
5824.9687440746 0.0135790
5825.1210047993 0.0199165
5825.3095570980 0.1973980
5825.7795442770 0.0518974
5825.9904811175 0.0261809
5826.1434652861 0.0127168
5826.6157061091 0.0116492
5827.0049718927 0.0231761
5827.3821088101 0.0407300
5827.7130273765 0.0114493
5827.9342553324 0.0187637
5828.2320284971 0.0221619
5828.5724826265 0.0103100
5829.0341458702 0.0277464
5829.2617821219 0.0439206
5829.4973345026 0.0903957
5830.1118834305 0.0411189
5830.3040668628 0.0117810
5830.5279116702 0.0295259
5830.8744963919 0.0476364
5831.0568216058 0.0142208
5831.4145208529 0.0308622
5832.2878001890 0.0765651
5832.6608931775 0.0152980
5832.8644276492 0.0150518
5833.2132749681 0.0685247
5833.5522737909 0.0532463
5834.1003666443 0.0990379
5834.3060871616 0.0264526
5834.6728827358 0.0184924
5835.0618354613 0.0147421
5835.5650835820 0.0798345
5835.9458272407 0.0146931
5836.1442534962 0.0478047
5836.3588458892 0.0622772
5836.7176945074 0.0782345
5837.0465784348 0.0459266
5837.4010892823 0.0368242
5837.7577409932 0.0360389
5838.3465014969 0.0233832
5838.9074582886 0.0206183
5839.2952812046 0.0835974
5839.6190813626 0.0694378
5839.9867010109 0.0851491
5840.2939865885 0.0966927
5840.5102911514 0.0275756
5841.1443137944 0.0846754
5841.3826970180 0.0741396
5841.9700798368 0.0180697
5842.1669225105 0.0274684
5842.4293410786 0.0260166
5842.6322472357 0.0285789
5842.8007451118 0.0657922
5843.6588408912 0.0106916
5843.9848186247 0.0377037
5844.5015987559 0.0162753
5844.8230857978 0.0479672
5845.2673996105 0.0193978
5845.4995809556 0.0268288
5845.6979786968 0.0302622
5845.9127008882 0.0589007
5846.2146758475 0.0936554
5846.5376219609 0.0151121
5846.9260563659 0.0316463
5847.5454295845 0.0175338
5847.8639882841 0.1392206
5848.0606627949 0.0261529
5848.6197033433 0.1880948
5848.9311544608 0.0111158
5849.2059610285 0.0161827
5849.7287967457 0.1695208
5850.0911848201 0.0278463
5850.6127989911 0.0170169
5850.8202133580 0.0121257
5851.3034276396 0.0510637
5852.0224088893 0.0855425
5852.4382559769 0.0173335
5852.6745133561 0.0446547
5853.1457495527 0.0187412
5853.3157212465 0.0209777
5853.5169773458 0.0132578
5853.9377917443 0.1568371
5854.1583872212 0.0228150
5854.3020098113 0.0265532
5854.7745727044 0.1433546
5855.1095523943 0.0372140
5855.3033800655 0.3828569
5855.7381679463 0.0126564
5855.9301330290 0.0163447
5856.0904089680 0.0217250
5856.2767366216 0.0115113
5856.7037966843 0.0979838
5857.0804624056 0.0382872
5857.3149410606 0.0200381
5857.5047630702 0.0628928
5857.7107554089 0.1438083
5858.1878432863 0.0424700
5859.0753599759 0.5909211
5859.8911575358 0.0581072
5860.4033808518 0.0666909
5860.6033208312 0.0234029
5860.8705948779 0.0319783
5861.2131581518 0.2782801
5861.5534412955 0.0294463
5861.8957169828 0.0189530
5862.1349213851 0.0129058
5862.3203241630 0.0117124
5862.5253436531 0.0122381
5862.7507048293 0.0358574
5863.1424490117 0.0128382
5863.6258362202 0.0105565
5863.9873745460 0.3629641
5864.3326525687 0.0186497
5864.4908824223 0.0337770
5864.8516541134 0.0363510
5865.0730928304 0.0509141
5865.3550475998 0.0365306
5865.6426695366 0.0523581
5865.8669212170 0.0410569
5866.2839000378 0.0189426
5866.8787156727 0.0565495
5867.1282707984 0.0363869
5867.4551878870 0.0220362
5868.0822055649 0.7287631
5868.6836577986 0.0462992
5869.1858701221 0.3996206
5869.5424535048 0.0266869
5869.8865924659 0.0156462
5870.3831617196 0.0123966
5870.8220404573 0.0311181
5871.1087141130 0.0280887
5871.2785625593 0.0134164
5871.4681758377 0.0193692
5871.7461276885 0.0277380
5871.9959366042 0.0225596
5872.4631615429 0.0261476
6006.7172024431 0.0209987
6006.9736709907 0.0358386
6007.2099314931 0.2118551
6007.5546467691 0.0103104
6007.9779451339 0.0244475
6008.5383662751 0.0222056
6008.7511684418 0.0748063
6008.9795117233 0.2262440
6009.3470803345 0.0509756
6009.6271573699 0.2377192
6010.2255800063 0.3533248
6010.6787440765 0.0171542
6010.8821951279 0.0804022
6011.3100115258 0.0244204
6012.1415155263 0.0132281
6012.3522946220 0.0106856
6012.7411356460 0.0175720
6012.9603901933 0.0191099
6013.4758591024 0.0289596
6013.6556736905 0.0360890
6013.8837637960 0.1976641
6014.4066113733 0.0770266
6014.7643862632 0.0219107
6015.1491066344 0.5189123
6015.9883479536 0.0382520
6016.2172692226 0.0135355
6016.4093176601 0.0600476
6016.9100462818 0.0731092
6017.3011547764 0.0171408
6017.5207879568 0.0118113
6017.7818690651 0.0141608
6018.3092707762 0.4717417
6018.6627096763 0.0625832
6018.8618189269 0.0173573
6019.2200545628 0.0519648
6019.6015045604 0.0431697
6020.0710260212 0.1131421
6020.3066397754 0.1648874
6020.6405618862 0.0109275
6020.8075182704 0.0300949
6021.0274229948 0.0396867
6021.6800013161 0.1848966
6021.8427470922 0.3467059
6022.2788861382 0.0689106
6022.6811322310 0.0635343
6023.4655659318 0.4611911
6023.9879103024 0.0120898
6024.1624414876 0.0181683
6024.3926384116 0.0264182
6025.0740316290 0.0399918
6025.7304413915 0.3816631
6026.6444161443 0.0150359
6026.8831194090 0.0507671
6027.0704314404 0.0402495
6027.4027931367 0.0194896
6027.6111144089 0.0153672
6027.7958276141 0.0190197
6028.7237560597 0.3160249
6029.4159707022 0.0142980
6029.8858609994 0.0197152
6030.1119428026 0.0352055
6030.4432954200 0.0126694
6030.9690320956 0.0145421
6031.1960468993 0.0113068
6031.5495191058 0.0244596
6031.9801734286 0.0221493
6032.3155962279 0.0496949
6032.6285597879 0.0134928
6033.1580734577 0.0119946
6033.3470330026 0.1864785
6033.9815320013 0.0210852
6034.3001636813 0.0434950
6034.6599523325 0.0196615
6035.2426612916 0.0108959
6035.4626986967 0.0123853
6035.7043870848 0.0444537
6036.2118908981 0.0124621
6036.8395590188 0.0146937
6037.0191907447 0.0381649
6037.2176740334 0.0117025
6037.8601680889 0.0235800
6038.1044585755 0.0425396
6038.8979708391 0.0148011
6039.4769618857 0.0214910
6039.8020939208 0.0319262
6040.3937322581 0.0148912
6041.0089987690 0.0250170
6041.4038325073 0.4707667
6041.8341588991 0.0502149
6042.0361729256 0.0209878
6042.2534699186 0.0227398
6042.5846590687 0.0576008
6043.4666799616 0.0147281
6043.7703700416 0.1917808
6044.1623561984 0.0174453
6045.0634447543 0.0128100
6045.5384560159 0.0388473
6045.9701645610 0.0123813
6046.1174004461 0.0139065
6046.3172743604 0.0141575
6046.5360412989 0.0191278
6047.3227651937 0.0100129
6047.5886158330 0.0105365
6049.3406164165 0.0173618
6050.3992833484 0.0539716
6050.9789748134 0.0177620
6051.1642780736 0.0104423
6051.3709688768 0.0372862
6051.8753876958 0.0138770
6052.4277690317 0.0112290
6052.6597308492 0.0214911
6053.4216824314 0.0241107
6054.1671272799 0.0100760
6054.3394029490 0.0246808
6055.1248896020 0.0857042
6055.3702797400 0.0759948
6055.7455502833 0.0373665
6056.2533394194 0.0110056
6057.0527122670 0.0116920
6057.6835010452 0.2829601
6057.9911495632 0.0205949
6058.1890348782 0.0362634
6058.4574081584 0.0606460
6058.7540391033 0.0505317
6058.9378551272 0.0160701
6059.8280584465 0.2190827
6060.0799901099 0.0132026
6060.4110717606 0.0691152
6061.0645597370 0.0120059
6061.2299984953 0.0176655
6062.3007033742 0.0294802
6062.6730427259 0.0432047
6063.2968462272 0.0132161
6063.5303451107 0.0129055
6064.3468592727 0.1122171
6064.5327008812 0.2219704
6064.8127154347 0.0188960
6066.1064548890 0.0232546
6066.3108201136 0.4494849
6067.1695008530 0.5375604
6068.4880587353 0.0160849
6068.9358984806 0.0183628
6069.2267852806 0.0194656
6069.7467191632 0.0199184
6070.3165766797 0.0541892
6070.9545163582 0.0144654
6071.1365085167 0.0104058
6071.4042872729 0.0160905
6072.5093881000 0.0195252
6072.9652831376 0.0162002
6073.4536292151 0.0127164
6074.0878150804 0.0158452
6074.8900084468 0.0235110
6075.1926031583 0.0122564
6075.5090350295 0.0138213
6075.7322809589 0.0819712
6076.0974667207 0.0128182
6076.7548846569 0.0466387
6077.5968724452 0.0148172
6077.8003996489 0.0321477
6078.0141876835 0.0216050
6078.4681961193 0.0292065
6079.0856020810 0.0175629
6079.5770293693 0.0104800
6080.1759752730 0.2836719
6080.6930917593 0.1743177
6081.1891429685 0.0114017
6081.5479346092 0.0430002
6082.9205982571 0.0220171
6083.1315115227 0.5957302
6084.1818088773 0.0801822
6084.3991736630 0.3030930
6084.8855413389 0.0108687
6085.1266509509 0.0118142
6085.3647227485 0.0223725
6085.7634874784 0.0145537
6086.5651355134 0.0161606
6086.9219774544 0.6072292
6087.5599184399 0.0107670
6087.7705477409 0.0272362
6087.9666212895 0.1372052
6088.3383468617 0.0309390
6089.1883686892 0.0286007
6089.5312406462 0.0660180
6089.9671697229 0.0181241
6090.4784253158 0.0160375
6091.2530433395 0.1724818
6091.9000026273 0.6605965
6092.2288248388 0.0196114
6092.8641025955 0.4210627
6093.1965222521 0.0435555
6093.3936408025 0.0295192
6093.5882274342 0.0442084
6094.2834104138 0.0244727
6094.4854672186 0.3040037
6094.8324666051 0.1347787
6095.3302431878 0.1361160
6095.8618265052 0.0169267
6096.0616484913 0.0669938
6096.3456519281 0.0207088
6096.7392003364 0.0551377
6096.9377433298 0.0156423
6097.7969486611 0.0267074
6098.3578119711 0.1761923
6098.7721935164 0.0524225
6098.9572893450 0.1267686
6099.1605909050 0.0346353
6099.4597139772 0.0111382
6099.9487386169 0.0718613
6100.3512495504 0.1855404
6100.7009493841 0.0224604
6101.2648137213 0.0144292
6101.6301692333 0.0232597
6101.9409873924 0.0786537
6102.1396276435 0.0480516
6102.9689932408 0.0217684
6103.2512200443 0.0284570
6103.8697412590 0.2615048
6104.4122216653 0.5702720
6104.8778459043 0.1068288
6105.8829543479 0.0168054
6106.3514861976 0.0320067
6106.5985117239 0.0310242
6106.8157283075 0.0496289
6107.2077700681 0.0139802
6107.4447305959 0.0113404
6108.4388307717 0.0102999
6108.6690180538 0.0619180
6108.9364661771 0.0241008
6109.8082444557 0.4121074
6110.1980661929 0.0751233
6110.5663994383 0.0171850
6110.8539728288 0.0151145
6111.0327480961 0.0175578
6111.6757548738 0.0229385
6111.9210883185 0.0192760
6112.2170961812 0.0141512
6112.4703580320 0.0227448
6112.7673104883 0.0992568
6113.3470736393 0.5603825
6114.0499644771 0.0260703
6114.6079237526 0.0146183
6115.5152792388 0.0144331
6115.7664158710 0.0175144
6116.4825132728 0.0114070
6116.7685109234 0.0149009
6117.4163544539 0.0361487
6117.9033649971 0.1770799
6118.1633323482 0.0293347
6118.4058367666 0.0522422
6118.6907601600 0.0923719
6118.8869681041 0.0405619
6119.4852245896 0.0569502
6119.9490591396 0.0182091
6120.5432403333 0.0112242
6121.2270006289 0.5637009
6121.4439192574 0.0372985
6121.7502108922 0.0123992
6121.9455206363 0.1200351
6122.1899345983 0.0184570
6122.5129248513 0.0256924
6122.7039515471 0.2477897
6123.9153663819 0.6251366
6125.4993290430 0.0659979
6126.5396348072 0.0524141
6126.9937614689 0.0114954
6127.9189344605 0.6072392
6128.8476817119 0.0169577
6129.1573926471 0.2625598
6129.3852724978 0.0369739
6129.6075619194 0.2240594
6129.8218183668 0.0240490
6130.0183548423 0.0608227
6130.4814751882 0.0219273
6130.6758366806 0.2379854
6131.1761204933 0.0191174
6131.4271260364 0.0241678
6131.8328602939 0.0505039
6132.0403489671 0.0181089
6132.3092146101 0.0178705
6132.9831656874 0.0101376
6133.2892642459 0.0290603
6133.6159464845 0.0405107
6134.4833147635 0.0155084
6135.6683287499 0.0215265
6135.8783316486 0.0156916
6136.0505832732 0.0465276
6136.2523620264 0.2108326
6136.7706460307 0.0974390
6137.0680051671 0.5391163
6137.4476141717 0.0391529
6138.3224903193 0.5763471
6138.6964331750 0.4477820
6139.3976728774 0.5191286
6140.1232867473 0.1262577
6140.5076361650 0.0116542
6140.9487727625 0.0126817
6141.3492220185 0.0206792
6141.7445345671 0.0539205
6142.1626610844 0.0512672
6142.4962136701 0.0144702
6143.0824152842 0.0195193
6143.4239159719 0.5689921
6144.1898151205 0.0456630
6144.6968990272 0.0363238
6144.9068702403 0.2250505
6145.2658466158 0.0124741
6145.7510835541 0.0397047
6146.0459824648 0.0275016
6146.4025519255 0.0563640
6146.7103843952 0.0304024
6147.1195830412 0.0266523
6147.7136602017 0.0170176
6147.9143544176 0.2266552
6148.5180557200 0.0449891
6149.5359700453 0.1837609
6150.4794170198 0.0535017
6150.9269306443 0.0219155
6151.4354634748 0.1322397
6151.8611418238 0.6128076
6152.3460854082 0.0346818
6152.8475589765 0.0101271
6153.3241131815 0.4068317
6153.8294273506 0.0114658
6154.1648626471 0.0199710
6154.9718756053 0.0195369
6155.4264238297 0.0121276
6155.9283443701 0.4302748
6156.4512894200 0.0140213
6156.8403863405 0.0841843
6157.3786592323 0.0121963
6157.7250586613 0.2577914
6158.3115657308 0.0195773
6158.8663042301 0.0133183
6159.0732176575 0.0321945
6159.4320761291 0.3157129
6160.0550010481 0.0131412
6160.2507577434 0.0218226
6160.4288821096 0.0190981
6160.8109522077 0.0158528
6161.0783103581 0.0436654
6161.7537557957 0.0125399
6161.9497889357 0.0212166
6162.4541015627 0.4313474
6163.0018229733 0.4565651
6163.8812322306 0.6492445
6165.2497047479 0.1728148
6165.4601429327 0.5619462
6166.0007726836 0.0260181
6166.3721541780 0.0189000
6166.7716799916 0.0491092
6167.0746286508 0.2093568
6167.3476862225 0.0309418
6167.6812140442 0.0121395
6168.1467990377 0.5384247
6168.8525888817 0.0119311
6169.0082016918 0.0221253
6169.2247803549 0.0119931
6169.4559641656 0.0282990
6169.6162754062 0.0191853
6169.9209341654 0.0151417
6170.1560626244 0.0654022
6170.7482432067 0.5794099
6171.2702989597 0.5607699
6172.0712636663 0.3970177
6172.7320890834 0.0279793
6172.9129518774 0.0186995
6173.2714793577 0.0203531
6174.3420974180 0.0552433
6174.5654406074 0.0503004
6175.0480891828 0.4578158
6175.3862793189 0.0129859
6176.0128671353 0.0270538
6176.4663847876 0.0403931
6176.8265232919 0.0398513
6177.0744300911 0.1774113
6177.6458459096 0.0321197
6177.8796809144 0.0259604
6178.1540133825 0.0316218
6178.5175559108 0.2344190
6178.7508944428 0.0172742
6178.9602200534 0.1218300
6179.4003645004 0.0287552
6179.6654900094 0.0260630
6179.9700430548 0.0388386
6180.2779889205 0.0395596
6180.5861009308 0.0324005
6180.9364879116 0.0225729
6181.2154262664 0.0283074
6181.5557299226 0.0245011
6181.7089450125 0.0217039
6181.9176497876 0.3552637
6182.1388995279 0.0545183
6182.4900863639 0.0108227
6182.8193708149 0.0247299
6183.0407920715 0.0307502
6183.5531824013 0.0251029
6183.7463285832 0.0740926
6183.9642458602 0.0239342
6184.1344836670 0.0208623
6184.4989629399 0.0215143
6184.7858593410 0.0236835
6185.2574318326 0.0193040
6185.5282297855 0.0225766
6186.1800146607 0.0312471
6186.5894659987 0.0293602
6186.8133302919 0.0219957
6187.2187193506 0.0223544
6187.4342943103 0.0449986
6187.6489658878 0.0387198
6187.8617469682 0.2190995
6188.0802626470 0.0429315
6188.4169838356 0.0905219
6188.7129779890 0.0299712
6188.9275836992 0.0253348
6189.1120571361 0.0600756
6189.3289875101 0.0330802
6189.7060926328 0.1934607
6190.2944556483 0.0192719
6190.5000407091 0.0363073
6190.7132025625 0.1068262
6191.0737890947 0.1603210
6191.4091194017 0.0146911
6191.6230225442 0.0250942
6192.2421587568 0.0427943
6192.5000996034 0.0247852
6192.8951909730 0.4046724
6193.2738880048 0.5369382
6193.9306338483 0.0330880
6194.2729372174 0.0160548
6194.4755191837 0.0355535
6194.6645029722 0.0468891
6195.0983458789 0.0682484
6195.4135572906 0.0820508
6196.3190962402 0.0399023
6196.5309423125 0.0256480
6196.9022123038 0.0255200
6197.1372547993 0.0374960
6197.5562596769 0.0310702
6197.8324095806 0.0427498
6198.1259790176 0.0393225
6198.3604324054 0.0431746
6198.7797710534 0.0157246
6199.4471172360 0.0274924
6200.0981073013 0.0734165
6200.9142210664 0.6795619
6201.2442034835 0.0728323
6202.0369949130 0.4573422
6202.4074684537 0.0239319
6202.6966709411 0.0289762
6202.9523481244 0.0246742
6203.2124450636 0.0142264
6203.4272882921 0.0301913
6203.7491260254 0.0122726
6204.0174935337 0.0296631
6204.4448153970 0.0293137
6204.7651336231 0.0198883
6205.0074591052 0.0331420
6205.3613423565 0.0227822
6205.6572132542 0.0374229
6205.8480167040 0.0130766
6206.3215235191 0.0628368
6206.5051355697 0.0476911
6206.7459097662 0.0682296
6206.9422460807 0.1145284
6207.2842687910 0.0207189
6207.5906899001 0.0142887
6208.1313266066 0.0522104
6208.3752410362 0.0229532
6208.6364875658 0.0243859
6208.9790535728 0.0528586
6209.5681708674 0.0391555
6209.8909575182 0.0274623
6210.1815330671 0.0385171
6210.3987668792 0.0249563
6210.5861944646 0.0277448
6210.7503744028 0.0410197
6211.0181777025 0.0534589
6211.4692420901 0.0169436
6211.6646807851 0.0226222
6212.3898490138 0.5920572
6213.0782728548 0.0117146
6213.3880689820 0.0306178
6213.5900688679 0.0351182
6213.7406583505 0.0325763
6213.9446481304 0.0796562
6214.3071347847 0.0270582
6214.5704987247 0.0314985
6214.7850651226 0.0446254
6215.1536444319 0.4959219
6215.5897735751 0.5213715
6215.9018597979 0.0312745
6216.2212903612 0.0293565
6216.4274131541 0.0437785
6216.6475813255 0.0630114
6216.9370349863 0.4212415
6217.6841931005 0.0241786
6218.0900951053 0.6788381
6218.5258961423 0.0452068
6218.8404871684 0.0368919
6219.2000190425 0.0209525
6219.5463755318 0.0155667
6220.0524470637 0.0479239
6220.4730048421 0.0104102
6221.0072216064 0.5029803
6221.7987858996 0.0559429
6222.2056047928 0.2964031
6222.4814103140 0.1250612
6222.7341025939 0.0306858
6223.0198466220 0.2516309
6223.3757901054 0.0636519
6224.0428933370 0.0224717
6224.3180024321 0.0575725
6224.7888316516 0.0155808
6224.9742699171 0.0172291
6225.1391467958 0.0187169
6225.7187427096 0.1026843
6226.2319521413 0.4985150
6226.6543521778 0.0257906
6227.0176675312 0.0236836
6227.3691079685 0.0111734
6227.5706139960 0.0267914
6227.7266556346 0.0206702
6227.9276388720 0.0388988
6228.0955876756 0.0351890
6228.4626628586 0.1438854
6228.7043435360 0.0374801
6228.8905252821 0.0253592
6229.2938577440 0.1055723
6229.6552158036 0.0197523
6229.8436982173 0.0347694
6230.3073249580 0.0231177
6230.6845902463 0.0501482
6230.9517106606 0.2739585
6231.1700897466 0.0882671
6231.5023769467 0.0368840
6231.7905498302 0.0615446
6232.4890396416 0.6273961
6233.3934828863 0.0112607
6233.5423098605 0.0377257
6233.8986940276 0.0245479
6234.3709373331 0.3175782
6234.9250369432 0.4748213
6235.2472507723 0.0346005
6235.6441825004 0.0261960
6235.9299444687 0.0301498
6236.1447503774 0.0171785
6236.3627655174 0.0392983
6236.6942543658 0.0542713
6237.0639362928 0.0466687
6237.2730901253 0.0206788
6237.4467384306 0.0267264
6237.8173061557 0.0422046
6238.0283807738 0.0159692
6238.2100704470 0.0168861
6238.8375403179 0.0422070
6239.0363111848 0.0828885
6239.7672444793 0.0177767
6239.9521894965 0.0103342
6240.2852298230 0.0303391
6240.4938728994 0.0285749
6240.8823066803 0.0615296
6241.1402902467 0.2046702
6241.5104025015 0.4335266
6241.8692363202 0.3600303
6242.3755199554 0.3440959
6243.0370789776 0.0200066
6243.2259755060 0.0175389
6243.4804856913 0.0280160
6243.7482138936 0.0397267
6243.9886271862 0.0389335
6244.5564737730 0.6261794
6244.8383140925 0.7306268
6245.2767961359 0.0875433
6245.5383385090 0.0662658
6246.1927150267 0.0428959
6246.5776998252 0.0220069
6246.9548370381 0.1331576
6247.3484499924 0.1336846
6248.0516104929 0.3928546
6248.4602441285 0.0327644
6248.8593116773 0.0278248
6249.0898141622 0.0406148
6249.2942427003 0.0429887
6249.4510594819 0.0303870
6249.7781231591 0.0355934
6250.1903008668 0.0459367
6250.6848853787 0.0372198
6251.3419918639 0.0789015
6251.6317872710 0.0375198
6251.8266030302 0.0782952
6252.0729640517 0.0442652
6252.2817353461 0.0269980
6252.4986366722 0.0252317
6252.9273617921 0.0358933
6253.1878123150 0.0165119
6253.5569941866 0.6496431
6254.2926673283 0.5495642
6254.6935889880 0.0302550
6255.1697143595 0.0209808
6255.5643901836 0.0776676
6255.9912270486 0.4222966
6256.4983740358 0.0225653
6256.6889052766 0.0303690
6256.9156727018 0.0433481
6257.4035106279 0.0318718
6257.6878104327 0.1198147
6258.0923169664 0.4921864
6258.6375810443 0.4823043
6259.0047554501 0.0325520
6259.1933197237 0.0265554
6259.5423552919 0.1818913
6259.8397554432 0.6105580
6260.4491251362 0.6457226
6260.6989981333 0.3965009
6261.0389812529 0.0175756
6261.3256919462 0.0376639
6261.8162206975 0.0260398
6262.2111687984 0.0772224
6262.4296989648 0.0517518
6262.8374633355 0.5927696
6263.2903849453 0.0650108
6263.5540681797 0.0395128
6264.0669964539 0.0626681
6264.9845249613 0.0331087
6265.4360176190 0.0424728
6265.6403034136 0.0254300
6266.5466272661 0.0529029
6266.8736629237 0.4910538
6267.3106939015 0.0176946
6267.7420396438 0.1248946
6268.0581828687 0.4314784
6268.7414652352 0.0218412
6269.1835542916 0.0272271
6269.3978899644 0.0203375
6269.5395195246 0.0300347
6269.7461165406 0.0270333
6269.9057337884 0.0319718
6270.2651979507 0.1737877
6270.5641846924 0.4601331
6270.8639767203 0.0476704
6271.2062135297 0.0212360
6271.5331145735 0.0277695
6271.9645358186 0.3114816
6272.4503718178 0.0393598
6342.7627739901 0.0230462
6343.1726073821 0.0167927
6343.4823422699 0.0219526
6343.8130158294 0.0156491
6343.9795583729 0.0146224
6344.2591593306 0.0369913
6344.5481153400 0.0182435
6345.5480807034 0.0156530
6345.9117348286 0.3771127
6346.5881606284 0.0338015
6346.8055859638 0.0126161
6347.0146864142 0.0199792
6347.4082430986 0.0197517
6347.6726512185 0.0135805
6347.9388541604 0.0113266
6348.2686077849 0.0115954
6348.7519025735 0.0125826
6349.0551866716 0.0152592
6349.2436028792 0.0253205
6349.6169699140 0.0238136
6349.9443742585 0.0296133
6350.9122227963 0.0225619
6351.2321150244 0.1207998
6351.4809231373 0.0286734
6351.7045680941 0.0807575
6352.2665192035 0.0203881
6353.0170323211 0.0211786
6353.3693482758 0.0127743
6353.5781840370 0.0199242
6353.7716831604 0.0123678
6354.0707463974 0.0176075
6354.6913746832 0.0343797
6355.1413861196 0.0188407
6355.3713201861 0.0130532
6355.5885825204 0.0457794
6355.8346153595 0.0518911
6356.2778466061 0.0109132
6356.7911184488 0.3533900
6357.3373513518 0.0278795
6357.8754016683 0.0153880
6358.1076459859 0.0125579
6358.4101194603 0.0164779
6358.7096084034 0.0151455
6359.0518078045 0.1078425
6359.4290782724 0.0207533
6359.6222757964 0.0127175
6359.8153332928 0.0109261
6360.4527144518 0.4913484
6361.0801739872 0.0314614
6361.4394128846 0.0344080
6361.6544651973 0.1678222
6361.9869783889 0.0102459
6362.2194767361 0.0486393
6362.5713714621 0.0258143
6362.8183031749 0.0107397
6363.0579794097 0.0439273
6363.9346324679 0.0280292
6364.1097022556 0.0327259
6364.4153624581 0.0374129
6364.6276452780 0.3951164
6365.1170652219 0.0112398
6365.5808706385 0.0288213
6365.8125195287 0.0558514
6366.1221206401 0.1036292
6366.4300078214 0.0276172
6366.6309120765 0.0566363
6366.8711695686 0.0468308
6367.2818151922 0.0235332
6367.8985859534 0.0291229
6368.1168356264 0.3953328
6368.5047865968 0.0496166
6369.0132428649 0.0259146
6369.2774581708 0.0337714
6369.6888129861 0.0124209
6370.2027386937 0.0152747
6370.3929751754 0.0154129
6370.5830088728 0.0408807
6370.7891592478 0.0236388
6370.9774277512 0.0384770
6371.1546428266 0.0350823
6371.3965268369 0.0231311
6371.6968404868 0.0592994
6372.1087344582 0.0789993
6372.3453855337 0.0299263
6372.7759914000 0.1070470
6373.2489702546 0.0471508
6373.9491739143 0.0746051
6374.4635348817 0.0478854
6374.7888479257 0.0436386
6375.2558672313 0.0476122
6375.6233910702 0.0242453
6376.0185817286 0.0530454
6376.4732347043 0.0523451
6376.8494905286 0.0258852
6377.3549980206 0.0736839
6377.5909633636 0.0175904
6377.8031480309 0.0131211
6377.9959327088 0.0437381
6378.1858409144 0.0208905
6378.6139843429 0.0474860
6378.9762504416 0.0397074
6379.3474437178 0.0133584
6379.7539152473 0.1128152
6380.0185913108 0.0899521
6380.5903953176 0.1725232
6380.9216842290 0.0160356
6381.1276713330 0.0815689
6381.4875923332 0.0848528
6381.7798070623 0.0454196
6381.9942400446 0.0427063
6382.1789697606 0.0379616
6382.5096511895 0.2099960
6382.7792819244 0.1017646
6382.9836082530 0.0819044
6383.1931887325 0.1191264
6383.5042416310 0.0693193
6383.8001113023 0.1231540
6384.1641014165 0.0222932
6384.3429188154 0.0452203
6384.5440170375 0.0192685
6385.0332843537 0.0263964
6385.1995169232 0.0191545
6385.5687376328 0.0505263
6385.8550853980 0.0415684
6386.4290984224 0.0921707
6386.6831640589 0.0780763
6386.9195235907 0.0149457
6387.1393156136 0.0235922
6387.6213849485 0.0289782
6388.2262174506 0.0688889
6388.4879511269 0.0551567
6388.9307201789 0.0699663
6389.1961536890 0.0699612
6389.4010887627 0.0748632
6389.7912351838 0.0691715
6390.2179298399 0.0725991
6390.5674440298 0.0914810
6390.7856391349 0.1268816
6390.9656436941 0.0872311
6391.3105737634 0.0171591
6391.7560025213 0.0277580
6392.1494758470 0.0386392
6392.3276084939 0.0228856
6392.8442327617 0.0405967
6393.2524161283 0.0291460
6393.5119128257 0.0436998
6393.9254437587 0.0452810
6394.1229951309 0.0280197
6394.3182530873 0.2007060
6394.5351731110 0.0538023
6394.7293737635 0.0581556
6394.9125461745 0.0256738
6395.3772781384 0.5414420
6396.2607901566 0.0296585
6396.5718375190 0.0468575
6396.8655048041 0.0426991
6397.2413887488 0.0889229
6397.5690008101 0.0142279
6397.7705921582 0.0372177
6398.1514715549 0.0168535
6398.3919716123 0.0146300
6398.5922708736 0.0489386
6399.0410401629 0.0203917
6399.3282298093 0.0455745
6399.7528208359 0.0261033
6400.0483114819 0.0125767
6400.2265593916 0.0432761
6400.6737400853 0.0310002
6401.2274092876 0.0455325
6401.7723389132 0.4107853
6402.0905254452 0.4179319
6402.6428984804 0.0358335
6403.0809186754 0.0278011
6403.5469482529 0.0413036
6403.8206368151 0.0782187
6404.4790277641 0.0264584
6404.7022254767 0.0165977
6404.9291746869 0.0136776
6405.1414313013 0.0464590
6405.4778591536 0.0121596
6405.8844957617 0.0328976
6406.1059009133 0.0254944
6406.4044641270 0.0177426
6406.7139647982 0.0611056
6407.0061217916 0.0312561
6407.5679148104 0.0719992
6407.9930858673 0.0521268
6408.2586410768 0.0316746
6408.8318566543 0.0289259
6409.0585015640 0.0152652
6409.4426239574 0.0211600
6409.7933906826 0.3865995
6410.2323050619 0.0434167
6410.4446168025 0.0248798
6411.0671602797 0.0203110
6411.4818848030 0.0383213
6411.7841473423 0.0163927
6412.1525206273 0.0212023
6412.6990028878 0.0497577
6413.4255571114 0.4132557
6413.9237100628 0.0375832
6414.4886123718 0.0111772
6414.9012738228 0.0576342
6415.1183543356 0.1991702
6415.7031740048 0.0288478
6415.9134988334 0.0454635
6416.3700102824 0.0287478
6416.5649509192 0.0150843
6416.7485213424 0.0371798
6416.9732549211 0.0266736
6417.1739213660 0.0226100
6417.3591103340 0.0191314
6417.7793926134 0.0210736
6418.0546040998 0.0160770
6418.4626305279 0.0188299
6418.6948822864 0.0622789
6418.8691460105 0.0558249
6419.1338959175 0.0330918
6419.4700389896 0.0779904
6419.8505111479 0.0150947
6420.4906959309 0.0152304
6420.6723549016 0.0122593
6420.8706168316 0.1050797
6421.4022139205 0.0237956
6421.7259090602 0.2646023
6422.2255874668 0.0137438
6422.4753623829 0.0567551
6423.1293860951 0.4944910
6423.9138399199 0.0168289
6424.3259719238 0.0142643
6424.5535425168 0.0128097
6424.9919274024 0.0215271
6425.4074130977 0.0101657
6425.7923801462 0.0203741
6426.0385208074 0.0224951
6426.3160403467 0.0711902
6426.6118515192 0.0417893
6427.1097285751 0.0252641
6427.4089818623 0.0167154
6427.7070686464 0.0217880
6427.9715372410 0.0164841
6428.1903888632 0.0209067
6428.8915685361 0.0231739
6429.1099239353 0.0345641
6429.5372024303 0.0227369
6429.9181772186 0.0161870
6430.1106817447 0.0239307
6430.3968828573 0.0273400
6430.7752980286 0.0451087
6431.3493499876 0.0121391
6431.6796580878 0.0339603
6432.2597910109 0.0631608
6432.6284388995 0.5398008
6433.4015759444 0.0461894
6433.7706776555 0.0249620
6434.3117118381 0.0264324
6434.5759261467 0.0236157
6434.9444582553 0.0325340
6435.1577294606 0.0568741
6435.5857158492 0.0258467
6436.1945881748 0.0107102
6436.7861835301 0.2097503
6437.1297284182 0.0115383
6437.4761673637 0.0115241
6437.7015160838 0.0136345
6437.9501057266 0.0126387
6438.1868258212 0.0632508
6438.4350390731 0.0184192
6438.6509690635 0.0134646
6438.9652565536 0.0242334
6439.1816499887 0.0150114
6439.4613128585 0.0241645
6439.8392236687 0.0134819
6440.8574931659 0.6458312
6442.7169963903 0.0512895
6443.1804467592 0.0248950
6443.3688742134 0.0132649
6443.5638015136 0.0717100
6443.9343380250 0.0308949
6444.3485696137 0.0119801
6444.6244746960 0.0201639
6445.2471912075 0.0221869
6446.0452576115 0.0394518
6446.4886082833 0.0181170
6446.8964232498 0.0252650
6447.1402847255 0.0168301
6447.5160222557 0.0338048
6447.9117430540 0.0190887
6448.1337883297 0.0162717
6448.3825192339 0.0160232
6448.7956224519 0.0178286
6449.1749911983 0.0121280
6449.9152772753 0.0314108
6450.3135984733 0.0225476
6607.3609991370 0.1193484
6607.8026304658 0.2072640
6608.2856966833 0.0182328
6608.5542607786 0.0132161
6608.7749473635 0.0152314
6608.9589192689 0.0126308
6609.4552092519 0.0102077
6609.6511416927 0.0634582
6609.8562463592 0.1806619
6610.3686679692 0.0154082
6610.9427337209 0.4001960
6611.5014329622 0.0994204
6614.0040422058 0.0290851
6614.4329953298 0.0152619
6614.7482097680 0.0309224
6615.2664604181 0.0348719
6615.4420975042 0.0326003
6615.6545669920 0.1287543
6616.0703203284 0.0183285
6616.7868863723 0.0126124
6617.6111244624 0.0166466
6618.3664090264 0.0156222
6618.6187000902 0.0219229
6618.8500761415 0.0103968
6619.0831739458 0.0220660
6619.2992366304 0.0747821
6619.8094659369 0.0101917
6620.9279695887 0.0295095
6621.6477374075 0.0109133
6621.8756655927 0.0102049
6622.9364900509 0.0932295
6623.5882978412 0.0100568
6624.4583758415 0.0191055
6624.7025781026 0.0265277
6625.6561728667 0.0223819
6626.1698582262 0.0198115
6626.4522794326 0.0120051
6626.6720240890 0.2309448
6626.8581217398 0.2355416
6627.3838963201 0.0122236
6627.8434947697 0.0152758
6628.0219700515 0.0166185
6628.2566636673 0.0114692
6629.1343137782 0.0221256
6629.3785456686 0.0991783
6629.9242852679 0.0197421
6630.2064992999 0.0285393
6630.4969089553 0.0101892
6630.6909139928 0.0132534
6631.2977839277 0.0141898
6631.8493332602 0.3104138
6632.2402504175 0.0167081
6632.6459368456 0.0211512
6632.9795643909 0.0158039
6633.6052296906 0.0383008
6634.1663241008 0.0835782
6634.8487112611 0.0123700
6635.2397272463 0.0730463
6635.5841542161 0.2217681
6635.9446830951 0.0926923
6636.3547835217 0.0220889
6636.9520194405 0.0573797
6637.5301146437 0.0101164
6637.7967561714 0.0127542
6638.1764525547 0.0250511
6638.8234228561 0.0125528
6639.0547224924 0.0754850
6639.7214951586 0.0128081
6639.9769710751 0.0136710
6640.9178755445 0.0110431
6641.5268952348 0.0723331
6641.7180423864 0.0656716
6642.3525893505 0.0103669
6643.1894629327 0.0268591
6643.4018087442 0.0150939
6645.4625333156 0.5115172
6646.5216112639 0.0141893
6646.9255264526 0.0372665
6647.2089081341 0.0273353
6647.9957959116 0.0213219
6648.5375098206 0.0144801
6648.7706962068 0.1019560
6649.0061173639 0.0200079
6649.9208985196 0.1131357
6650.5271137923 0.0178212
6651.2974977655 0.0806324
6652.1891724009 0.0213488
6652.5746760520 0.0115022
6653.1349043518 0.0270711
6653.5486067652 0.0142580
6653.7533073337 0.0283519
6653.9682375428 0.0219352
6654.4998821581 0.0125657
6654.8155165542 0.0247394
6655.1190702221 0.0183963
6655.4910525789 0.0190193
6655.6943443991 0.0414050
6656.1313939212 0.0345805
6656.3488665644 0.0204231
6656.7948557705 0.0309288
6657.0859193309 0.0149257
6657.2903320428 0.0122092
6657.5746887900 0.0173933
6658.3631715059 0.0233928
6658.6358102127 0.0112000
6658.8530586763 0.0394642
6659.4366362084 0.0264690
6659.8171416788 0.0127454
6660.2329490014 0.0258916
6660.8619170391 0.0246977
6661.2678471864 0.0225875
6661.5322921910 0.0153825
6661.7530148695 0.0124461
6662.2940586870 0.0198801
6662.5171691277 0.0957226
6662.9209939697 0.1152547
6663.5898023219 0.0135629
6663.8148560754 0.0190785
6664.2441751531 0.0203461
6664.6922189157 0.0330586
6665.0725726076 0.1169356
6665.2865164543 0.4429670
6666.1679519712 0.0143756
6666.8563338990 0.0149422
6667.0679226028 0.0464464
6667.2714293636 0.1073375
6667.6916574984 0.0466627
6668.0379121828 0.0189698
6668.3492688136 0.0835876
6669.2539799722 0.0604483
6669.5735725180 0.0981308
6669.9834258343 0.0149952
6670.2199466129 0.1188603
6670.4458012836 0.0229984
6670.6522489359 0.0166089
6671.1168032515 0.0581629
6671.5898558424 0.0245133
6672.3450264937 0.0187995
6672.5677866829 0.0257072
6673.5607142870 0.0123448
6674.0893366219 0.0114942
6674.5621991833 0.0222518
6675.0247834513 0.0174735
6675.3068121483 0.0272616
6675.6783026616 0.0327881
6676.0683811334 0.0149153
6676.8651820030 0.0212829
6677.5164798674 0.0163371
6677.8555854433 0.0194859
6678.1257946730 0.0166477
6678.3766797565 0.0126312
6679.0263269482 0.1134697
6679.8352796882 0.4861553
6680.4201084010 0.1267605
6680.6618011433 0.0547475
6681.3632802446 0.0969744
6682.6562860519 0.0325580
6683.1187475912 0.0172565
6683.3002753454 0.0109998
6683.4933496746 0.0231894
6683.6989063704 0.0108311
6683.9115667466 0.0248443
6684.5598730319 0.0181409
6684.7752643626 0.0123433
6685.0073724987 0.0133938
6685.2267469006 0.0262210
6685.6434263200 0.0637050
6685.8986388493 0.0180516
6686.1627220842 0.0314743
6686.5618909552 0.0252212
6687.4469850176 0.0142471
6687.6593049431 0.0220307
6687.9054866945 0.0159759
6688.4143343504 0.0140972
6689.0290570380 0.0252685
6689.3832400729 0.0555607
6689.9964022515 0.0151818
6690.2715251363 0.0155211
6690.7142831611 0.0348724
6691.1300990108 0.0793568
6691.9179669921 0.0102472
6692.1366790576 0.0193213
6692.4523047551 0.0844159
6692.9821195221 0.0189050
6693.6458938838 0.0347389
6694.0722595820 0.0125950
6694.4615872502 0.0164529
6694.6926209299 0.0258135
6694.9334205960 0.0156291
6695.2573774349 0.0490815
6695.6570692007 0.0228951
6696.2008473247 0.0175283
6696.7241801409 0.0134666
6697.1181729548 0.0188205
6697.8752909220 0.3320402
6698.1425520551 0.0316710
6698.5911105237 0.0372681
6698.9849434054 0.0230698
6699.3524977303 0.0295132
6699.6189457152 0.0228210
6699.9309468906 0.0237969
6700.1434401058 0.0142548
6700.5193418160 0.2382847
6700.9871247058 0.0421915
6701.4401478366 0.0227326
6702.0179845536 0.0265851
6702.8206819327 0.0133039
6703.2547847562 0.0223623
6703.9596235392 0.0130360
6704.3425511106 0.0219111
6704.5794898210 0.0264252
6704.9342688025 0.0167902
6705.1860271486 0.0360898
6705.4200786428 0.2492674
6705.8103924111 0.0158381
6706.3818341312 0.0279619
6706.7224061527 0.0148962
6706.9569669143 0.1470961
6707.4743248700 0.0229299
6707.7439667563 0.0129119
6708.1458976700 0.0412801
6708.4753436200 0.0306931
6709.0276006323 0.0456649
6709.2980705918 0.0478087
6709.6363001245 0.0178562
6709.8061776810 0.0115532
6709.9821034342 0.0204704
6710.2521035476 0.0283731
6710.5277753365 0.0193412
6710.7444768160 0.0172735
6710.9276166294 0.0238498
6711.5563761179 0.0148565
6711.7536591952 0.0470015
6712.1725565137 0.2103435
6712.6726842186 0.0198605
6712.8891367617 0.0234042
6713.1067570289 0.1041717
6713.3716548110 0.0418119
6713.6287656090 0.0337054
6713.9567963905 0.0151673
6714.1760046750 0.0272618
6714.6770042155 0.0321036
6714.8986693710 0.0744683
6715.6001449388 0.0562919
6715.8461866605 0.0184304
6716.3498274623 0.0335128
6716.7641901934 0.0766112
6717.2546347967 0.0884709
6717.6144828367 0.0288246
6717.7939188355 0.0128502
6718.1016093280 0.0471801
6718.5334495705 0.1322048
6718.7635323109 0.0140655
6719.5399157982 0.4726492
6720.6241487925 0.0133204
6721.4407571600 0.0436876
6721.9684526346 0.0295461
6722.6782645902 0.0137256
6722.8502942280 0.0299884
6723.0579501277 0.0151756
6723.3803157590 0.0105296
6723.8915705430 0.1032857
6724.3702409235 0.0331778
6724.6322231749 0.0320632
6724.8990781569 0.0238393
6725.3862850139 0.0177668
6725.8031256457 0.0475451
6726.4190797806 0.0274860
6726.7564765359 0.0164461
6727.2094228193 0.0704461
6727.5576956000 0.0153665
6728.0646499497 0.0176954
6728.2741688017 0.0228075
6728.5225278702 0.1404601
6728.9127224367 0.0421105
6729.5224142795 0.0328081
6729.7677152358 0.0155343
6730.0840208497 0.0346570
6730.8290248171 0.0696658
6731.5816043627 0.0208515
6731.7739459855 0.0184530
6732.1891403075 0.0319100
6732.4906035301 0.0229847
6732.7137865983 0.0341454
6732.9333270269 0.0140483
6733.3699530638 0.0723886
6733.9115363208 0.0431840
6734.1336465008 0.0317581
6734.4702106951 0.0304766
6734.7079323342 0.0160518
6735.0148096839 0.1072609
6735.2423059528 0.0199312
6735.5317379405 0.0382138
6735.8958910959 0.0123591
6736.0781565394 0.0139541
6736.4050481228 0.0147565
6736.5815807645 0.0274957
6736.7989619732 0.0273701
6736.9974735166 0.0211856
6737.3921110519 0.0427331
6737.7313092259 0.0228649
6738.0647990746 0.0158923
6738.3927030111 0.0230103
6738.6887011059 0.0205058
6738.8886541374 0.0233254
6739.2954737102 0.0252309
6739.8508427488 0.0771953
6740.0993966129 0.0258548
6740.7425208358 0.0525481
6740.9752941156 0.0141635
6741.1439923909 0.0511108
6741.3818030858 0.1752939
6741.7950306633 0.0302408
6742.1486900686 0.0385575
6742.5218260028 0.0323700
6742.8420134453 0.0234297
6743.3446080811 0.0379738
6743.6103247026 0.0220672
6743.8102961702 0.0180258
6744.1608147715 0.0587188
6744.4224190471 0.0255132
6744.7568756884 0.0302447
6744.9970341056 0.5216762
6745.4934324460 0.0185012
6745.8458109883 0.0335264
6746.0948620878 0.0229135
6746.3100704144 0.0376189
6746.5313653982 0.1086312
6746.9170655637 0.0481275
6747.4156738095 0.1816028
6747.8258328544 0.0563486
6748.2071991048 0.0806267
6748.6763502179 0.0544661
6749.2348976073 0.0108372
6749.4871112984 0.0637369
6749.9811675212 0.0302286
6750.2108997054 0.0265474
6750.6195585981 0.0389959
6750.8908386982 0.0511814
6751.2531841436 0.0221177
6751.4190715448 0.0148530
6751.6344515889 0.0563046
6752.0216694249 0.4264884
6752.2634003170 0.0572442
6752.5793929547 0.0172287
6753.1711038071 0.0444647
6753.6279250262 0.0376039
6753.8752458324 0.0282781
6754.0926758685 0.0345973
6754.5667482884 0.1005504
6754.9701977718 0.1009607
6755.2911604973 0.0481351
6755.5140351483 0.0273448
6755.9018009233 0.0198602
6756.1986389999 0.0317296
6756.4302773684 0.0840639
6756.8099395041 0.1145171
6757.2033800561 0.0288434
6757.4814197865 0.0927734
6757.7049706899 0.0611532
6757.8801648458 0.0460916
6758.0728409742 0.0241804
6758.2529871422 0.0145669
6758.4607120787 0.0345636
6758.7707541579 0.0296187
6759.0584649802 0.0217989
6759.3727586132 0.0281923
6759.5743175814 0.0352800
6760.0117824970 0.0267656
6760.3097930703 0.0182881
6760.6171745544 0.0231641
6760.8719680727 0.0196830
6761.2201408998 0.0420089
6761.7718402849 0.0288652
6762.0615661102 0.0132968
6762.2692301312 0.0347427
6762.4892439643 0.0236155
6762.8428286877 0.0100337
6763.0485397936 0.0133332
6763.2432593028 0.0206930
6763.4641590144 0.0245619
6764.0314026923 0.0452556
6764.2352409146 0.0794269
6764.6067847998 0.0264152
6765.0521561647 0.0260491
6765.4282508643 0.0314636
6765.6607137270 0.0282377
6766.0105308082 0.0711602
6766.3450313894 0.0699039
6766.5890829297 0.0247743
6766.7979765125 0.0801686
6767.0219466510 0.0254461
6767.3127281620 0.0299990
6767.7229525035 0.0922610
6767.9793550167 0.0296905
6768.4449275674 0.1010176
6768.9670872006 0.0556097
6769.2743777232 0.0165035
6769.6463875058 0.4295861
6770.1280553071 0.0317129
6770.6045754640 0.0658400
6770.8231648960 0.0405074
6771.3070677792 0.0661076
6771.5762334167 0.0283167
6771.7981425920 0.0158031
6772.0164949605 0.0197529
6772.2827246784 0.0167844
6772.4613370867 0.0200466
6772.9210406909 0.1611734
6773.4513695443 0.0239089
6774.1891402320 0.1730321
6774.8593894362 0.0584871
6775.0873527309 0.0688046
6775.3423041958 0.0349221
6775.6591665755 0.0546219
6775.8639992280 0.0375266
6776.7598390103 0.0229008
6777.1897923835 0.0307618
6777.4132238196 0.0188601
6778.0611857907 0.0618521
6778.3440937571 0.0448919
6778.9067903411 0.0185453
6779.1386257684 0.0869489
6779.7033828672 0.0650224
6779.9913927867 0.0127843
6780.4545088628 0.0662147
6780.9110815588 0.0381691
6781.2031875906 0.0138660
6781.5950165298 0.0906530
6782.1466776370 0.0766656
6782.7394823230 0.0114446
6783.1240298240 0.0574981
6783.5188506388 0.0238563
6784.0981418003 0.0194151
6784.3185682197 0.0555194
6784.9258969145 0.0595559
6785.3330511981 0.0753363
6785.5750059794 0.1105230
6786.0647645258 0.0690020
6786.4494038529 0.0144407
6786.6399757213 0.0120729
6786.8748132783 0.1100844
6787.2609096877 0.0407848
6787.6560738868 0.0690396
6787.9359379573 0.0301887
6788.3380269496 0.0266909
6788.7346662059 0.1060225
6788.9400965921 0.0816990
6789.1471043228 0.0199011
6789.4742010106 0.0760363
6790.1605339631 0.0783063
6790.3873214753 0.0236923
6790.6312472683 0.0436991
6791.1281169105 0.1051278
6791.5160528666 0.0587246
6791.9302140482 0.0552359
6792.1294325340 0.0334107
6792.3374735633 0.0359148
6792.8488173304 0.0300031
6793.0487728147 0.0139588
6793.5663575512 0.0464393
6793.7843187797 0.0263595
6793.9911666584 0.0939829
6794.5501970457 0.0148242
6794.7525033728 0.0149319
6795.0349039079 0.0898725
6795.5695541868 0.0509327
6795.8001032523 0.0239336
6796.1728199459 0.0767846
6796.4869456366 0.0291456
6796.7888770167 0.0437864
6797.1605872499 0.0377246
6797.5473239660 0.0162542
6797.9565943345 0.0506421
6798.1814582712 0.0467884
6798.5018316534 0.0652120
6798.8419759049 0.0309180
6799.0544471176 0.0119373
6799.3584783235 0.0524824
6799.6277935496 0.0266933
6799.8460469982 0.0600651
6800.1093243700 0.0601876
6800.3597276082 0.1673701
6801.2023991102 0.0362216
6801.6207617766 0.0289033
6801.8787323111 0.0593170
6802.0955276880 0.0173728
6802.3483870975 0.0280117
6802.5730164021 0.0153850
6802.8155510441 0.0486893
6803.0179811762 0.0860297
6803.7506430434 0.0604942
6804.3483381491 0.0651303
6804.6755733096 0.1115118
6804.8973125172 0.0311258
6805.2882879869 0.0302212
6805.6616358142 0.0528119
6805.8835334446 0.0984308
6806.1605320398 0.0474936
6806.6625532265 0.0419495
6806.8696032525 0.0362116
6807.1381069124 0.0281260
6807.5054879550 0.1168209
6808.2129780533 0.0173068
6808.7227758634 0.1921811
6809.3429708459 0.0309114
6809.5549324340 0.0884250
6809.7883573368 0.0510017
6810.1036870861 0.0403648
6810.4124872488 0.0339382
6810.8541268920 0.0409944
6811.2005002240 0.0289958
6811.4481011013 0.0325070
6812.1389430234 0.1771654
6812.7213515517 0.0375603
6813.0928755313 0.0646283
6813.5253955021 0.0158904
6813.7265613765 0.0528043
6814.0408806353 0.0469201
6814.3565138878 0.1158273
6814.8254861769 0.0323330
6815.3053029241 0.0292780
6815.5820190461 0.0299082
6815.8120786049 0.0299029
6816.2092967889 0.0272766
6816.4622996009 0.1082340
6816.8253864419 0.1974779
6817.2926157434 0.1113215
6817.6534370651 0.0619187
6818.0421387185 0.0308225
6818.2470943635 0.1097812
6818.6207738452 0.0300260
6819.0369052192 0.0537216
6819.2551513204 0.0889626
6819.6525607873 0.0111052
6820.0634932729 0.0753108
6820.5051102047 0.0251867
6820.8877286525 0.0858447
6821.4170113922 0.1225743
6821.7721507768 0.0306695
6822.2486777124 0.1305861
6822.6242999784 0.0183467
6822.8996602978 0.0347071
6823.1648108802 0.0242241
6823.5534574911 0.0593654
6823.9113797052 0.0336656
6824.1164287067 0.0875046
6824.3365687887 0.0311464
6824.6788529055 0.0450179
6825.1462472753 0.0215740
6825.3417354145 0.0733883
6825.5353323049 0.0546932
6825.7489761093 0.0353762
6826.0673036407 0.0609415
6826.4456124612 0.0205299
6826.8261806497 0.1284650
6827.0647507213 0.0170995
6827.7056504972 0.0227854
6827.9798489555 0.0665135
6828.3551038050 0.0139415
6828.5733469276 0.0474594
6828.9663578250 0.1111095
6829.1785217720 0.0813371
6829.4844738947 0.0468234
6829.7150968286 0.1206998
6830.2511519156 0.0332410
6830.4810137249 0.2014382
6830.7153152288 0.0776672
6831.0496951812 0.0155272
6831.2725626386 0.0121160
6831.5131842634 0.0383072
6831.7583792887 0.1085570
6832.1296394849 0.0355613
6832.4370972037 0.0594087
6832.7544213974 0.0287228
6832.9767831592 0.0575210
6833.2110731107 0.0356924
6833.5550219487 0.0495760
6833.8112171745 0.1768145
6834.1175713969 0.0913761
6834.3305584666 0.0380822
6834.8355177491 0.0635949
6835.1165260218 0.0477714
6835.3973707506 0.0677005
6835.6191492862 0.0500369
6836.2958076598 0.0519572
6836.5725477545 0.0324015
6836.9387354577 0.0213414
6837.1351114183 0.0614251
6837.5772719345 0.0441704
6837.8178030865 0.0652189
6838.0069577842 0.0982162
6838.4779963613 0.1171650
6838.6740051834 0.0967636
6838.8950899030 0.0804131
6839.2254247799 0.0478533
6839.4328397013 0.0144380
6839.7959848870 0.0560589
6840.0446963107 0.0661502
6840.2600262022 0.0319705
6840.4840848824 0.0700719
6840.7164004045 0.0827056
6841.0506437236 0.0730360
6841.3921805355 0.0547206
6841.7246693128 0.1710054
6842.3414009355 0.0214474
6842.5745023095 0.0271880
6842.7924966184 0.1058592
6843.2312284647 0.2257142
6843.5252428297 0.1358629
6843.7529079611 0.0333478
6843.9439653620 0.0779674
6844.1520813932 0.0399435
6844.5916508455 0.2024791
6844.9441514488 0.0863158
6845.3081032037 0.0213064
6845.5471465573 0.1844302
6845.8923165084 0.1095612
6846.5967245866 0.0943096
6847.0858813635 0.0795561
6847.4162757792 0.0353108
6847.7978318322 0.0275140
6848.2060496897 0.0768885
6848.4213116948 0.0996553
6848.7074330975 0.0513545
6848.9185384441 0.0376798
6849.3518148352 0.0604001
6849.8674980216 0.0827722
6850.4407529803 0.0583871
6850.7303467581 0.0128656
6850.9701072261 0.0306390
6851.3447448588 0.0773753
6851.7153581887 0.0243991
6851.9117149172 0.0641022
6852.2578860101 0.0812890
6852.4696584970 0.0859808
6852.7037419878 0.0395446
6853.2472757505 0.1393807
6853.5399174293 0.1116803
6853.7306664992 0.0926083
6854.0301910603 0.0653227
6854.2590842048 0.0189898
6854.6461548545 0.0298966
6854.8796050454 0.0847566
6855.3519774399 0.0628873
6855.5982481510 0.0963879
6855.8330527666 0.0218778
6856.1307835156 0.0802337
6856.4984541756 0.0922098
6856.7121907320 0.0533698
6857.0587532020 0.2636948
6857.3184329819 0.0605982
6857.5716193345 0.1560981
6857.8137975548 0.0465947
6858.1375301716 0.0975427
6858.5103560996 0.0304940
6858.7094981791 0.0684130
6859.1253603685 0.1227483
6859.4542330790 0.0703303
6859.7511287245 0.1562483
6860.0424260635 0.1787584
6860.3700200602 0.0485018
6860.7485874142 0.0415493
6861.0067201488 0.0269206
6861.3206449873 0.0935943
6861.5614650732 0.0493526
6861.9633219649 0.0862976
6862.2091859983 0.0816705
6862.5124632820 0.0743264
6862.8247359565 0.0704379
7419.0495311716 0.0522244
7419.4355052506 0.1080278
7420.7165427337 0.1966643
7421.2372875712 0.0433943
7421.7351764664 0.0129585
7422.4047553544 0.0147852
7422.9157871837 0.0382730
7423.1680030587 0.0107270
7423.6034465175 0.0526226
7424.3264220439 0.2503378
7424.7661765355 0.0431226
7425.2363515595 0.0673883
7425.5461703966 0.1248951
7425.8923990110 0.0268838
7426.6366639991 0.0942098
7427.3465365444 0.0719078
7427.9601255287 0.0302360
7428.4037356512 0.0100470
7429.5920740487 0.0144337
7431.2498072134 0.0359418
7432.3493040787 0.0134978
7432.5931665032 0.1219479
7432.8890727107 0.0784570
7433.1709405331 0.0186577
7433.6953879843 0.0325719
7434.0384463162 0.0399217
7434.2818063356 0.0212117
7434.4926484069 0.0102650
7434.7271280219 0.0459519
7435.0556293989 0.0168849
7435.3778398897 0.0253092
7435.8197398738 0.0430298
7436.6342713648 0.0495000
7437.6248960284 0.0490606
7439.1477318898 0.0150895
7439.6613003402 0.0110390
7440.4911142245 0.0123675
7441.9163329475 0.0523869
7442.2217631654 0.0162196
7442.6318123335 0.2780353
7442.9672434712 0.1766821
7444.0144513775 0.0134354
7445.0747511048 0.1408343
7446.5599133168 0.0138754
7447.8058221959 0.3004217
7448.3667290847 0.0490915
7449.4327462175 0.1464366
7449.9537198090 0.0339822
7450.2860033800 0.0178151
7451.4713741986 0.0137504
7453.2608916891 0.0417991
7454.1742593934 0.0188923
7454.9810520998 0.0409317
7456.0553886717 0.0462098
7458.3972849126 0.0152909
7458.6425045183 0.1006226
7459.4113606776 0.0156461
7461.4524818175 0.0115367
7463.5768513098 0.1822875
7464.3696270224 0.4408768
7465.4449880788 0.0214019
7466.0124879935 0.0718462
7466.3127648678 0.0212035
7466.9161088989 0.0404266
7468.5710439894 0.0154567
7471.0040747903 0.0542570
7471.7616356813 0.0165808
7472.0047505820 0.1132518
7473.2878093651 0.0604929
7473.8056363681 0.0257338
7474.0849317661 0.0131127
7474.7979245902 0.0248324
7475.6132038186 0.0495268
7476.9645246038 0.0996159
7477.9255271215 0.0519558
7478.1881948364 0.0349146
7478.4371351793 0.0417681
7479.6130883952 0.0371459
7480.9060046844 0.0106672
7481.1268397886 0.0115177
7483.0714530681 0.0276130
7483.5513508365 0.0162693
7483.8003834654 0.0530726
7484.0120519881 0.0434452
7484.2774519911 0.0361111
7486.3671534031 0.0221312
7486.8805240297 0.0406510
7487.1510255891 0.0148650
7488.1845175839 0.0121845
7488.7094461382 0.0212585
7489.8168603699 0.0369234
7490.0794279303 0.0105723
7490.8642627583 0.0155290
7491.4085651286 0.0180489
7491.6486829549 0.2533313
7492.4171344055 0.0442085
7493.4518386815 0.0965839
7493.7122107806 0.1970876
7496.0317185246 0.0139661
7496.4647919099 0.0264234
7497.1377022570 0.3278332
7498.1736366686 0.2119742
7500.5971632040 0.0614905
7502.2704343344 0.0100115
7503.3427747388 0.0160969
7504.8015598568 0.0571994
7505.3605530052 0.0121553
7506.3240307823 0.0128258
7507.5891863321 0.0279969
7507.8738978984 0.0215812
7508.1421221581 0.0547451
7509.3359640265 0.1797680
7511.8072306390 0.0184011
7513.0945520825 0.3517318
7514.2037634804 0.0150686
7516.2644119365 0.0332090
7521.7074667388 0.0215973
7523.6199253987 0.0157857
7524.8404232511 0.2162963
7525.2877828495 0.0417845
7527.1855525329 0.2021293
7530.0720797027 0.0362124
7530.4728316521 0.0129670
7530.7829752530 0.0466134
7533.2244024691 0.2683069
7533.8659000531 0.0105132
7535.3754830975 0.0272658
7536.3697982249 0.0185263
7539.5297576967 0.0104989
7541.5641170631 0.0116779
7542.5137317984 0.0824864
7543.3337144693 0.0493227
7543.6186663684 0.0128281
7543.9965792617 0.0252080
7545.0083283483 0.0116237
7548.0171407725 0.0134163
7548.2546514863 0.1402073
7548.7082105251 0.0112923
7549.0455802441 0.0121450
7549.9760294055 0.0492246
7551.2077551717 0.0401190
7553.1800196475 0.0251783
7554.5631953281 0.0490250
7554.8851078994 0.0181426
7556.0428648181 0.0272341
7556.8440894079 0.0232309
7557.6832358371 0.2722908
7559.1221949096 0.0144895
7560.5206849475 0.0109091
7561.7956991004 0.0478689
7565.0964279965 0.0459764
7567.3314567030 0.0105689
7569.3541638302 0.0120679
7570.9878949851 0.2385005
7571.6409808939 0.0220469
7572.8137358835 0.0357889
7575.5052902618 0.0181240
7576.1291659134 0.1927382
7576.9479808707 0.0104536
7577.4618680432 0.0100315
7579.4306740062 0.0450264
7581.1641470998 0.0444237
7582.1152026530 0.0132145
7582.3598928899 0.0980949
7584.2111861503 0.0278478
7585.8857561805 0.3396459
7588.1138835011 0.3143778
7588.8227201180 0.0120016
7757.8592688129 0.0119557
7758.7399420756 0.0170201
7759.7962946426 0.0115262
7761.4249128489 0.0172643
7761.8121384972 0.0148122
7762.0533645117 0.0148450
7762.3570851729 0.0148486
7762.7087940858 0.0194823
7765.1693543001 0.0159394
7765.4483190406 0.0154963
7766.7660274209 0.0171546
7767.4119237643 0.0101104
7768.8556403854 0.0157565
7769.3403179075 0.0169683
7769.5926313058 0.1190124
7770.0385542885 0.0123366
7770.8440155894 0.0216209
7771.2540641701 0.0145884
7772.0070118484 0.0112956
7772.4246388948 0.0128088
7773.8476773001 0.0137307
7775.4871160832 0.0103752
7776.0626669443 0.0104155
7776.2991018682 0.0110663
7776.7310557327 0.0106287
7777.0273680176 0.0114759
7777.5376597658 0.0152541
7778.8291162120 0.0103348
7779.6036920819 0.0119105
7781.0644714309 0.0139272
7789.6421085427 0.0134347
7790.4072867019 0.0110147
7791.0698448834 0.4141647
7791.9642354493 0.0149201
7792.4660194766 0.0439888
7792.7698417618 0.0167062
7793.4961839004 0.0270076
7793.7961932167 0.0235089
7795.3422591003 0.0137698
7801.3861345984 0.0142290
7802.1467482219 0.0178877
7802.4210692563 0.1702409
7802.9819247518 0.0102709
7804.6307874024 0.0438919
7805.7055506632 0.0104589
7806.3396913013 0.0179546
7806.6750025390 0.0108060
7807.6655832586 0.0106007
7809.4032526356 0.0107802
7810.0603621252 0.1449379
7812.4337930334 0.0100632
7812.9610946858 0.0351762
7813.2656725393 0.0370247
7818.1173791810 0.0100023
7818.8988478529 0.0147552
7819.4155754634 0.0180806
7820.0627836849 0.0101871
7820.8539918968 0.0270705
7821.5015530642 0.0183735
7822.8818200233 0.0153692
7824.0906441254 0.0125972
7825.1558426190 0.0167417
7825.8264745259 0.0136862
7826.1783066578 0.0113328
7826.4098375962 0.0111881
7827.0860939320 0.0170279
7828.9149616604 0.0368006
7829.6607682916 0.0104839
7830.3660923054 0.0114390
7832.2648188056 0.0147699
7832.9157846472 0.0116826
7833.2029213469 0.0124585
7834.3579331315 0.2899787
7836.6507210709 0.0256622
7836.8519243343 0.0333477
7837.4522086568 0.2010288
7838.2739048284 0.2488486
7839.3186083900 0.0214059
7840.2621241371 0.0271688
7842.0991468437 0.0138308
7842.4693281928 0.0114319
7842.7217946353 0.0937646
7849.3636998419 0.0116904
7850.6899364020 0.0128518
7851.5297112014 0.0343387
7852.1106578698 0.0272355
7852.5925781258 0.0132210
7852.9272896124 0.0135040
7853.1263141099 0.0123302
7853.8501818311 0.0116364
7854.5831490191 0.0258471
7854.8463683965 0.2497063
