4401.4884117354 0.0061160
4401.8042869530 0.0374340
4402.0629751051 0.0067220
4402.5182190409 0.0077270
4402.6759095854 0.0084350
4402.7730821861 0.0093950
4403.2047599148 0.0062640
4403.5099973324 0.0033080
4404.2224340321 0.0040640
4404.3476670264 0.0059440
4404.4386810053 0.0053400
4404.5798081873 0.0109460
4405.1005353813 0.0052260
4405.5111075541 0.0102720
4405.6275072219 0.0123950
4406.2485008359 0.0165700
4406.4975654578 0.0152640
4406.9152124974 0.0162900
4407.0922661468 0.0011500
4407.1704867562 0.0012440
4407.3219636669 0.0099150
4407.6623463505 0.0053720
4407.8698210159 0.0371290
4408.8829479575 0.0386470
4409.4289588240 0.0346700
4409.7108721049 0.0363020
4410.3939330852 0.0112740
4411.0892783045 0.0063030
4411.4298060323 0.0053180
4411.5310056982 0.0061110
4412.0785189674 0.0071340
4412.1910766264 0.0028380
4412.3077063585 0.0113910
4412.4038626958 0.0055040
4412.5349612406 0.0059310
4412.9625069003 0.0089450
4413.1318495229 0.0071380
4413.3740383411 0.0208000
4413.4837902614 0.0201450
4413.6506842392 0.0120180
4413.8772079301 0.0060600
4414.3850677562 0.0092730
4414.5601548937 0.0008070
4414.6461255480 0.0048640
4416.3571734371 0.0270500
4416.7793786972 0.0116890
4416.9598862651 0.0065640
4417.3165152454 0.0037800
4417.7100279461 0.0414180
4418.1807159855 0.0011140
4418.5096256630 0.0281620
4418.9420436187 0.0098960
4419.2741341356 0.0023660
4419.4693775890 0.0056680
4419.5667552514 0.0011580
4419.6487948718 0.0094060
4419.8690749236 0.0061010
4420.0514939978 0.0056770
4420.1638125980 0.0080120
4420.3162417690 0.0053410
4421.1673660750 0.0297410
4422.5583226562 0.0041440
4422.7990260936 0.0445830
4422.9861864199 0.0196160
4423.0888264708 0.0030890
4423.1960607326 0.0093440
4423.3763412461 0.0038600
4423.4618757890 0.0077670
4423.6481828910 0.0067520
4423.8071877975 0.0262420
4424.0563784731 0.0362960
4424.3887220646 0.0044760
4424.8014438411 0.0017010
4424.8851989156 0.0053340
4425.0795321342 0.0074560
4425.3288228376 0.0080370
4425.5166743483 0.0158760
4425.6166907089 0.0126170
4426.6719258331 0.0318530
4427.0654595565 0.0091930
4427.2402556277 0.0322090
4427.9267845780 0.0035100
4428.1061308491 0.0033420
4428.3402645611 0.0216740
4428.5511861551 0.0232220
4429.1580611144 0.0107810
4429.7448747876 0.0378980
4429.9456757153 0.0012430
4430.0350792807 0.0043120
4430.1513519283 0.0074790
4430.6907831148 0.0032400
4430.8859605611 0.0118660
4431.0288192170 0.0380150
4431.2530293164 0.0079040
4431.6044619507 0.0233640
4431.7287907227 0.0076460
4431.8519171779 0.0318360
4431.9846501654 0.0061180
4432.1873055840 0.0108740
4432.5248675636 0.0164200
4432.8341470886 0.0072830
4433.1063358369 0.0032650
4433.2050428559 0.0031610
4433.3240832349 0.0056020
4433.4078063042 0.0092910
4433.5320960670 0.0130920
4433.8319831175 0.0116410
4434.2543974671 0.0039210
4434.3581948285 0.0043100
4434.4609079041 0.0185230
4434.6474150683 0.0026590
4434.8081494388 0.0080580
4435.0028967755 0.0203540
4435.2255914795 0.0237450
4435.5959381062 0.0014910
4436.1975957099 0.0225730
4436.3864945061 0.0196410
4436.9216145716 0.0312560
4437.2525128019 0.0025940
4437.3713981422 0.0348970
4437.5879632327 0.0115460
4437.8357645580 0.0137910
4438.3116900221 0.0061180
4438.5080787946 0.0124030
4438.9215287900 0.0060950
4439.0705490756 0.0416320
4439.2160014206 0.0041530
4439.3217763057 0.0060080
4439.4507893171 0.0099030
4439.6172021881 0.0051210
4439.9468390900 0.0142840
4440.3162024655 0.0037530
4440.4859102059 0.0071830
4440.6540205253 0.0061640
4440.7462208324 0.0006660
4440.8599108049 0.0128860
4441.1269211981 0.0169260
4441.2365991131 0.0046150
4441.3140655360 0.0084020
4441.3959881338 0.0064910
4441.5885228931 0.0281170
4441.8229106866 0.0055740
4442.5167636140 0.0196620
4442.9208901590 0.0393750
4443.5760058770 0.0383050
4444.0713944850 0.0251310
4444.2807296761 0.0072610
4444.4397526025 0.0364490
4444.7506735772 0.0100350
4445.4555554217 0.0438880
4446.2105224740 0.0113540
4446.3211546431 0.0060260
4446.4025961159 0.0053590
4446.4957196688 0.0072240
4446.7104202769 0.0402290
4446.8183157247 0.0056110
4447.2903221751 0.0011100
4447.3708694124 0.0048410
4447.4814505687 0.0122170
4447.6950148781 0.0025470
4447.7846275059 0.0089750
4447.9583213031 0.0123400
4448.2541613064 0.0064420
4448.3732026938 0.0269230
4448.6434409473 0.0141300
4448.9645756210 0.0358610
4449.4478030347 0.0028270
4449.5792747003 0.0123920
4449.7974922387 0.0059270
4449.8883852049 0.0028060
4450.3882560091 0.0428890
4450.5707261224 0.0094390
4450.6766470515 0.0028970
4451.1732179874 0.0102760
4451.3484661971 0.0072980
4451.5713939793 0.0161100
4451.7225098260 0.0073220
4451.8382523455 0.0040860
4452.0031178180 0.0095700
4452.1401269453 0.0345010
4452.6341542137 0.0009720
4452.8234811370 0.0278350
4452.9465075777 0.0052290
4453.2411502721 0.0303830
4453.4071380415 0.0049900
4453.9571010627 0.0074980
4454.3634652189 0.0075870
4454.5625117067 0.0315500
4454.9471381317 0.0274160
4455.0820787153 0.0021220
4455.2717627349 0.0013100
4455.6267803533 0.0099710
4456.5653568593 0.0232840
4457.1321503267 0.0354310
4457.6746253826 0.0017060
4457.8617837383 0.0381350
4458.2468032728 0.0129850
4458.7065675192 0.0437630
4458.9979773687 0.0150240
4459.1215529577 0.0041240
4459.3020325534 0.0059430
4459.4019579055 0.0064360
4459.4846017002 0.0170290
4459.7781031023 0.0198550
4459.9772526222 0.0101670
4460.0775270667 0.0046120
4460.1649071107 0.0009130
4460.3589822927 0.0404900
4460.5213421108 0.0050560
4460.6116999403 0.0092700
4460.7669558851 0.0058550
4461.0033392253 0.0496340
4461.5371750122 0.0471020
4461.9333604979 0.0048040
4462.0497411910 0.0097530
4462.2314531141 0.0035050
4462.3261190805 0.0134620
4462.4442722413 0.0101790
4462.9004745570 0.0303000
4463.3338698587 0.0217190
4463.5148045778 0.0026740
4463.6045832558 0.0196180
4463.7177070909 0.0079780
4463.8289984427 0.0126600
4463.9957164127 0.0137920
4464.2696136503 0.0091410
4464.3710614063 0.0199650
4464.6298786671 0.0276110
4464.7847755200 0.0270070
4464.9893474745 0.0110850
4465.1117507577 0.0107290
4465.1959409624 0.0041870
4465.2829509108 0.0092880
4465.7064195990 0.0184160
4465.9101633359 0.0165310
4466.0300199479 0.0109850
4466.1794103494 0.0111260
4466.7743882752 0.0096130
4466.9090157835 0.0134950
4467.0583061592 0.0315160
4467.1595548639 0.0087140
4467.2716234224 0.0039250
4467.6285795713 0.0102250
4467.8085800476 0.0496240
4468.0716434324 0.0107360
4468.5237036672 0.0052200
4468.6787225550 0.0091370
4468.7895427850 0.0103890
4469.0978551060 0.0030000
4469.5320046187 0.0127230
4469.6212161495 0.0042760
4469.7338978710 0.0227560
4470.1758514434 0.0085360
4470.6257651163 0.0209950
4470.7948837246 0.0068910
4470.9591450519 0.0238310
4471.1930957613 0.0074330
4471.3841741625 0.0199390
4471.5242651147 0.0107500
4471.7993046629 0.0067140
4471.9369879803 0.0083220
4472.0923709665 0.0214970
4472.4851375691 0.0348110
4472.6082500435 0.0037290
4472.7523740603 0.0059750
4472.9233481596 0.0360530
4473.0471078049 0.0143710
4473.2375590422 0.0160650
4473.3527884376 0.0126700
4473.4333106779 0.0178970
4473.6044578234 0.0103720
4473.7023306406 0.0133640
4473.8183522451 0.0067840
4473.9528377202 0.0151970
4474.0443128499 0.0142040
4474.1483362897 0.0013530
4474.3814177732 0.0066240
4474.4774871150 0.0153330
4474.5862077940 0.0066050
4474.6643063954 0.0044280
4474.7825135770 0.0198680
4474.9555042099 0.0142230
4475.2851971794 0.0170920
4475.5255475815 0.0131650
4475.9688375179 0.0189290
4476.1052384996 0.0327410
4476.4185021368 0.0050710
4476.5280290294 0.0227530
4476.7109062717 0.0095910
4476.9348283417 0.0097520
4477.0909615292 0.0135750
4477.2943311779 0.0431150
4477.6205642380 0.0142220
4477.7285337205 0.0062020
4477.8708062521 0.0143550
4478.0248098786 0.0132220
4478.1344998151 0.0125390
4478.3123867422 0.0097170
4478.7294157563 0.0141740
4478.8068021713 0.0050730
4478.9108496196 0.0177210
4479.0618154454 0.0073920
4479.2788947125 0.0191450
4479.4403863153 0.0096300
4479.5881803047 0.0180480
4479.7230908954 0.0146290
4480.2965551816 0.0151280
4480.4515040591 0.0244650
4480.5603417719 0.0129970
4480.9514139424 0.0226740
4481.2114645479 0.0082280
4481.3637117132 0.0238000
4481.7077574786 0.0023070
4481.8381758855 0.0326720
4482.5134450355 0.0421120
4482.8487384936 0.0103540
4483.8003185450 0.0088930
4483.9476774224 0.0280040
4484.2431713824 0.0118090
4484.3504626891 0.0072380
4484.6695158652 0.0076660
4484.8448851333 0.0078070
4484.9582490424 0.0052950
4485.2482795622 0.0135320
4485.4657659427 0.0281860
4485.6243757896 0.0096650
4486.0020664383 0.0138480
4486.3038530612 0.0189530
4486.9498965136 0.0258100
4487.1364217269 0.0126310
4487.3416398723 0.0115040
4487.5486895011 0.0047820
4487.6605080038 0.0126100
4487.8581291453 0.0101440
4488.0117946894 0.0174560
4488.4389533941 0.0033590
4488.7628508542 0.0074210
4488.9258138521 0.0045700
4489.0674482224 0.0204370
4489.2975419331 0.0192260
4489.5273915795 0.0120230
4489.6695610915 0.0094870
4489.8934151564 0.0171680
4490.1386798708 0.0307920
4490.3433618775 0.0402580
4490.5708949137 0.0026450
4490.6701060914 0.0105300
4490.7481036717 0.0061820
4490.8438749418 0.0031420
4490.9936004483 0.0499630
4491.2393472912 0.0123090
4491.3306223751 0.0217270
4491.4479143239 0.0071060
4491.5804612981 0.0102300
4491.6876035689 0.0092850
4491.8064089172 0.0116900
4492.0324545625 0.0157210
4492.2655160593 0.0070800
4492.3789599932 0.0245920
4492.5544753058 0.0136180
4492.7344027827 0.0123460
4493.1170257448 0.0140680
4493.5394312049 0.0250870
4493.6754641001 0.0063180
4493.8065476894 0.0137320
4494.1838062377 0.0174250
4494.4999306549 0.0138280
4494.6680300122 0.0264310
4494.8314571368 0.0145260
4495.1573771397 0.0163380
4495.8238109980 0.0397900
4496.2603631963 0.0230880
4496.4075240296 0.0179620
4496.6468251773 0.0237790
4497.1603696944 0.0137380
4497.4817955147 0.0303300
4497.7644561058 0.0005540
4498.1068104498 0.0458560
4498.6385397690 0.0063110
4498.9244342148 0.0405490
4499.0788789720 0.0127950
4499.2710226779 0.0110770
4499.5792030058 0.0125900
4499.8271964508 0.0121220
4499.9767759246 0.0215720
4500.1519011401 0.0266240
4500.4561054198 0.0032610
4500.7788906035 0.0105700
4500.8846995268 0.0159340
4500.9888920236 0.0146070
4501.3703076809 0.0118590
4501.5307360189 0.0164940
4501.6216640153 0.0108940
4501.7869866451 0.0033000
4502.0193529684 0.0206810
4502.1899169817 0.0169380
4502.3398725564 0.0178970
4502.5295236072 0.0244110
4502.7584330189 0.0085090
4502.8857886295 0.0077250
4503.2029423304 0.0258640
4503.4828682068 0.0283710
4504.0361262203 0.0077270
4504.1256788548 0.0037920
4504.2771338265 0.0072340
4504.3556365448 0.0134720
4504.4619976154 0.0022640
4504.6346491815 0.0156550
4504.7801005690 0.0139250
4504.9000502262 0.0180020
4505.0237228660 0.0184110
4505.5396200229 0.0035270
4505.7265923694 0.0083110
4505.9803193343 0.0151900
4506.1094444137 0.0049990
4506.2960866735 0.0127250
4506.4594607924 0.0069080
4506.8305057217 0.0159800
4506.9398015681 0.0131900
4507.2148761686 0.0110750
4507.3879658524 0.0095340
4507.7911822744 0.0038100
4507.8821462828 0.0228260
4508.0596901427 0.0123650
4508.2123864446 0.0137510
4508.4110238721 0.0157990
4508.6773921765 0.0257970
4508.7968216984 0.0085870
4508.9449447937 0.0082480
4509.0212309286 0.0018530
4509.1192017869 0.0266980
4509.2113501085 0.0030600
4509.3098571084 0.0089380
4509.5270504345 0.0166970
4509.6479993579 0.0158480
4509.8131259418 0.0102490
4509.8923178439 0.0081650
4510.0030160619 0.0104750
4510.0874013348 0.0031590
4510.3831103854 0.0114360
4510.4825016192 0.0047400
4510.7000180317 0.0235230
4510.8121206208 0.0104440
4510.9973675162 0.0122460
4511.2477175955 0.0183340
4511.5809305468 0.0168370
4511.6847269439 0.0156760
4511.8272955750 0.0192940
4512.5561159490 0.0112830
4512.7039269643 0.0254900
4513.5261269894 0.0322560
4513.7965163611 0.0095080
4513.9930592406 0.0459930
4514.2057653867 0.0037670
4514.5365036890 0.0078020
4514.6298333246 0.0119430
4514.7973685477 0.0156290
4515.2489437477 0.0093630
4515.3429555636 0.0057190
4515.4783813115 0.0245780
4515.6093928942 0.0042960
4515.9387828427 0.0236140
4516.2389050658 0.0137980
4516.4003296771 0.0122510
4516.6002914613 0.0117810
4516.7124290624 0.0097580
4516.8796662084 0.0289310
4517.0942408504 0.0165530
4517.2695061159 0.0108000
4517.6136749680 0.0231410
4517.7258505797 0.0068410
4517.8125514667 0.0080650
4518.0171194680 0.0056570
4518.1281697829 0.0069640
4518.2276610464 0.0061550
4518.3561849740 0.0183050
4518.4719595361 0.0104030
4518.6833643428 0.0212950
4518.7871617433 0.0107280
4518.8831310775 0.0044280
4519.2940635564 0.0480110
4519.5683919747 0.0066240
4519.6420304141 0.0093110
4519.8413070202 0.0066780
4519.9475470660 0.0331430
4520.1168477591 0.0106460
4520.6258401270 0.0195310
4520.7347408756 0.0071670
4520.8280935198 0.0148730
4520.9205089165 0.0143800
4521.1140150003 0.0081780
4521.2367103908 0.0108030
4521.3259289438 0.0100020
4521.4583949138 0.0158460
4521.7169731767 0.0245570
4522.3432365072 0.0319240
4522.5848232853 0.0266760
4522.7896473585 0.0211700
4522.9065292151 0.0024990
4523.0060054767 0.0114300
4523.2740362368 0.0239590
4523.4833775031 0.0209310
4524.0586843856 0.0394490
4524.6744139414 0.0159880
4524.8235123044 0.0213110
4524.9915406651 0.0236960
4525.1378682968 0.0208160
4525.2869416535 0.0108180
4525.4601683870 0.0195560
4525.6688294756 0.0190920
4525.8055415691 0.0033880
4525.9435400023 0.0196900
4526.2381657872 0.0083480
4526.3895717604 0.0407840
4526.5970325330 0.0126960
4526.6860900456 0.0092220
4527.3474136459 0.0266120
4527.5227739442 0.0113580
4527.7181695324 0.0272900
4527.8102818519 0.0071410
4527.9094060227 0.0056620
4528.1867852566 0.0435310
4528.5698053825 0.0334120
4528.7264357366 0.0249040
4528.9315548930 0.0142880
4529.0925363961 0.0203180
4529.2378587650 0.0125650
4529.3853977192 0.0066930
4529.4732979272 0.0074080
4529.5707126473 0.0065660
4529.8832021533 0.0453130
4530.1385935842 0.0154590
4530.2974305219 0.0146810
4530.4769469198 0.0116630
4530.8474997577 0.0172470
4531.1158796190 0.0166210
4531.2440794681 0.0186670
4531.3706458861 0.0151750
4531.4811720689 0.0195400
4531.6524973049 0.0163160
4531.7641537863 0.0101900
4531.8276685566 0.0040370
4531.9803668746 0.0435150
4532.2280822810 0.0104870
4532.4144254829 0.0504380
4532.5865029182 0.0170410
4533.0083352994 0.0181580
4533.1633182215 0.0086380
4533.2539841612 0.0119530
4533.5922854876 0.0119070
4533.6617278235 0.0077890
4533.7663924597 0.0120790
4533.8737808151 0.0160040
4534.0190251663 0.0118850
4534.5071190463 0.0482180
4534.9643017652 0.0066180
4535.0679141241 0.0117760
4535.2230240811 0.0148120
4535.3447392202 0.0041840
4535.4414887671 0.0087900
4535.5880144577 0.0149790
4535.7148779564 0.0070660
4535.8236766851 0.0122610
4536.0387084653 0.0409540
4536.8323280259 0.0397250
4536.9642698663 0.0089760
4537.1794956987 0.0228200
4537.3059280845 0.0316290
4537.6673365184 0.0074850
4537.9678888831 0.0184440
4538.1116378420 0.0078300
4538.2925076032 0.0256250
4538.3912496775 0.0077560
4538.7498303664 0.0155640
4538.9014394014 0.0199970
4539.0821881313 0.0107990
4539.3526275458 0.0084730
4539.4330787905 0.0082620
4539.5228014836 0.0227490
4539.6237111308 0.0110850
4539.7640131805 0.0035730
4540.0267975743 0.0220490
4540.2002903890 0.0105740
4540.3609628183 0.0245240
4540.5011198301 0.0165520
4540.6493589762 0.0108950
4541.3273190093 0.0158060
4541.5510861012 0.0104240
4541.6415179824 0.0108160
4541.7649625815 0.0510360
4542.1342581052 0.0277300
4542.3283973737 0.0367790
4542.6537372903 0.0223820
4542.7996428216 0.0168650
4542.8970205375 0.0079950
4543.0128831350 0.0119130
4543.1161223989 0.0135000
4543.3565428905 0.0233360
4543.4630920287 0.0139210
4543.8689112005 0.0197710
4544.0117879326 0.0149300
4544.1182470473 0.0194580
4544.6705519058 0.0133490
4544.8354434523 0.0176870
4544.9980183872 0.0050900
4545.1227473273 0.0195950
4545.6304394061 0.0085830
4545.9393459872 0.0580640
4546.2285003522 0.0098950
4546.4523884808 0.0191090
4546.6420025578 0.0270430
4546.7623133319 0.0218370
4546.8704818993 0.0095320
4547.2305359903 0.0540250
4547.7053423883 0.0134240
4547.8154624716 0.0202700
4547.8999677899 0.0083890
4547.9842670538 0.0164800
4548.1733219843 0.0188270
4548.2875001396 0.0277960
4548.6034975969 0.0244860
4548.8493825373 0.0206210
4549.1071786238 0.0414660
4549.3640824750 0.0208570
4549.4670786775 0.0243550
4549.6070176371 0.0222520
4549.7617565056 0.0137400
4550.0343194932 0.0503140
4550.1741674291 0.0064130
4550.2617055493 0.0052840
4550.6050222247 0.0066660
4550.8779112995 0.0202630
4551.0468669237 0.0149790
4551.1491079275 0.0052130
4551.4177488809 0.0175630
4551.5592122442 0.0066050
4552.1099287005 0.0111080
4552.2409132966 0.0111740
4552.5111856821 0.0213580
4552.7051389101 0.0151280
4553.0829837089 0.0092240
4553.4791663518 0.0166610
4553.7248332397 0.0456590
4554.0068127190 0.0135370
4554.1157955048 0.0070130
4554.2171922869 0.0183700
4554.6002374617 0.0185600
4554.7418858759 0.0279700
4555.3003993990 0.0422990
4555.7976047296 0.0208030
4555.9574729570 0.0060380
4556.2687161688 0.0099140
4556.3716113476 0.0105530
4556.5737327363 0.0127380
4556.7608191537 0.0516920
4556.9912970328 0.0188700
4557.1139894413 0.0069780
4557.2249097403 0.0163470
4557.4130344325 0.0321250
4557.7281496689 0.0157360
4557.8693109562 0.0219960
4558.0597982730 0.0212080
4558.3173102945 0.0121170
4558.5067153257 0.0060030
4558.6536811468 0.0201980
4558.8306789009 0.0054070
4558.9432296314 0.0121600
4559.1068088411 0.0223760
4559.2172460134 0.0027250
4559.4274235325 0.0126750
4559.6051164709 0.0105850
4560.2683656721 0.0215230
4560.4742960702 0.0248690
4560.9719105196 0.0042890
4561.0593616208 0.0161980
4561.1990595235 0.0410780
4561.4534807318 0.0151580
4561.6624269276 0.0238590
4561.8669159462 0.0172730
4561.9741642774 0.0310800
4562.1698639744 0.0009460
4562.2701504666 0.0203360
4562.9184347219 0.0105170
4563.0219390645 0.0141670
4563.3781091538 0.0138150
4563.4683629962 0.0330890
4563.6561105937 0.0110140
4563.7739827322 0.0192800
4563.9037210054 0.0628330
4564.1024094936 0.0113980
4564.3901164983 0.0043320
4564.4650672984 0.0163500
4564.5847149063 0.0129260
4564.6839361181 0.0309850
4565.0221614693 0.0131740
4565.1354664019 0.0288070
4565.4677101735 0.0163750
4565.6007823284 0.0192110
4565.8327876196 0.0231350
4566.2681936458 0.0115700
4566.3687752176 0.0172620
4566.5679128265 0.0277710
4566.7780003282 0.0615330
4567.0383311037 0.0130630
4567.1318178016 0.0182220
4567.3037632272 0.0096490
4567.4832476446 0.0188160
4567.7447797383 0.0272840
4567.8741609193 0.0106110
4568.0129065744 0.0194660
4568.4784565684 0.0115610
4568.6668843495 0.0170910
4568.7473886181 0.0076750
4568.8368052413 0.0106170
4568.9995062258 0.0321700
4569.1427690750 0.0249230
4569.2691514646 0.0178890
4569.3789044608 0.0229630
4569.5075194403 0.0380050
4569.6698923386 0.0214410
4569.8420738284 0.0166040
4570.3012051300 0.0134760
4570.4083924488 0.0091780
4570.5674044598 0.0110300
4570.8824186868 0.0274280
4571.0854883382 0.0243560
4571.3026027004 0.0268410
4571.9024591852 0.0154750
4572.1546008026 0.0287240
4572.3715191140 0.0609020
4572.7388321612 0.0221610
4572.9560045403 0.0435220
4573.0728124021 0.0298970
4573.2408728055 0.0307410
4573.3354667983 0.0167240
4573.5112102319 0.0253000
4573.6605076781 0.0192830
4573.8700080310 0.0441280
4574.0701979240 0.0206530
4574.1683158482 0.0102610
4574.3670743633 0.0067690
4574.4532051204 0.0110750
4574.8179764993 0.0126040
4575.1883063473 0.0228180
4575.4114112960 0.0126880
4575.5066974726 0.0217470
4575.6797001835 0.0076580
4575.7870515481 0.0241680
4575.8797290355 0.0045000
4575.9992096050 0.0479700
4576.1439688537 0.0246000
4576.3598719004 0.0234930
4576.4748882905 0.0154130
4576.5705285611 0.0072960
4576.7425040013 0.0604040
4576.9862594079 0.0299430
4577.5193622686 0.0215660
4577.6528255335 0.0117380
4578.0040923488 0.0154270
4578.4563548509 0.0771070
4578.6879720519 0.0259930
4579.2035672902 0.0085380
4579.3829496895 0.0183830
4579.8346250391 0.0404340
4580.1945621486 0.0215820
4580.3260668975 0.0107680
4580.4806847538 0.0182400
4580.5803400869 0.0235490
4580.6647153823 0.0087920
4580.8220449555 0.0257500
4580.9373694291 0.0180140
4581.0803232037 0.0230820
4581.3407930313 0.0704900
4581.6780071386 0.0690120
4581.8750542076 0.0073930
4581.9567698007 0.0124370
4582.0989233644 0.0105040
4582.2092225108 0.0180240
4582.3151915129 0.0158090
4582.3921748557 0.0078730
4583.0156506094 0.0117270
4583.2711501256 0.0205240
4583.4126675220 0.0212290
4584.0269188407 0.0128730
4584.1401867724 0.0056580
4584.4730487335 0.0169610
4584.6191643457 0.0183800
4584.7294284839 0.0238810
4584.9141442967 0.0124590
4585.0450698951 0.0203230
4585.1736138641 0.0269550
4585.3467496171 0.0415120
4585.5388043698 0.0213930
4585.7215216551 0.0263030
4586.0075152327 0.0022460
4586.0864540934 0.0190350
4586.2554347490 0.0281860
4586.4230080328 0.0030100
4586.5257591864 0.0263550
4586.7598540498 0.0206440
4587.1481546651 0.0228560
4587.6419481597 0.0658610
4587.8428242454 0.0227750
4588.0151947981 0.0324930
4588.1898739610 0.0332970
4588.3522558742 0.0234920
4588.5234141068 0.0248800
4588.6507657626 0.0166460
4588.9032965002 0.0110380
4588.9894332641 0.0089640
4589.3000803609 0.0223920
4589.4266718162 0.0246360
4589.5794651961 0.0189400
4589.7238043419 0.0200800
4589.8522252809 0.0132980
4590.1576099880 0.0357620
4590.2671659416 0.0194160
4590.3503759324 0.0112970
4590.6389692025 0.0212700
4590.9383813322 0.0115470
4591.0398231416 0.0207680
4591.1413739800 0.0196670
4591.3099075209 0.0261660
4591.6452231402 0.0008980
4591.8282825205 0.0103100
4592.1506907292 0.0364740
4592.3696555993 0.0146280
4592.6677113726 0.0602290
4592.9253394615 0.0240290
4593.0289278391 0.0199270
4593.1323121629 0.0078160
4593.5288209577 0.0236040
4593.6746955116 0.0228340
4593.9357194991 0.0475740
4594.1451098403 0.0194540
4594.3381158513 0.0074020
4594.4443529295 0.0134560
4594.5775981461 0.0449830
4594.7644535318 0.0249390
4594.8708446510 0.0186080
4594.9882876912 0.0170410
4595.3888235534 0.0499270
4595.7288944351 0.0294210
4595.9470660987 0.0439360
4596.1469589314 0.0323240
4596.3251400256 0.0279510
4596.4075558086 0.0174070
4596.6568216913 0.0383290
4596.8551601137 0.0187140
4596.9461211554 0.0254990
4597.2220260796 0.0037910
4597.3775161772 0.0457280
4597.5951867098 0.0341760
4597.7302964209 0.0119930
4597.9279036508 0.0258270
4598.0896754092 0.0219230
4598.1878243513 0.0180260
4598.3003350894 0.0426070
4598.4770507979 0.0249920
4598.6153183441 0.0080190
4598.7447495548 0.0266100
4598.9804818627 0.0262640
4599.0895937028 0.0055140
4599.2382309902 0.0085490
4599.8012648107 0.0161090
4599.9020514507 0.0105910
4600.1901476006 0.0288900
4600.4968116587 0.0442720
4600.6509784086 0.0345780
4600.8469352046 0.0154430
4600.9583456531 0.0197320
4601.1385102752 0.0223370
4601.3752038394 0.0242250
4601.5131082913 0.0257920
4601.7516963567 0.0204180
4602.0401055915 0.0611500
4602.3119334436 0.0205530
4602.4038407375 0.0382240
4602.5436857029 0.0288620
4603.2950493129 0.0594300
4603.4570011223 0.0121560
4603.6018754177 0.0161520
4603.7393527579 0.0268490
4603.8735582333 0.0149610
4604.2294273027 0.0583910
4604.4069802368 0.0077610
4604.5108296882 0.0112130
4604.8010554064 0.0063640
4604.8690353763 0.0115970
4604.9880978494 0.0218110
4605.0796960625 0.0257600
4605.2127002211 0.0582690
4605.9826067409 0.0257690
4606.4362696649 0.0204300
4606.5673813239 0.0158870
4606.7516780423 0.0096930
4607.4234176164 0.0707510
4607.7741533339 0.0211640
4607.8802143714 0.0178050
4607.9831095721 0.0205910
4608.1397379774 0.0120250
4608.2505432692 0.0195310
4608.3510088277 0.0106650
4608.6146125127 0.0430710
4608.9249595549 0.0149210
4609.1051021769 0.0097440
4609.1887212823 0.0193440
4609.3173272803 0.0382790
4609.8319353219 0.0365670
4609.9383854631 0.0069310
4610.0646928539 0.0280630
4610.2491856268 0.0243510
4610.3817926831 0.0458950
4610.5999763629 0.0096610
4610.8632229559 0.0369390
4611.2500552210 0.0099600
4611.3325230227 0.0051390
4611.4068796801 0.0070890
4611.4891474290 0.0382690
4611.6294635240 0.0212310
4611.7670318927 0.0104910
4611.8715015112 0.0366530
4612.0495095711 0.0101810
4612.6060357002 0.0410410
4612.9622708790 0.0172290
4613.2211103093 0.0214530
4613.4167880416 0.0324770
4613.5629256768 0.0429910
4613.6677033774 0.0074460
4613.7818835640 0.0454450
4613.8879386024 0.0049640
4614.0472497207 0.0254390
4614.3006787217 0.0254190
4614.6441365249 0.0555730
4614.8208732506 0.0157590
4614.9702477423 0.0418930
4615.1762802135 0.0383960
4615.3134704842 0.0227380
4615.5151338006 0.0311670
4615.6505195944 0.0099000
4615.7659531132 0.0305240
4615.8829590477 0.0339430
4616.5431095824 0.0087750
4616.8742091213 0.0068610
4617.0098609861 0.0342840
4617.4111300778 0.0691060
4617.9088566727 0.0304240
4618.1200525115 0.0047510
4618.2298945531 0.0320350
4618.3213117233 0.0228170
4618.5764241738 0.0729160
4618.8635670933 0.0036140
4618.9403523951 0.0083400
4619.2925895258 0.0292250
4619.3772609128 0.0000690
4619.4707176227 0.0375840
4619.5915325661 0.0168990
4619.7536204221 0.0137310
4619.8764338941 0.0366110
4620.0604545494 0.0267330
4620.8240864560 0.0301770
4620.9445853165 0.0114250
4621.0718579681 0.0633250
4621.2024745039 0.0226870
4621.3842865762 0.0112590
4621.4887231900 0.0110020
4621.7041861600 0.0212180
4621.8682955519 0.0062790
4622.1566357918 0.0174940
4622.2601001488 0.0121960
4622.3744523848 0.0342700
4622.5266386245 0.0256060
4622.6242364305 0.0245430
4622.7321689692 0.0092820
4622.8244123595 0.0161230
4622.9142441121 0.0082320
4623.8692686348 0.0354850
4624.0128365967 0.0476060
4624.1940195046 0.0236160
4624.3866354358 0.0607560
4624.5949325136 0.0274630
4624.8113937503 0.0261160
4624.9697326184 0.0373150
4625.1396765552 0.0247220
4625.2271066737 0.0210390
4625.3568779881 0.0179450
4625.4892129805 0.0159600
4625.6963687574 0.0330350
4625.9025982896 0.0229410
4626.0626506114 0.0132100
4626.2007681333 0.0409090
4626.3286769557 0.0400660
4626.5334901138 0.0056120
4626.6391410509 0.0322900
4626.7962045829 0.0229870
4627.0149244187 0.0139410
4627.1923963476 0.0273870
4627.7886650196 0.0253630
4627.9549759976 0.0180680
4628.0569249563 0.0204910
4628.1580566990 0.0119800
4628.2325804056 0.0163920
4628.3307403624 0.0127780
4628.4125069844 0.0041200
4628.5247896758 0.0314520
4628.8484052514 0.0334100
4629.0609564578 0.0386260
4629.2016846717 0.0164120
4629.4058136512 0.0191990
4629.4937288994 0.0198290
4629.5922439507 0.0034510
4629.8690501493 0.0167270
4630.0950969254 0.0317910
4630.4726717721 0.0315560
4630.6093879258 0.0416330
4630.8280777570 0.0348690
4630.9790656850 0.0251820
4631.0943871812 0.0098360
4631.2501343679 0.0391850
4631.4040120603 0.0291010
4631.7148712661 0.0525820
4631.9818338640 0.0288760
4632.4663429924 0.0352930
4632.8216719597 0.0375340
4633.1667732228 0.0539260
4633.3616687637 0.0386060
4633.4786156908 0.0255300
4633.5991055550 0.0136120
4633.6897405239 0.0200320
4633.9301451004 0.0063920
4634.0160768256 0.0416040
4634.2157416285 0.0547330
4634.5049571139 0.0224590
4634.6106800734 0.0109720
4635.2054953785 0.0143530
4635.2786887354 0.0259910
4635.4989289807 0.0386890
4635.8233707837 0.0301030
4636.0222923914 0.0380190
4636.1507743704 0.0359640
4636.4752421811 0.0406330
4636.6665917868 0.0119630
4637.1312126643 0.0527070
4637.3925827889 0.0409710
4637.5364228303 0.0219870
4637.8799246768 0.0353400
4638.1221307337 0.0132930
4638.2656566925 0.0269390
4638.3805870886 0.0259700
4638.4654755394 0.0285040
4638.6322486467 0.0205530
4638.7700020792 0.0271680
4638.8792939842 0.0141330
4639.0251505599 0.0283740
4639.1510358536 0.0219960
4639.2966763723 0.0427640
4639.4878739399 0.0239730
4639.6017760646 0.0149970
4639.7154941406 0.0208520
4639.8356519199 0.0302790
4639.9711907673 0.0262290
4640.5529056202 0.0247600
4640.6554247347 0.0522350
4640.9545158395 0.0392610
4641.0502361560 0.0220970
4641.2347119471 0.0337830
4641.3589007933 0.0280150
4641.7160362509 0.0238000
4641.8829043854 0.0431650
4641.9853824897 0.0263780
4642.0780429973 0.0128070
4642.1897775499 0.0131370
4642.4546205982 0.0102060
4642.5521443923 0.0160840
4642.6839222463 0.0383770
4642.8073578940 0.0227280
4642.9418964783 0.0393250
4643.0682979106 0.0213510
4643.1490472682 0.0137850
4643.4725648365 0.0235120
4643.5738626292 0.0244020
4643.6896452531 0.0270610
4643.8236306917 0.0199640
4643.9372957556 0.0267400
4644.0421504893 0.0247070
4644.1307379204 0.0048600
4644.2068680565 0.0140050
4644.3020832407 0.0322160
4644.4745028453 0.0240740
4644.5597253865 0.0287340
4644.7422696693 0.0179880
4644.9814299271 0.0500290
4645.1420904219 0.0359950
4645.3877513995 0.0436360
4645.4776281721 0.0190920
4645.6482302968 0.0374580
4645.7897287235 0.0371830
4645.9408777030 0.0132930
4646.4909211923 0.0225680
4646.7530495269 0.0266640
4646.8453269350 0.0013530
4646.9337713292 0.0288100
4647.1866802257 0.0161090
4647.2778823495 0.0112130
4647.4582360547 0.0410010
4647.6527455045 0.0053810
4647.8545588863 0.0146110
4647.9348451230 0.0155640
4648.0840135798 0.0335880
4648.1788266591 0.0069800
4648.5973853735 0.0348420
4649.3746719781 0.0234270
4649.8001565265 0.0445880
4650.1745495608 0.0068300
4650.3365464124 0.0313050
4650.6467584702 0.0222290
4650.7679555295 0.0181200
4650.9898452245 0.0223580
4651.1062880264 0.0223060
4651.2006389845 0.0081750
4651.3147281639 0.0291900
4651.5861999751 0.0233540
4651.7919574034 0.0414660
4652.0336323330 0.0293570
4652.1485217245 0.0195160
4652.5717366771 0.0532880
4653.0633127141 0.0397450
4653.1597012119 0.0068000
4653.4661332732 0.0569940
4653.9463543081 0.0262380
4654.7625292164 0.0233240
4655.1352088047 0.0113860
4655.3767437004 0.0324350
4655.6748945736 0.0168780
4655.8078207382 0.0423390
4655.9064408274 0.0126030
4656.1505313999 0.0252260
4656.3247914994 0.0378230
4656.6509537840 0.0342860
4656.7461129579 0.0045020
4656.8402218541 0.0109120
4657.3358729773 0.0438310
4657.5082235724 0.0317820
4657.7689035352 0.0571510
4658.1111150675 0.0172050
4658.2570096641 0.0250100
4658.5101986459 0.0369040
4658.8596270884 0.0226020
4658.9814353133 0.0478920
4659.4897888011 0.0446100
4659.7286399909 0.0297430
4659.8634146466 0.0295820
4659.9937031155 0.0287800
4660.2349199316 0.0342830
4660.4431940326 0.0074580
4660.8614726929 0.0183850
4660.9345720322 0.0161730
4661.0658547647 0.0445820
4661.2638351430 0.0371540
4661.4496372996 0.0166600
4661.5560624559 0.0299840
4661.6477677179 0.0102220
4661.7337794736 0.0028690
4661.8237432749 0.0322490
4661.9997488400 0.0369980
4662.1123616336 0.0077270
4662.2117189203 0.0362440
4662.3184081468 0.0215120
4662.5459733533 0.0300040
4662.6555503439 0.0208560
4662.8595663203 0.0424390
4663.2563002844 0.0095230
4663.4838324830 0.0245090
4663.5814643136 0.0401830
4663.7923140988 0.0250540
4663.8942740747 0.0157550
4664.0515356820 0.0107900
4664.2198262074 0.0312610
4664.3243718676 0.0217200
4664.7848056875 0.0184210
4665.1200863953 0.0160610
4665.2311527811 0.0263850
4665.3425292490 0.0068690
4665.4635802766 0.0078280
4665.5871149615 0.0414910
4665.7818504847 0.0320200
4665.8998176966 0.0103350
4666.0077592560 0.0248880
4666.1171111885 0.0456430
4666.3215192714 0.0161150
4666.5129779282 0.0133840
4666.6169884477 0.0301780
4666.7707761375 0.0224970
4667.0037957911 0.0346080
4667.2134062511 0.0378390
4667.5077541318 0.0437800
4667.7849714802 0.0407440
4667.8980624028 0.0079280
4668.0005425180 0.0368290
4668.6110930640 0.0164440
4668.8837352030 0.0362970
4669.1831464253 0.0019320
4669.2593425864 0.0044300
4669.4329115118 0.0407440
4669.6543831122 0.0218200
4669.8613568767 0.0437410
4670.4186473345 0.0238020
4670.6104550867 0.0320080
4670.8055707143 0.0276590
4670.9033945985 0.0215210
4671.4473995432 0.0127650
4671.5368242052 0.0089470
4671.7374242847 0.0166990
4672.0177564619 0.0355170
4672.1725424190 0.0306600
4672.3484339610 0.0343360
4672.4888771232 0.0247700
4672.6552521472 0.0109750
4672.7528429705 0.0091840
4672.9398674587 0.0204110
4673.2032071407 0.0129990
4673.3162380498 0.0193480
4673.5347908812 0.0127170
4673.6421162807 0.0139990
4673.7097771845 0.0032950
4673.7976084257 0.0126230
4673.8761121987 0.0127230
4674.2476925236 0.0113990
4674.3547458514 0.0168160
4675.1786988822 0.0315960
4675.5045871180 0.0067740
4675.6784081143 0.0305970
4675.9916780117 0.0188680
4676.1397061829 0.0298580
4676.3227336159 0.0067080
4676.4242684842 0.0394380
4676.5315158642 0.0095740
4676.6317613914 0.0106920
4676.7555161398 0.0337850
4676.9526343019 0.0205220
4677.0580962097 0.0060610
4677.2064844768 0.0254640
4677.3669239332 0.0324940
4677.4803039364 0.0344580
4677.6743362825 0.0374590
4677.9671617721 0.0385560
4678.0689367046 0.0175840
4678.2533545068 0.0503880
4678.5747295521 0.0341330
4678.7499379176 0.0204460
4678.9146715112 0.0288100
4679.0869210939 0.0319730
4679.2390023395 0.0245440
4679.4821186762 0.0120060
4679.8394332338 0.0073020
4679.9423264630 0.0365620
4680.1452721697 0.0449170
4680.2484264681 0.0170200
4680.4414185409 0.0244550
4680.8620778633 0.0176030
4680.9479105780 0.0303950
4681.2253259931 0.0229110
4681.3616500700 0.0223560
4681.6110630750 0.0501170
4681.7799427676 0.0353310
4681.9001835885 0.0275560
4682.3576636577 0.0442770
4682.5964768584 0.0258070
4683.2183944468 0.0506050
4683.6873345512 0.0161740
4683.8479170493 0.0293530
4684.2325398401 0.0162010
4684.5905595909 0.0189490
4684.8345311588 0.0361030
4685.1249350155 0.0367140
4685.4257496278 0.0169280
4685.6410366049 0.0328870
4685.7727494637 0.0441460
4685.9279325341 0.0240190
4686.1887385586 0.0253700
4686.5729672485 0.0399090
4686.8275476261 0.0181320
4686.9463950804 0.0145360
4687.0766335496 0.0175240
4687.2078212701 0.0196810
4687.3110795988 0.0323200
4687.4755871380 0.0338710
4687.6059296350 0.0089270
4687.7227945650 0.0131900
4687.8430033801 0.0274040
4688.0081290832 0.0373430
4688.1631801200 0.0318300
4688.5830942576 0.0307810
4688.7063148702 0.0110350
4688.8082658534 0.0260800
4688.9306452435 0.0206870
4689.0187975747 0.0103670
4689.1038260792 0.0255260
4689.2065692723 0.0143270
4689.3570641039 0.0276970
4689.5089833126 0.0101080
4689.6706771084 0.0095600
4689.7796439489 0.0344840
4689.8947294089 0.0109050
4690.0129306937 0.0229170
4690.1724709198 0.0122050
4690.3381227636 0.0270050
4690.7671923279 0.0207340
4690.9328661779 0.0287980
4691.1024400603 0.0247660
4691.4365054802 0.0133910
4691.5320777762 0.0185410
4691.6924992365 0.0324130
4691.9153202128 0.0266060
4692.1094756021 0.0555310
4692.2722876955 0.0212090
4692.3860308013 0.0127430
4692.6608645451 0.0439640
4692.9056113257 0.0334140
4693.0735967889 0.0304310
4693.1978636806 0.0239610
4693.3507621507 0.0231370
4693.9355569384 0.0375840
4694.1926119781 0.0012350
4694.2784046865 0.0408770
4694.4711627076 0.0407840
4694.7359998076 0.0081720
4694.8359382605 0.0141930
4694.9893628708 0.0663120
4695.2538248720 0.0236550
4695.3952533072 0.0248650
4695.4968301940 0.0165250
4695.6360490445 0.0206260
4695.7683980766 0.0317940
4696.1107226886 0.0190290
4696.2657037116 0.0235740
4696.3929063818 0.0051290
4696.5585692325 0.0301900
4696.8008153547 0.0199280
4697.2224249548 0.0153250
4697.9329120223 0.0205920
4698.0808791897 0.0285920
4698.2392551125 0.0291780
4698.3560850380 0.0362900
4698.4705413352 0.0293990
4698.5866890802 0.0179960
4698.7652053345 0.0157630
4698.8779811871 0.0126260
4699.1811934497 0.0245560
4699.5115729040 0.0416060
4699.6736628108 0.0308410
4699.7903506993 0.0302160
4699.9117478344 0.0249730
4700.0799753662 0.0540700
4700.2629928131 0.0103010
4700.4151770982 0.0229520
4700.8756599943 0.0154400
4700.9924199024 0.0122090
4701.1147222777 0.0133670
4701.2140035590 0.0078360
4701.3283918394 0.0278630
4701.4534799523 0.0329450
4702.1536352961 0.0380210
4702.3317364429 0.0417740
4703.0096258947 0.0344020
4703.1632015497 0.0300740
4703.3907747937 0.0482260
4703.6179109222 0.0446730
4703.8705167934 0.0248000
4704.1151075430 0.0066140
4704.2801402316 0.0379720
4704.6221737775 0.0128140
4704.7219411888 0.0234130
4704.8727081012 0.0103440
4705.1462485156 0.0370430
4705.2542060953 0.0215570
4705.3670249619 0.0171480
4705.5042462888 0.0370930
4705.7060527135 0.0248770
4705.8314799182 0.0255560
4705.9273783057 0.0083400
4706.1492000294 0.0113870
4706.2767467955 0.0317670
4706.4436259742 0.0212580
4706.7176215107 0.0106580
4706.7992671253 0.0126750
4707.0418373427 0.0217940
4707.1386389697 0.0136190
4707.2568042526 0.0170540
4707.3769330553 0.0236470
4707.5159248519 0.0242900
4707.6841933993 0.0164950
4707.9554332075 0.0109610
4708.1258983367 0.0334510
4708.3734908849 0.0207780
4708.5991746331 0.0334410
4708.9719553246 0.0134650
4709.2109385943 0.0195960
4709.5016615622 0.0231940
4709.6498577967 0.0064450
4709.7364097111 0.0164180
4710.1788268404 0.0195110
4710.2922688741 0.0143560
4710.4074113581 0.0331900
4710.6532444426 0.0220290
4710.8185211999 0.0310960
4711.0271074235 0.0258060
4711.1320662117 0.0237790
4711.8799572191 0.0082270
4711.9613267621 0.0157310
4712.1121626969 0.0145340
4712.2471594382 0.0402390
4712.3591920997 0.0187500
4712.4910780175 0.0284740
4712.5867333430 0.0165090
4712.6837240222 0.0124240
4712.8466251517 0.0367210
4712.9674471405 0.0177080
4713.0761339164 0.0137250
4713.5159743690 0.0179030
4713.6145364645 0.0177130
4713.7021456601 0.0324390
4714.0371603597 0.0365530
4714.4267645130 0.0195180
4714.5600968148 0.0340730
4714.8676892549 0.0152710
4714.9848842843 0.0116770
4715.1742324176 0.0184750
4715.3842120135 0.0124770
4715.5090520673 0.0235660
4715.7163339493 0.0290420
4715.9114866199 0.0108950
4716.0580874356 0.0314830
4716.1840037746 0.0060390
4716.3206659590 0.0125400
4716.4344450845 0.0151610
4716.6156630662 0.0503940
4716.9022989599 0.0086600
4717.0406245850 0.0184590
4717.2062484381 0.0258150
4717.5874963835 0.0261580
4717.7712220299 0.0230000
4718.1436026282 0.0212420
4718.2548040720 0.0061850
4718.3749548855 0.0164090
4718.5409938494 0.0331120
4718.6920488458 0.0230460
4718.9451148530 0.0102360
4719.1409527074 0.0265270
4719.3423060224 0.0219000
4719.6451702160 0.0198920
4719.7372005842 0.0183600
4719.9216594262 0.0315300
4720.0776587326 0.0215180
4720.2288437644 0.0233660
4720.4264830967 0.0181420
4720.6159972778 0.0116960
4720.7294393159 0.0178780
4720.8531810814 0.0141270
4721.0307320950 0.0122780
4721.2095604470 0.0161930
4721.4476484905 0.0195420
4721.5817309944 0.0039030
4721.7761724810 0.0236520
4721.8972615445 0.0066120
4722.0008199661 0.0095210
4722.1202455892 0.0336130
4722.3219339951 0.0419180
4722.6004117346 0.0124550
4722.7087614251 0.0073800
4722.8100182376 0.0239900
4722.9691253686 0.0126800
4723.0492605882 0.0081400
4723.3099646220 0.0132210
4723.3967486022 0.0176740
4723.6095259454 0.0399900
4723.9389661812 0.0525930
4724.4752591923 0.0287180
4724.5850832741 0.0094670
4724.8046084050 0.0168370
4724.9575379014 0.0289060
4725.0895318540 0.0156340
4725.6222459197 0.0284380
4725.7378035201 0.0171100
4725.9194476208 0.0148000
4726.0338129057 0.0133860
4726.3122076270 0.0235210
4726.7556150458 0.0222470
4726.9609044087 0.0271230
4727.3295490303 0.0306520
4727.4447665415 0.0162860
4727.7035050590 0.0277450
4727.8070214717 0.0164710
4728.0837797615 0.0264460
4728.2871526179 0.0421570
4728.7911760921 0.0333240
4729.0445771975 0.0102330
4729.2645624539 0.0239650
4729.5596045872 0.0087860
4730.0167556508 0.0078290
4730.3335725514 0.0277360
4730.5229226959 0.0347540
4730.7658510295 0.0185390
4731.1056230100 0.0182240
4731.4711288060 0.0043610
4731.6215086309 0.0145120
4731.9038844123 0.0236710
4732.0429052292 0.0267950
4732.3677342539 0.0044970
4732.8349499878 0.0300060
4733.0837538794 0.0094780
4733.1816928170 0.0245020
4733.3543155335 0.0210260
4733.5759702356 0.0327690
4733.7322046121 0.0064060
4733.8355829905 0.0154970
4733.9731194152 0.0309920
4734.1389173248 0.0291450
4734.2922679379 0.0209730
4734.3905339625 0.0135690
4734.5195661353 0.0256980
4734.9188308766 0.0588980
4735.1495419784 0.0156800
4735.2691796635 0.0140540
4735.4250599472 0.0355650
4735.5622862907 0.0126270
4735.6897870584 0.0207260
4735.7711926182 0.0052160
4736.4200354611 0.0181110
4736.6872662363 0.0153860
4736.8932527914 0.0313460
4737.1783152898 0.0267300
4737.3657819402 0.0133070
4737.5162858012 0.0111650
4737.6404586884 0.0060030
4737.7558782574 0.0136550
4737.9261003410 0.0110360
4738.0720529969 0.0415010
4738.2389241932 0.0277850
4738.3625219284 0.0182340
4738.6570929468 0.0275580
4739.2740863610 0.0005260
4739.3704978962 0.0097740
4739.7424574126 0.0193420
4739.9681651933 0.0145690
4740.1155922408 0.0162520
4740.2315569552 0.0071810
4740.4015769868 0.0357890
4740.6280589731 0.0185460
4740.7940919490 0.0254650
4740.9586095235 0.0313410
4741.1170634922 0.0152360
4741.1924334549 0.0073860
4741.5165122919 0.0240650
4741.6841426913 0.0120380
4742.2514889624 0.0060170
4742.3527917943 0.0350510
4742.7360212998 0.0110320
4742.8523101012 0.0337750
4743.0405179518 0.0284310
4743.2274764717 0.0226210
4743.3744243940 0.0235390
4743.5331274300 0.0045740
4743.7483984494 0.0199280
4743.8834612239 0.0082830
4744.1146454586 0.0496010
4744.3031463878 0.0092440
4744.3947146419 0.0166460
4744.5344596570 0.0188120
4744.6295068327 0.0108130
4744.8164323449 0.0214750
4744.9568035261 0.0249870
4745.1293302245 0.0440030
4745.2944819697 0.0071880
4745.3969111010 0.0102750
4745.5304704781 0.0182090
4745.9913465552 0.0225160
4746.1493514077 0.0267010
4746.3291640369 0.0183010
4746.4436713679 0.0191090
4746.6244682580 0.0141190
4746.8383429099 0.0178200
4746.9675771421 0.0288280
4747.1308823992 0.0114560
4747.3688284277 0.0078720
4747.4579440333 0.0083860
4747.5525771003 0.0216530
4747.6880779927 0.0177560
4747.7720122259 0.0304720
4747.9237254129 0.0305390
4748.0260945293 0.0151710
4748.1768094520 0.0060050
4748.3135946850 0.0382980
4748.5824338978 0.0301210
4748.7339560347 0.0204110
4748.8792765288 0.0075070
4749.0150915051 0.0293620
4749.1338449620 0.0085670
4749.2495646153 0.0189890
4749.4644255306 0.0136130
4749.6706791660 0.0165680
4749.7771743760 0.0191650
4749.8717414264 0.0137000
4749.9858366497 0.0153390
4750.1082140670 0.0191720
4750.2725906097 0.0158220
4750.3806392315 0.0123150
4750.4965179274 0.0286230
4750.6752772804 0.0124910
4750.8164256704 0.0190110
4750.9061164294 0.0243540
4751.1065005110 0.0055830
4751.2009165218 0.0168650
4751.4293010210 0.0155280
4751.5371515908 0.0211790
4751.7181645414 0.0280920
4752.1535118661 0.0085350
4752.2798923448 0.0282840
4752.5563395769 0.0300520
4752.8190161614 0.0217620
4753.1275138845 0.0497390
4753.2682381634 0.0203750
4753.4324426624 0.0233690
4753.6459412201 0.0303280
4753.7371333777 0.0116650
4753.8630867439 0.0347890
4754.0520017894 0.0258150
4754.2184588857 0.0258770
4754.3576067476 0.0068730
4754.5055079283 0.0528840
4754.6513485633 0.0174540
4754.9245189297 0.0147080
4755.0531560075 0.0098320
4755.3531934918 0.0551720
4755.6367766174 0.0206960
4755.8029086285 0.0134190
4755.9317917718 0.0311920
4756.0634276445 0.0097990
4756.1927208966 0.0132720
4756.4776563813 0.0245490
4756.7136008877 0.0189380
4756.9736067686 0.0177530
4757.1277185961 0.0328240
4757.4403034067 0.0361770
4758.5902730621 0.0263600
4758.7230712439 0.0072000
4758.8934833908 0.0265740
4759.0891522290 0.0132560
4759.4471750798 0.0448890
4759.6332003635 0.0262500
4760.0535527280 0.0266460
4760.2329482557 0.0338250
4760.4146503946 0.0248580
4760.5937568459 0.0488490
4760.8776760659 0.0191690
4761.3137425956 0.0099410
4761.6949735979 0.0079330
4761.9689621880 0.0160860
4762.2967680367 0.0172010
4762.4535965870 0.0307990
4762.5539911856 0.0113690
4762.6618647657 0.0237250
4762.7645309663 0.0159800
4763.4728536315 0.0268320
4763.6902362259 0.0435910
4763.9657902327 0.0140210
4764.0830763072 0.0201620
4764.2389776128 0.0164400
4764.3391431514 0.0283610
4764.6070611357 0.0122200
4764.9121859782 0.0351940
4765.0717442531 0.0124330
4765.2379802974 0.0349320
4765.3335766258 0.0067980
4765.4377172179 0.0184950
4765.9373155877 0.0264670
4766.0418682893 0.0175730
4766.1543800997 0.0301470
4766.3411475846 0.0353650
4766.7618580541 0.0371630
4766.9216974045 0.0172950
4766.9969323385 0.0245750
4767.4128675438 0.0193440
4767.5279880460 0.0179610
4767.6446839656 0.0218090
4767.7558684250 0.0184820
4767.8978260381 0.0205060
4768.0168435730 0.0045060
4768.1544980461 0.0218090
4768.4261960356 0.0278550
4768.5403992951 0.0233590
4768.6507315291 0.0361950
4768.9442262945 0.0319120
4769.3306326785 0.0200520
4769.4628677162 0.0103980
4769.5416275849 0.0126030
4769.7328702578 0.0277600
4769.8930967125 0.0134760
4770.1468589513 0.0169070
4770.3139862348 0.0382630
4770.6553886960 0.0240090
4770.7820592600 0.0196940
4770.9146063811 0.0254620
4771.2063856943 0.0238100
4771.4067257789 0.0245360
4771.5504878719 0.0326040
4771.7028272378 0.0270510
4772.0709977936 0.0211920
4772.2404136847 0.0337100
4772.4013703343 0.0202890
4772.5409413174 0.0208120
4772.8057354818 0.0169650
4773.0396174554 0.0201460
4773.2266260087 0.0267230
4773.5096289988 0.0105470
4773.5813269973 0.0048820
4773.8113089381 0.0104950
4773.9287510581 0.0204560
4774.0429263125 0.0221430
4774.1394518901 0.0234320
4774.2364245862 0.0071140
4774.4130783964 0.0216250
4774.4980329080 0.0043330
4774.5751183344 0.0085240
4774.6670777022 0.0330910
4774.7912676106 0.0195840
4774.8809093643 0.0061550
4775.0374418431 0.0260210
4775.1816580584 0.0268000
4775.5110053311 0.0059480
4775.8189879427 0.0313000
4775.9782131356 0.0090530
4776.0733593483 0.0136310
4776.3925039184 0.0074200
4776.6180006730 0.0475740
4776.7946734898 0.0417100
4776.9819071053 0.0307600
4777.1263973942 0.0238400
4777.2266739668 0.0093780
4777.4524637997 0.0216350
4777.6385441100 0.0269240
4777.8289135570 0.0254750
4777.9296042396 0.0060540
4778.3037333825 0.0364540
4778.6742555701 0.0291520
4778.8448427756 0.0132340
4779.1880017126 0.0201260
4779.3804227043 0.0205120
4779.5608525185 0.0304200
4779.6841761995 0.0125380
4779.8838211059 0.0333880
4780.3259922829 0.0253990
4780.4411718060 0.0267460
4780.5635102263 0.0144620
4780.7006985819 0.0337350
4780.9678963910 0.0274340
4781.0869299357 0.0193270
4781.1730947700 0.0072460
4781.3682624910 0.0349730
4781.5902713252 0.0287270
4781.9403400968 0.0161130
4782.2150879079 0.0294850
4782.3185233195 0.0212360
4782.4799170907 0.0161730
4782.6112548968 0.0233030
4783.0319813950 0.0267610
4783.2153159812 0.0128740
4783.2979708860 0.0282610
4783.4257597520 0.0234230
4783.6207174189 0.0141610
4783.7682475168 0.0147070
4783.9037584294 0.0271950
4784.0558837453 0.0275110
4784.2445927566 0.0345730
4784.3783962170 0.0164230
4784.7454224860 0.0368620
4784.9090458496 0.0314230
4785.0822247456 0.0213470
4785.1789213723 0.0141250
4785.2843963254 0.0225770
4785.9652347634 0.0343340
4786.1324580817 0.0420690
4786.3312947785 0.0447340
4786.4400556029 0.0081540
4786.5195996842 0.0115060
4786.7331422787 0.0225310
4786.8576992897 0.0175110
4787.0133705469 0.0316570
4787.1339134942 0.0335430
4787.2317444222 0.0291190
4787.3826274106 0.0465820
4787.5131099923 0.0050230
4787.8744497584 0.0336170
4788.1573217284 0.0528460
4788.3916078218 0.0299940
4788.4975609029 0.0415600
4788.8051184160 0.0266920
4788.9600224710 0.0106470
4789.0628017111 0.0129500
4789.2306722027 0.0321810
4789.3835317160 0.0116370
4789.4696775478 0.0319360
4789.6283355981 0.0359250
4789.7965091704 0.0128820
4790.2697636011 0.0393580
4790.4025497948 0.0424070
4790.5629683121 0.0279100
4790.9918159745 0.0251060
4791.1392240439 0.0320620
4791.3559234785 0.0414330
4791.5540389878 0.0513480
4791.6703778227 0.0255320
4791.7529727141 0.0065240
4791.9198299388 0.0165430
4792.0125225065 0.0229170
4792.1030004873 0.0230770
4792.6465565552 0.0273750
4792.7574449459 0.0246050
4792.8376021915 0.0383220
4793.2156934043 0.0237810
4793.3101534409 0.0063430
4793.6178770033 0.0329300
4793.8446851192 0.0286610
4793.9790187246 0.0431570
4794.2986794517 0.0424480
4794.4378813477 0.0323160
4794.6018978210 0.0172150
4794.7915650933 0.0319280
4794.8808127489 0.0020070
4795.1983549154 0.0519870
4795.3050111854 0.0006670
4795.5404495901 0.0378730
4795.7187658544 0.0402980
4795.9755529181 0.0350100
4796.2775309604 0.0228320
4796.4506708531 0.0439910
4796.6712613231 0.0185860
4797.0027041762 0.0356350
4797.1744827084 0.0387170
4797.3379330333 0.0153520
4797.5270091506 0.0251860
4797.6734209593 0.0301900
4797.7783317676 0.0299710
4797.9111579753 0.0339030
4798.2929151666 0.0249710
4798.4434180600 0.0505510
4798.6333474043 0.0224910
4798.7657164913 0.0201970
4799.1052164825 0.0354380
4799.4008138368 0.0243830
4799.5135907308 0.0365250
4799.6661351661 0.0368220
4799.9025178247 0.0085230
4800.1577674847 0.0129220
4800.2451146382 0.0326980
4800.3521830193 0.0180950
4800.4580000688 0.0204560
4800.6157158754 0.0117850
4800.7408730515 0.0327710
4800.8927873204 0.0370490
4800.9897680278 0.0364170
4801.1239295910 0.0503560
4801.3736817948 0.0225670
4801.5745620439 0.0388600
4801.6755858232 0.0180320
4801.8270349693 0.0370810
4802.1087576485 0.0467100
4802.5145292111 0.0139640
4802.8300778577 0.0121110
4802.9432058461 0.0234840
4803.5039444894 0.0422750
4803.7725436914 0.0349150
4803.9243759402 0.0154150
4804.0329707273 0.0097050
4804.2079861218 0.0296640
4804.3218723117 0.0339910
4804.4791480038 0.0151250
4804.6438286589 0.0324670
4804.7550021299 0.0037770
4804.9012368953 0.0278830
4804.9948107009 0.0362810
4805.2217388576 0.0304500
4805.3854782636 0.0242860
4805.6954144255 0.0430330
4805.9072535828 0.0278680
4806.3738982880 0.0307630
4806.4891678455 0.0083470
4807.0144751029 0.0274370
4807.1579221305 0.0178730
4807.2570184008 0.0266530
4807.3979297563 0.0137640
4807.5577691297 0.0489200
4808.4507238533 0.0233100
4808.5944339513 0.0440560
4808.9596877817 0.0101680
4809.1758110771 0.0207840
4809.2855431677 0.0249360
4809.3970907396 0.0128330
4809.4879698323 0.0144170
4809.6769479317 0.0309900
4809.8440202238 0.0303330
4809.9287736927 0.0056990
4810.0105413699 0.0126280
4810.2982736504 0.0410800
4810.6098652564 0.0268470
4810.7688253985 0.0460730
4810.9364068262 0.0313180
4811.0787185548 0.0281540
4811.2064454167 0.0347100
4811.2987488876 0.0212180
4811.4259005972 0.0321850
4811.6156669068 0.0212020
4811.8279121761 0.0375890
4811.9604903245 0.0225700
4812.1818900211 0.0356360
4812.4059794308 0.0181130
4812.5059869445 0.0122670
4812.7641683930 0.0281810
4813.6281504515 0.0086020
4813.8936588434 0.0337660
4814.0378360680 0.0290070
4814.3539848863 0.0205590
4814.4677630516 0.0139960
4814.7329023465 0.0318040
4814.8233953385 0.0014580
4814.9337956084 0.0339300
4815.1129381037 0.0241900
4815.6069920907 0.0305420
4815.8138959468 0.0228460
4815.9832988604 0.0476940
4816.1349470668 0.0209060
4816.2966659433 0.0456470
4816.4987735282 0.0214820
4816.6236766439 0.0062110
4816.7293086503 0.0336380
4816.8600853234 0.0555320
4817.0474620030 0.0597730
4817.2368222087 0.0224420
4817.3380350436 0.0196200
4817.5075329833 0.0202520
4817.6211921183 0.0400480
4817.7965666162 0.0429870
4817.9708578270 0.0387470
4818.1888116145 0.0296560
4818.3515347584 0.0180190
4818.4548881613 0.0215880
4818.8583561361 0.0358240
4819.1604362295 0.0056900
4819.4046789882 0.0211510
4819.5677852344 0.0372390
4819.8730381697 0.0064440
4820.2486457595 0.0375750
4820.8544023728 0.0186540
4820.9774369950 0.0280260
4821.0857927251 0.0254660
4821.4478057119 0.0177970
4821.5427238793 0.0045930
4821.6343451725 0.0136750
4821.7484964396 0.0390140
4821.8615414134 0.0318320
4822.0698696516 0.0300270
4822.1817133069 0.0130520
4822.4139248781 0.0308850
4822.9258906269 0.0549820
4823.2448361965 0.0148650
4823.3862977056 0.0338750
4823.5405015935 0.0295590
4823.6674612576 0.0411480
4823.8360839689 0.0633170
4824.1099405838 0.0466730
4824.4070193565 0.0307250
4824.6963160660 0.0178700
4824.8416966150 0.0464760
4824.9662256351 0.0256270
4825.0991038691 0.0286000
4825.3151941678 0.0438350
4825.5542405538 0.0536190
4825.7864561286 0.0317780
4826.1877035248 0.0339600
4826.3274445792 0.0204780
4826.4408356465 0.0372190
4826.5804786750 0.0447530
4826.7923538571 0.0542260
4827.1511189897 0.0300900
4827.3356749280 0.0337200
4827.5960069599 0.0389370
4827.9692449313 0.0354380
4828.1489075726 0.0325260
4828.6025838747 0.0401850
4828.7990479717 0.0320940
4829.1523926694 0.0530690
4829.3007930214 0.0175550
4829.4498545489 0.0296930
4829.7004129909 0.0457120
4829.7873940562 0.0243480
4829.8982454514 0.0221420
4829.9938317988 0.0375880
4830.1618293479 0.0286430
4830.3594427507 0.0363390
4830.5225480028 0.0130130
4830.7247826312 0.0451800
4830.9570532248 0.0209840
4831.0736341398 0.0212150
4831.2028534063 0.0211440
4831.3335380615 0.0079970
4831.4617990740 0.0040930
4831.6254474707 0.0326670
4831.7468956767 0.0330520
4831.8934075292 0.0417170
4832.0865737538 0.0186930
4832.5269815435 0.0216250
4832.7834315505 0.0354430
4832.9895282047 0.0638050
4833.2265800680 0.0342510
4833.3983986323 0.0338800
4833.7713175265 0.0605440
4833.9060782637 0.0161980
4834.0159934122 0.0349830
4834.2531773114 0.0400200
4834.3754237301 0.0296220
4834.8219831546 0.0306320
4835.0385965992 0.0323100
4835.3117500381 0.0086970
4835.4246799866 0.0467820
4835.6717555101 0.0321050
4835.7655513845 0.0048300
4835.8418066071 0.0362840
4836.0051579275 0.0207180
4836.1795181675 0.0453120
4836.4140013522 0.0154100
4836.5706338910 0.0269040
4836.6552103207 0.0191360
4836.9205396861 0.0001820
4837.2009420492 0.0128160
4837.3567273638 0.0258100
4837.7515990850 0.0214590
4837.9037024234 0.0199710
4838.0248105418 0.0414260
4838.2529610485 0.0366500
4838.3555482552 0.0232980
4838.6928517102 0.0180200
4838.8634939658 0.0104680
4839.2723063862 0.0413780
4839.3884911994 0.0169810
4839.5345859451 0.0380730
4839.6592069959 0.0337070
4840.2304124860 0.0204190
4840.7000740463 0.0270470
4840.9782168137 0.0394130
4841.3980561615 0.0238690
4841.4861385224 0.0144270
4842.2374957956 0.0633830
4842.4124772041 0.0247100
4842.5034953439 0.0094290
4842.6074899253 0.0160300
4842.7146783539 0.0247920
4843.1365422411 0.0133530
4843.2398836496 0.0326770
4843.8936020310 0.0085570
4843.9921021557 0.0099960
4844.1301917805 0.0094510
4844.2896810812 0.0138820
4844.4435428893 0.0198900
4844.5554675747 0.0166460
4844.7322014494 0.0121720
4844.8900123052 0.0237340
4845.0984305836 0.0296170
4845.3005491913 0.0249470
4845.5535863042 0.0325080
4845.6479833412 0.0159300
4845.7976090265 0.0275420
4845.9528902120 0.0319520
4846.0897875215 0.0131160
4846.2160900210 0.0353400
4846.4404565303 0.0041510
4846.8408067167 0.0215640
4847.0048572286 0.0179980
4847.0848814539 0.0158650
4847.2028857528 0.0411870
4847.3896232823 0.0591400
4847.5948547172 0.0506500
4847.8112521139 0.0482090
4847.9692680257 0.0269110
4848.2283787520 0.0203450
4848.3277361054 0.0246170
4848.5150637922 0.0366580
4848.6438859610 0.0342300
4848.7484767028 0.0037440
4848.8239227142 0.0230990
4849.4537707765 0.0437310
4849.6816142105 0.0295280
4849.8336785447 0.0226040
4849.9665267820 0.0203710
4850.0758077683 0.0179920
4850.2045149073 0.0113060
4850.3050595764 0.0292010
4850.4317801886 0.0260950
4850.5908483809 0.0292400
4850.7623768784 0.0225330
4850.9663099712 0.0221340
4851.0708206926 0.0369640
4851.3012868235 0.0371640
4851.5153055920 0.0405500
4851.8250187436 0.0358610
4852.0086054403 0.0290970
4852.1461509245 0.0273810
4852.3526096883 0.0104370
4852.4722574252 0.0129360
4852.6073942708 0.0056290
4852.8373572695 0.0478700
4853.3231641324 0.0343290
4853.5060676488 0.0336400
4853.7072360102 0.0284680
4853.7991663954 0.0214470
4853.9532242605 0.0225300
4854.0683527994 0.0270820
4854.7093558318 0.0191580
4854.8777264940 0.0326850
4855.2839942615 0.0104320
4855.3885139867 0.0290630
4855.4908991458 0.0218450
4855.8287117554 0.0253610
4855.9571178170 0.0278290
4856.0619676300 0.0136480
4856.2947593818 0.0223260
4856.4025149657 0.0329650
4856.5030846435 0.0229370
4856.6151413685 0.0196560
4857.3596238563 0.0274650
4857.4573927915 0.0172220
4857.5964866890 0.0068560
4857.6934624138 0.0314240
4857.8442394106 0.0213600
4858.2146446688 0.0218340
4858.5144111889 0.0081190
4858.7489063944 0.0379010
4858.9043636333 0.0242710
4859.1045427359 0.0184960
4859.3089229531 0.0188920
4859.4220369596 0.0176660
4859.5116347278 0.0216230
4859.6487521019 0.0213720
4859.7803450106 0.0073120
4860.0545607541 0.0211570
4860.2519361137 0.0537700
4860.3993362160 0.0227210
4860.5849234486 0.0433240
4861.0932022856 0.0395100
4861.2635884861 0.0274920
4861.4320371727 0.0373910
4861.5598910903 0.0132370
4861.7394067130 0.0063180
4862.0812914099 0.0360060
4862.2733923716 0.0391550
4862.8523269556 0.0098220
4862.9558064075 0.0259420
4863.1033205413 0.0180240
4863.2057407123 0.0140370
4863.4686164506 0.0140980
4863.6050946570 0.0238240
4863.6881136812 0.0195270
4863.9881752850 0.0369890
4864.2786323411 0.0108750
4864.4141212854 0.0201310
4864.6506440334 0.0385300
4864.7911393060 0.0414910
4864.9121624128 0.0049060
4865.0344058435 0.0214400
4865.1490272520 0.0244700
4865.3057708355 0.0272250
4865.5626599874 0.0389400
4865.7330381883 0.0323880
4866.5957270591 0.0379090
4866.7115307819 0.0144670
4866.8077973215 0.0249140
4867.2238056895 0.0237080
4867.3758900379 0.0255690
4867.5257257899 0.0171560
4867.9165204695 0.0147230
4867.9962956342 0.0256630
4868.1260260524 0.0397280
4868.3309204122 0.0318500
4868.6849963510 0.0238470
4868.8701884840 0.0260520
4868.9789583416 0.0126420
4869.1515871415 0.0034320
4869.3250061512 0.0279550
4869.4329727959 0.0128110
4869.6085033660 0.0334420
4869.9029684909 0.0378000
4870.1424610312 0.0316910
4870.3682359322 0.0332550
4870.6111383775 0.0443850
4870.8692318534 0.0212750
4871.0558263598 0.0139980
4871.1745238521 0.0286980
4871.3057816770 0.0251250
4871.4915749710 0.0241140
4871.6593124747 0.0177400
4871.7865742395 0.0182600
4871.9541517009 0.0404310
4872.3271736707 0.0040900
4872.4875332173 0.0289940
4872.6691674086 0.0367860
4873.0038191989 0.0268220
4873.3184186693 0.0146650
4873.5078179213 0.0479800
4873.6562272979 0.0170280
4873.8199107271 0.0462470
4874.4295494800 0.0139960
4874.6420788698 0.0303510
4874.7792412628 0.0079380
4874.9173228997 0.0372330
4875.2019744260 0.0356260
4875.3819931903 0.0433090
4875.8002451653 0.0208010
4875.9401072751 0.0218910
4876.2199835353 0.0194240
4876.3506502055 0.0281610
4876.8361380219 0.0428660
4877.2655979728 0.0405010
4877.5405359239 0.0093150
4877.7708880449 0.0167000
4877.9085575739 0.0229770
4878.0432863226 0.0053300
4878.1506558119 0.0425160
4878.6659755468 0.0207900
4878.7873457513 0.0304790
4879.1937835963 0.0206830
4879.5005639983 0.0433130
4879.9126933544 0.0239870
4880.0880108741 0.0277230
4880.4587972608 0.0055440
4880.5439078446 0.0131720
4880.7330880431 0.0350940
4880.8911669890 0.0224880
4881.1251790837 0.0520990
4881.2467943542 0.0290160
4881.3793335234 0.0178690
4881.4931807328 0.0227430
4881.6313073847 0.0297240
4881.8808195930 0.0276590
4882.0379282821 0.0278620
4882.2725185311 0.0281500
4882.4418214562 0.0389130
4882.7168254295 0.0367990
4882.9108309097 0.0633330
4883.0890942127 0.0231880
4883.4545281828 0.0224970
4883.9904884038 0.0484270
4884.1556642347 0.0180380
4884.2698805430 0.0147090
4884.4289777609 0.0266840
4884.6681212201 0.0310170
4884.7998771829 0.0255310
4884.9251744320 0.0179310
4885.0693326860 0.0084150
4885.2281148208 0.0116360
4885.4100220922 0.0110730
4885.5070878499 0.0155680
4885.8584780961 0.0344570
4886.0404593876 0.0331770
4886.2464810586 0.0273340
4886.4416118397 0.0436220
4886.7176861006 0.0290280
4886.8317613725 0.0226790
4887.4285497414 0.0134120
4887.5118348427 0.0019200
4887.7163951269 0.0201100
4888.0835755660 0.0343390
4888.3776646091 0.0268500
4888.7208056695 0.0286130
4888.9504916223 0.0322000
4889.1220611525 0.0305530
4889.3202557485 0.0038300
4889.5908085468 0.0201890
4889.8737056212 0.0163110
4890.0100578060 0.0120450
4890.1416187195 0.0252730
4890.3433212470 0.0417180
4890.4901142029 0.0339740
4890.7559987633 0.0252210
4890.8688097012 0.0308100
4891.0414835255 0.0307820
4891.2004677170 0.0140620
4891.2965292100 0.0231630
4891.4332945051 0.0178400
4891.5753432025 0.0280520
4891.9438079870 0.0163740
4892.1271816516 0.0475510
4892.2650262335 0.0115100
4892.3774240623 0.0226040
4892.5209721579 0.0154250
4892.8572313967 0.0424520
4893.1679318528 0.0278000
4893.3059904920 0.0232570
4893.4112784343 0.0236020
4893.5110159035 0.0193810
4893.8741332713 0.0230370
4894.0983897870 0.0315630
4894.2720698802 0.0190360
4894.3960027711 0.0209310
4894.5978383367 0.0170340
4895.0496752515 0.0354190
4895.4331380206 0.0183030
4895.6268484306 0.0171380
4895.8583148610 0.0240190
4896.1198772791 0.0020780
4896.2130240001 0.0288310
4896.7398238123 0.0369180
4896.8894585254 0.0388360
4897.1588110118 0.0229440
4897.2792599791 0.0233090
4897.5695280169 0.0461030
4897.7403343495 0.0293750
4897.9592064389 0.0286980
4898.0909954163 0.0188090
4898.1714757761 0.0052250
4898.2905393762 0.0204570
4898.4192715424 0.0263100
4898.7381291691 0.0509790
4899.1511347838 0.0256370
4899.2431782129 0.0066230
4899.5046035974 0.0276230
4899.5959888519 0.0195240
4899.7732759056 0.0326190
4900.0146589711 0.0198030
4900.2385103838 0.0132390
4900.3722588822 0.0211440
4900.7401695303 0.0155220
4900.8422036114 0.0158360
4900.9334888398 0.0219780
4901.2736621266 0.0418310
4901.9889199675 0.0520130
4902.1833045605 0.0246440
4902.3007077214 0.0397540
4902.5607737478 0.0362200
4902.7172472789 0.0422440
4902.9188647921 0.0375420
4903.2414874228 0.0525510
4903.4525154342 0.0232790
4903.5484288918 0.0124710
4903.8811902142 0.0201620
4903.9946723350 0.0219360
4904.1012246165 0.0152040
4904.2170853687 0.0273320
4904.3487403132 0.0404360
4905.0654785541 0.0260690
4905.1814923473 0.0096150
4905.2804876234 0.0192150
4905.4802156368 0.0260150
4905.6096810007 0.0103450
4906.0147985308 0.0407010
4906.4542191666 0.0375810
4906.6364185281 0.0279860
4906.7896542019 0.0103560
4906.8929426180 0.0141500
4906.9994068771 0.0298620
4907.2492842030 0.0252800
4907.3970604279 0.0164360
4907.5100724252 0.0130800
4907.7380969510 0.0648580
4907.9269240725 0.0350050
4908.0536677149 0.0437780
4908.2245310684 0.0242280
4908.6079348383 0.0157370
4908.7395647780 0.0298940
4908.9027891041 0.0206530
4909.0515425892 0.0261810
4909.2409268594 0.0158820
4909.4171656404 0.0468670
4909.5537198876 0.0100000
4909.6463644793 0.0244800
4909.7836799286 0.0280240
4909.9146366901 0.0065020
4910.0622688780 0.0498730
4910.5860089017 0.0181120
4910.7964917734 0.0233930
4910.9499815166 0.0017360
4911.0929714728 0.0258870
4911.3836846418 0.0329470
4911.6833711930 0.0100920
4911.8014975494 0.0312400
4911.9911478920 0.0382770
4912.2802436324 0.0239040
4912.3948490545 0.0289260
4912.5368537498 0.0337950
4912.8559454532 0.0307260
4912.9501874700 0.0086680
4913.0437713121 0.0051460
4913.4013152233 0.0427420
4913.9425859063 0.0323710
4914.1062043398 0.0206530
4914.2631680068 0.0220150
4914.4471998594 0.0115550
4914.5617972801 0.0199020
4914.6500166987 0.0136090
4914.9840633742 0.0613130
4915.3944033030 0.0162390
4915.7492044889 0.0406240
4915.9299444684 0.0204830
4916.2570443012 0.0377210
4916.5645569347 0.0264920
4916.6996938087 0.0179300
4916.8769398613 0.0378730
4917.1404928256 0.0326480
4917.3781559171 0.0180680
4917.4791327231 0.0274210
4917.9481872421 0.0240590
4918.1578699063 0.0415160
4918.4875904372 0.0077470
4918.6054927368 0.0224850
4918.7998593355 0.0332250
4918.9979159139 0.0347740
4919.1684441844 0.0152240
4919.3534272924 0.0089620
4919.5066439673 0.0382050
4919.7053447172 0.0437780
4919.8531149465 0.0418090
4920.3629612982 0.0392450
4920.6540025629 0.0326380
4920.9325054993 0.0331530
4921.2240599007 0.0292770
4921.4879769653 0.0111200
4921.6332145230 0.0233900
4921.8762590467 0.0496150
4922.2300039595 0.0060970
4922.3325201758 0.0160210
4922.5519284250 0.0239660
4922.6651984963 0.0111490
4922.9797560064 0.0228660
4923.1486178367 0.0417510
4923.4042897139 0.0102030
4923.4745603698 0.0007300
4923.6404013984 0.0543550
4923.8205382224 0.0307570
4924.1373803401 0.0128460
4924.2998534749 0.0188130
4924.4758351962 0.0261640
4924.6126945309 0.0187290
4925.0935631971 0.0080780
4925.2682555765 0.0137400
4925.4204969955 0.0195410
4925.5366848425 0.0410450
4925.7320607135 0.0482780
4925.9107851637 0.0497390
4926.1497976202 0.0645940
4926.3593272493 0.0323250
4926.5219394222 0.0210060
4926.6197263842 0.0264450
4926.7757288024 0.0348810
4927.5245116028 0.0714790
4927.7094357000 0.0089700
4927.8572619479 0.0445190
4928.0129642870 0.0368590
4928.1969031230 0.0234420
4928.2858557400 0.0300460
4928.5771820878 0.0350220
4928.8406770465 0.0519900
4928.9486737200 0.0146120
4929.1102366156 0.0282320
4929.2778061061 0.0263780
4929.4514892199 0.0181650
4929.5815057400 0.0153210
4929.7044473817 0.0562440
4930.2480397094 0.0359010
4930.6623637159 0.0329950
4930.8648834869 0.0074580
4931.0201947236 0.0533920
4931.4084188014 0.0228150
4931.5254238676 0.0218510
4931.6675746104 0.0305270
4932.1679544679 0.0300060
4932.2841413171 0.0222420
4932.4299380283 0.0116650
4932.5819203819 0.0289490
4932.9753438421 0.0039120
4933.2287941375 0.0348930
4933.4911858072 0.0134930
4933.6418298060 0.0358880
4933.8342859067 0.0169490
4933.9559562126 0.0151940
4934.0400505413 0.0166950
4934.1785823243 0.0382310
4934.3948617510 0.0481320
4934.8905533680 0.0262080
4934.9993682608 0.0176060
4935.2227555754 0.0221500
4935.4465740046 0.0924290
4936.1453605503 0.0163170
4936.3776282236 0.0334810
4936.7443786061 0.0326820
4936.9133764799 0.0244690
4937.2276899395 0.0309000
4937.3703948319 0.0176280
4937.5466866429 0.0253530
4937.6454068562 0.0090230
4937.9748403313 0.0296820
4938.5267618849 0.0406440
4938.7353062606 0.0136860
4938.8668771973 0.0084970
4938.9861488682 0.0306230
4939.1048433858 0.0466500
4939.3569073180 0.0304330
4939.5418354233 0.0241660
4939.6670376692 0.0269220
4939.8227750234 0.0407500
4940.0097216649 0.0112720
4940.1906227013 0.0555900
4941.0634764796 0.0656740
4941.3353176651 0.0364840
4941.5243458602 0.0336490
4941.6621674579 0.0403140
4941.8336359904 0.0323840
4942.0441498914 0.0198430
4942.2030290810 0.0223590
4942.3659073327 0.0391800
4942.4992667459 0.0364250
4942.6720656321 0.0278760
4942.9372270451 0.0516540
4943.2619842840 0.0486540
4943.5572296863 0.0052670
4943.6712539655 0.0324180
4943.8711710536 0.0672850
4944.0049875888 0.0289650
4944.1933616118 0.0149850
4944.5042551704 0.0035900
4944.5762933004 0.0032370
4944.6665412661 0.0264510
4944.8812652869 0.0206730
4944.9639662485 0.0052410
4945.4527320428 0.0298760
4945.6327638514 0.0404510
4945.9267129117 0.0229990
4946.8806662427 0.0627330
4947.0884164130 0.0314010
4947.3915389108 0.0318060
4947.7722210058 0.0293480
4948.4077127698 0.0354070
4949.1467770405 0.0355280
4949.3499720026 0.0419030
4949.5805192287 0.0425040
4949.6987266210 0.0264540
4949.8445283415 0.0217930
4949.9699076385 0.0182030
4950.1555899503 0.0040500
4950.2429271445 0.0195410
4950.3401879742 0.0190670
4950.5286200164 0.0232710
4950.7141062764 0.0505180
4950.8761343067 0.0191990
4950.9568577447 0.0354080
4951.1830478148 0.0244880
4951.4624270108 0.0532150
4951.6917859229 0.0074770
4951.8182245019 0.0342110
4951.9626288523 0.0420140
4952.1130257942 0.0229950
4952.3758675991 0.0122120
4952.5228146250 0.0366530
4952.7048269636 0.0372870
4952.9492468764 0.0450090
4953.2509079916 0.0294660
4953.5333640066 0.0240590
4953.6456308226 0.0201540
4954.0206774284 0.0316220
4954.1890741517 0.0176240
4954.4889878040 0.0137000
4954.5742134386 0.0114580
4954.7088341919 0.0415860
4954.9366436948 0.0219650
4955.0789454882 0.0146200
4955.1899049575 0.0263590
4955.4824296483 0.0469430
4955.9782713381 0.0304660
4956.0834772796 0.0044560
4956.3299427384 0.0304740
4956.6344015998 0.0124440
4956.8419667273 0.0386170
4956.9634339881 0.0318800
4957.5694489415 0.0572560
4957.7723728370 0.0406030
4957.8894959443 0.0284590
4957.9668614922 0.0015560
4958.0534274837 0.0306250
4958.2126677773 0.0353610
4958.5222229941 0.0072940
4958.6725929319 0.0227910
4958.9574265832 0.0330670
4959.2189580456 0.0121110
4959.3182384144 0.0292560
4959.4385773764 0.0220620
4959.5596375300 0.0122530
4959.7001408478 0.0460870
4959.9492620146 0.0312320
4960.5262322593 0.0506340
4960.6447147287 0.0328140
4960.7520732435 0.0132780
4960.9818052614 0.0237980
4961.1244961608 0.0254870
4961.2416272714 0.0345080
4961.4634011759 0.0418190
4961.6175471181 0.0507270
4961.7737185983 0.0151370
4962.0007849088 0.0516290
4962.1917576327 0.0430980
4962.7533167881 0.0370440
4963.3876622774 0.0389520
4963.5472116557 0.0103180
4963.6142064504 0.0157280
4964.0562738695 0.0055910
4964.4247027297 0.0140530
4964.6169768008 0.0388630
4964.7653272050 0.0237420
4964.8439390857 0.0362970
4965.0260344533 0.0499880
4965.2727869951 0.0581040
4965.8506174779 0.0131150
4965.9615849531 0.0313670
4966.0754101874 0.0233350
4966.1827817075 0.0289720
4966.3254255967 0.0487870
4966.5714769533 0.0239480
4966.9945423291 0.0217430
4967.0781075260 0.0380570
4967.2524958477 0.0215460
4967.3258903431 0.0007960
4967.4485089136 0.0583820
4967.5950598412 0.0501900
4967.8500025605 0.0273190
4968.1747938337 0.0680060
4968.3268652281 0.0314600
4968.8402606004 0.0471210
4968.9719405785 0.0457460
4969.1158027926 0.0374210
4969.2976871066 0.0101140
4969.4147822106 0.0324660
4969.5588854890 0.0542720
4969.7658654694 0.0594580
4969.9138077676 0.0561330
4970.6422492662 0.0116260
4971.0853079583 0.0512770
4971.2691938051 0.0228470
4971.3919964260 0.0409420
4971.4751305095 0.0217950
4971.5680191842 0.0478710
4971.8802221172 0.0498990
4971.9619958394 0.0159720
4972.3929403153 0.0391840
4972.7182797387 0.0570730
4972.8584209660 0.0359250
4973.1542585529 0.0557580
4973.3035202032 0.0577850
4973.4630525819 0.0242540
4973.5732478545 0.0511080
4973.7794476303 0.0476430
4974.2376513499 0.0719280
4974.4332163010 0.0508540
4974.7298731069 0.0573060
4974.9520231206 0.0777450
4975.1857182013 0.0656950
4975.3421797652 0.0551810
4975.5645668422 0.0126580
4975.7041519230 0.0479980
4975.8041294821 0.0143630
4975.8992437493 0.0673260
4976.4146836768 0.0259430
4976.5070432124 0.0233690
4976.6996743854 0.0536110
4976.8749419459 0.0404070
4977.1910249148 0.0808120
4977.4288620975 0.0066250
4977.5259518900 0.0108530
4977.7162104333 0.0515700
4977.8754687414 0.0474610
4978.0454498981 0.0119660
4978.1871695471 0.0654430
4978.7662693901 0.0634210
4978.8952476545 0.0687920
4979.2138863042 0.0303510
4979.3981862656 0.0075210
4979.5734878366 0.0283340
4980.1443074824 0.0362240
4980.2526332607 0.0376310
4980.3973857163 0.0401190
4980.4887539896 0.0058240
4980.5746918203 0.0224300
4980.8220285292 0.0171030
4980.9285738347 0.0537350
4981.0317412428 0.0597000
4981.1734198822 0.0715420
4981.2950291898 0.0491360
4981.3870536377 0.0427060
4981.5036436120 0.0450220
4981.7121990186 0.0087610
4981.7879351393 0.0082430
4982.0470569801 0.0353650
4982.1347642813 0.0455940
4982.2541720044 0.0454550
4982.3629188952 0.0439350
4982.5095918620 0.0534610
4982.6384811042 0.0386470
4983.1260026252 0.0353310
4983.4652687593 0.0251660
4983.6700461635 0.0352810
4983.8264517166 0.0249180
4984.0056543263 0.0122490
4984.1932221586 0.0501180
4984.3997170195 0.0548680
4984.6183120953 0.0473120
4984.8165057510 0.0385280
4985.0071113909 0.0429650
4985.1485719740 0.0148420
4985.2560955408 0.0298150
4985.5775919561 0.0772870
4985.7669422628 0.0445020
4985.8860649115 0.0387860
4986.2163196543 0.0524950
4986.3386841645 0.0069400
4986.4488394309 0.0291720
4986.6260385098 0.0407180
4986.7793662465 0.0758080
4986.9409261705 0.0545200
4987.2518617816 0.0606400
4987.4256059430 0.0636690
4987.6989705724 0.0372620
4988.1443008912 0.0584210
4988.3250829230 0.0147670
4988.4836170438 0.0632080
4988.7314618937 0.0449770
4988.9672545417 0.0233710
4989.0577785931 0.0102290
4989.1599807473 0.0349010
4989.2729797703 0.0424620
4989.3927405898 0.0347760
4989.5194592580 0.0044060
4989.6247782405 0.0299280
4989.7643003106 0.0586950
4989.8750127262 0.0329960
4990.0222698515 0.0687820
4990.3831057238 0.0278100
4990.8602464982 0.0242880
4990.9571792530 0.0069130
4991.0636265357 0.0498460
4991.3438509908 0.0620720
4991.5238358125 0.0240860
4991.6455921631 0.0710110
4991.8277475617 0.0512610
4991.9239761296 0.0568880
4992.1169864125 0.0218060
4992.4484144733 0.0551570
4992.6750346868 0.0403810
4992.8399875152 0.0114800
4992.9525334190 0.0594780
4993.1472561575 0.0528600
4993.2623797463 0.0628430
4993.5158741009 0.0186600
4993.6248870662 0.0039990
4993.7587526351 0.0633930
4994.0705724875 0.0455320
4994.2703155606 0.0575520
4994.4966787071 0.0441810
4994.6289808608 0.0436990
4994.8187652882 0.0209650
4995.0115315079 0.0141020
4995.1551166599 0.0598630
4995.3048024330 0.0152880
4995.5307044576 0.0872930
4995.8705477579 0.0431230
4996.3730902899 0.0223310
4996.5375129793 0.0376750
4996.6578419524 0.0427810
4996.7957305915 0.0126760
4997.1228565139 0.0261880
4997.2692854224 0.0384130
4997.3461598492 0.0262140
4997.4564121451 0.0459410
4997.8715154454 0.0044660
4997.9656184503 0.0317110
4998.0755766682 0.0120480
4998.2308529281 0.0210150
4998.3592620489 0.0430920
4998.4805382744 0.0596020
4998.6078461027 0.0064960
4998.6973308806 0.0201950
4998.9074217062 0.0621340
4999.0233975234 0.0086190
4999.1591816042 0.0117180
4999.4212952537 0.0634780
4999.6396342715 0.0201390
5000.3787256663 0.0397840
5000.6635793594 0.0082490
5000.8898274797 0.0401010
5001.2081810751 0.0199790
5001.3637254077 0.0284800
5001.6524631337 0.0383790
5001.8919197646 0.0610370
5002.1357285521 0.0420550
5002.2517563843 0.0067960
5002.3917805932 0.0465330
5002.6212065590 0.0596440
5002.9060882615 0.0702780
5003.3916432901 0.0477600
5003.6141494178 0.0376280
5003.7389635854 0.0134500
5003.9645085209 0.0322730
5004.1709353762 0.0279450
5004.2863590486 0.0054410
5004.4139029418 0.0448160
5004.7080411056 0.0498320
5004.9385053490 0.0446700
5005.1014936615 0.0324110
5005.3000094152 0.0045370
5005.4171115340 0.0191730
5005.5340716151 0.0343370
5005.6941131448 0.0428070
5005.8334191643 0.0201070
5006.0134059945 0.0378860
5006.1899789175 0.0556770
5006.5225592987 0.0375260
5006.7004325676 0.0334100
5006.8028647885 0.0129950
5007.0079742954 0.0124980
5007.1007809584 0.0347660
5007.2250359787 0.0400270
5007.7938351356 0.0533530
5008.1484753809 0.0351560
5008.3875249082 0.0125610
5008.5988930794 0.0427460
5008.7248985654 0.0034460
5009.0078807684 0.0289070
5009.1203126474 0.0210370
5009.2523687416 0.0360360
5009.6111580910 0.0369920
5009.7536979715 0.0247060
5009.9722240458 0.0272450
5010.0869125249 0.0152610
5010.1915923441 0.0202080
5010.2870957246 0.0033260
5010.3806525879 0.0376720
5011.0459794032 0.0581150
5011.2010886248 0.0096290
5011.2931290853 0.0082610
5011.4186994568 0.0544240
5011.5856968379 0.0311730
5011.7241026206 0.0547800
5011.8607609390 0.0416350
5012.0222628599 0.0703940
5012.1692249167 0.0365970
5012.3535058915 0.0393540
5012.4504406531 0.0336550
5012.6437110171 0.0567040
5013.1098909107 0.0349340
5013.2309170752 0.0192490
5013.4585345679 0.0635790
5013.8311175878 0.0125090
5014.2025232952 0.0333780
5014.6722941453 0.0397130
5014.7940735105 0.0566940
5014.9655350798 0.0178980
5015.3336199058 0.0512630
5015.8882583131 0.0296000
5016.2640171797 0.0109350
5016.5271121035 0.0522670
5017.0405085516 0.0418380
5017.2131094248 0.0455160
5017.5559045319 0.0450250
5018.1203585516 0.0207960
5018.3178930523 0.0515170
5018.7532827704 0.0269630
5018.8645933547 0.0246910
5019.0058318933 0.0248460
5019.1345090934 0.0264000
5019.3077561394 0.0417950
5019.5490652753 0.0464340
5019.6531879494 0.0552440
5020.0593499010 0.0681730
5020.2256260948 0.0424890
5020.5380791404 0.0564910
5020.7795053083 0.0549570
5021.0690482653 0.0347840
5021.2347182985 0.0287610
5021.4253449649 0.0312820
5021.7563259362 0.0460880
5021.8981446303 0.0550090
5021.9892288396 0.0255420
5022.1503016513 0.0258270
5022.2821777029 0.0509830
5022.6650324627 0.0323440
5022.7756818726 0.0140310
5022.8661679232 0.0229610
5023.1430655209 0.0411090
5023.5981564817 0.0166400
5023.7315289316 0.0331930
5023.8467125470 0.0315090
5024.0974151829 0.0277880
5024.2638084098 0.0461160
5024.7401390177 0.0314410
5024.8805103283 0.0430300
5024.9858953396 0.0373730
5025.1235169194 0.0525040
5025.2444210558 0.0577160
5025.3421430303 0.0213300
5025.4749363269 0.0450830
5025.5892357079 0.0263970
5025.7758673149 0.0218880
5025.9539426478 0.0696400
5026.2391884670 0.0694170
5026.4034501284 0.0288840
5026.5985029743 0.0475170
5026.9758022624 0.0424820
5027.1289299646 0.0522610
5027.3129058666 0.0486860
5027.4814236598 0.0466820
5027.5725438802 0.0213820
5027.7650040376 0.0503960
5027.9452029360 0.0131280
5028.0535837446 0.0604400
5028.3180390393 0.0625110
5028.5094349142 0.0308770
5028.7287802185 0.0452850
5028.9164601059 0.0257050
5029.1122521498 0.0347680
5029.5669770215 0.0085760
5029.6744835982 0.0199550
5029.9077145943 0.0339070
5030.1387159978 0.0415810
5030.4948106534 0.0078070
5030.6608787970 0.0621450
5031.0653843216 0.0268740
5031.1711894465 0.0153620
5031.4923498169 0.0199060
5031.5992892435 0.0394050
5031.8240279835 0.0260300
5031.9297280807 0.0113470
5032.2462472181 0.0483320
5032.5812282634 0.0629280
5032.7159430737 0.0288070
5032.8642615001 0.0553060
5033.0793466748 0.0367460
5033.2094042473 0.0265060
5033.3958708146 0.0143110
5033.5302205282 0.0311430
5034.2286171803 0.0294880
5034.3846626615 0.0233810
5034.6008681350 0.0399730
5034.8033469596 0.0487360
5034.9799018931 0.0396670
5035.0757443709 0.0153630
5035.1874470648 0.0421660
5035.3121802227 0.0347620
5035.4004276815 0.0079050
5035.5048424382 0.0359650
5035.8665846007 0.0685720
5036.0890637429 0.0311090
5036.2694036832 0.0627590
5036.5803683481 0.0248080
5036.7368419442 0.0090470
5036.8546062500 0.0412230
5037.0157590901 0.0410560
5037.1673213808 0.0259150
5037.3165780586 0.0477740
5037.4934530785 0.0283490
5039.1194963448 0.0383820
5039.2448546703 0.0314080
5039.3801056257 0.0365810
5039.5179182622 0.0305360
5039.9431273012 0.0345280
5040.0934792715 0.0425590
5040.3165225664 0.0275090
5040.4824316726 0.0456490
5040.6698574990 0.0422920
5040.8419932607 0.0199920
5040.9599656233 0.0235140
5041.1215955922 0.0250590
5041.3590857285 0.0461980
5041.7489473728 0.0253710
5041.8773665130 0.0227840
5042.0119322873 0.0401900
5042.8472813661 0.0078860
5043.0209625398 0.0269810
5043.1432580524 0.0407950
5043.2885136692 0.0310860
5043.4622528585 0.0341050
5043.5899107970 0.0644990
5044.0364024993 0.0539190
5044.2726873171 0.0519650
5044.4554028934 0.0175800
5044.5453258001 0.0287070
5044.7128743442 0.0620940
5044.8690788725 0.0311010
5044.9792831713 0.0398060
5045.1975752062 0.0395120
5045.3862643711 0.0121710
5045.6836724402 0.0326260
5045.9688782655 0.0233510
5046.2261956765 0.0584310
5046.4071187772 0.0050650
5046.5585490370 0.0599070
5046.9939357908 0.0403580
5047.1157081658 0.0384510
5047.3592369117 0.0683740
5047.6735724830 0.0541250
5047.8591308169 0.0809740
5048.1157240368 0.0584200
5048.3752850459 0.0604190
5048.5378612699 0.0357020
5048.6474133965 0.0264210
5048.8202413463 0.0374480
5048.9938655078 0.0157750
5049.4214071789 0.0043980
5049.5875273457 0.0321900
5049.6889683160 0.0325900
5049.8167732959 0.0084440
5050.2707399938 0.0430120
5050.3734443003 0.0042710
5050.4821201945 0.0288020
5050.6167589916 0.0551450
5051.2293718710 0.0294950
5051.5232009936 0.0300550
5051.6793645141 0.0198330
5051.8489786109 0.0267700
5052.0853204494 0.0148420
5052.5266257839 0.0283770
5052.7395954085 0.0252350
5053.0337906298 0.0790590
5053.2785597097 0.0580770
5053.5726619067 0.0625670
5053.7257035981 0.0408780
5053.8584218859 0.0260440
5053.9852195995 0.0258210
5054.0627102032 0.0207350
5054.1701457688 0.0135860
5054.2996351982 0.0263450
5054.4219487197 0.0218530
5054.5326241469 0.0451750
5054.7330704430 0.0312660
5054.8282187418 0.0134400
5055.2005247336 0.0362630
5055.6289336431 0.0317010
5055.8480929154 0.0276030
5056.0373612402 0.0311480
5056.3418011883 0.0099140
5056.4519784836 0.0285360
5056.6557516655 0.0163320
5056.7939434097 0.0299350
5057.0501705390 0.0314270
5057.1885133236 0.0295360
5057.2787493169 0.0050600
5057.5501974937 0.0184770
5057.8146918217 0.0422890
5058.0902080807 0.0220480
5058.1983178268 0.0131940
5058.4900754046 0.0233760
5058.6601396244 0.0494680
5058.9449953674 0.0380730
5059.0653463688 0.0415830
5059.1640626175 0.0046020
5059.2511407716 0.0153740
5059.3176914675 0.0180510
5060.1592052278 0.0130620
5060.4061388884 0.0229560
5060.7855927870 0.0328510
5061.0761690529 0.0308470
5061.2351773342 0.0388920
5061.4598380730 0.0594370
5061.7280223852 0.0245110
5061.8341225982 0.0491350
5062.0074556889 0.0151350
5062.2984640707 0.0194230
5062.3805789058 0.0088890
5062.5492367537 0.0177770
5062.6370340999 0.0050890
5062.7728962271 0.0546090
5062.9269401891 0.0545220
5063.1409260905 0.0510510
5063.2855335434 0.0330300
5063.3870245311 0.0045240
5063.5430450190 0.0417390
5063.7605908674 0.0388480
5064.0425068329 0.0463540
5064.2311529967 0.0407850
5064.4524408406 0.0711010
5064.6546886216 0.0424160
5064.9202542400 0.0746290
5065.1177817660 0.0341310
5065.2805270429 0.0371010
5065.4740945161 0.0078110
5065.5822762837 0.0035710
5065.9073097164 0.0246930
5066.0689066884 0.0607140
5066.3359466999 0.0044510
5066.4333275956 0.0391620
5066.9534599104 0.0325880
5067.1037738824 0.0398570
5067.2906645811 0.0150880
5067.3882555329 0.0314590
5067.7581769042 0.0516610
5068.0569123457 0.0554070
5068.1988560923 0.0121080
5068.2986506304 0.0158170
5068.4108764743 0.0262230
5068.5400228178 0.0370650
5068.6629405051 0.0158250
5068.8123222299 0.0315030
5068.9354369697 0.0558950
5069.1291804917 0.0369550
5069.2850179335 0.0399050
5069.3968776804 0.0261170
5069.4988808061 0.0264590
5069.8213015478 0.0208870
5069.9029522613 0.0269700
5070.0188600848 0.0148260
5070.1739953403 0.0375310
5070.4730338645 0.0411210
5070.7097708208 0.0426370
5070.8501481520 0.0443550
5071.0258858867 0.0605070
5071.2064178965 0.0252810
5071.3926844314 0.0383360
5071.5243154369 0.0411480
5071.8380638742 0.0448150
5071.9695608441 0.0082960
5072.0875112116 0.0180060
5072.2123624143 0.0374100
5072.3253134523 0.0521600
5072.5401305806 0.0452370
5072.6731609586 0.0109480
5072.7716841598 0.0186230
5072.8713466641 0.0217620
5073.5831869718 0.0252700
5073.7398316303 0.0275250
5073.8868457277 0.0308590
5074.1316108214 0.0400470
5074.3226866368 0.0587850
5074.5537300816 0.0159520
5074.6579317936 0.0253610
5074.8269557448 0.0608310
5074.9871953599 0.0280120
5075.1746832216 0.0539350
5075.3199638586 0.0148990
5075.4075241450 0.0122980
5075.4978651710 0.0319940
5075.6177240473 0.0209900
5075.8635704297 0.0049310
5075.9953564781 0.0535880
5076.1541277032 0.0304700
5076.3392839455 0.0306020
5076.4890407734 0.0304730
5076.7332817296 0.0333730
5076.8517392335 0.0086750
5076.9628087727 0.0328810
5077.1460134964 0.0283270
5077.3179602261 0.0323660
5077.5063693342 0.0480770
5077.6678652846 0.0343500
5077.9877623627 0.0346160
5078.1242206545 0.0289580
5078.3027731415 0.0366210
5078.4842744129 0.0122730
5078.6429046017 0.0229170
5078.7668755726 0.0257660
5079.0583310874 0.0391880
5079.2443715665 0.0270180
5079.4449919232 0.0356350
5079.9023815705 0.0713750
5080.2193058600 0.0455140
5080.4572471433 0.0214680
5080.8427316677 0.0040790
5080.9514195747 0.0208930
5081.1474667162 0.0475850
5081.2674226202 0.0039510
5081.3731367364 0.0117510
5081.4482297085 0.0066600
5081.5461757587 0.0136950
5081.6610943230 0.0167930
5082.1064647765 0.0441840
5082.4723800980 0.0472060
5082.9802891859 0.0420480
5083.2244401227 0.0476110
5083.6023326309 0.0348670
5083.7445784643 0.0185250
5084.3519049963 0.0239280
5084.7411135156 0.0708540
5085.0192014800 0.0266670
5085.1194581458 0.0418320
5085.2887941851 0.0222230
5085.4309399925 0.0122240
5085.5253090924 0.0082960
5085.7711734867 0.0421760
5085.8750591179 0.0071720
5086.2499778381 0.0341350
5086.4290304623 0.0322350
5086.5984475238 0.0380120
5086.7823634417 0.0273070
5086.9409186143 0.0105990
5087.2808990427 0.0661780
5087.6389182694 0.0377100
5087.7473831192 0.0355690
5088.0727256549 0.0655490
5088.6590636119 0.0278550
5088.7946706814 0.0160150
5088.9622222478 0.0105830
5089.1863718686 0.0448580
5089.3639000889 0.0191990
5089.5380144012 0.0469480
5089.7192316028 0.0129820
5089.8817668354 0.0287810
5090.0110502234 0.0318860
5090.1611331439 0.0329370
5090.2870666409 0.0260330
5090.4367064437 0.0218660
5090.6205943562 0.0585390
5090.7759286738 0.0447410
5090.9196028900 0.0547650
5091.0447371747 0.0336880
5091.1432703838 0.0165740
5091.2324050930 0.0235380
5091.4648299164 0.0251540
5091.6755339624 0.0315440
5091.8029598570 0.0418990
5092.3175597381 0.0256420
5092.4499399507 0.0481310
5092.8640501028 0.0175900
5092.9666223868 0.0353300
5093.0889699310 0.0485220
5093.5476399367 0.0509470
5093.7158206727 0.0518630
5094.1656363240 0.0095840
5094.2495886554 0.0375460
5094.5109341738 0.0429370
5094.6688631833 0.0263380
5094.8205145230 0.0240650
5094.9794928117 0.0535540
5095.0979163128 0.0200750
5095.2285080508 0.0480280
5095.4720438324 0.0539800
5095.7000894938 0.0549100
5095.8424983754 0.0308820
5096.3075600849 0.0250920
5096.4263056721 0.0142700
5096.5788242433 0.0266250
5096.7767168844 0.0445210
5097.1057304050 0.0119290
5097.2490645333 0.0319240
5097.6006450574 0.0154950
5097.8630618632 0.0259860
5098.0375072678 0.0178650
5098.1303439635 0.0215200
5098.2850541184 0.0354240
5098.4136163176 0.0428600
5098.7730969444 0.0268240
5098.9162040130 0.0336420
5099.3855268601 0.0039100
5099.5441790642 0.0381150
5100.1095674673 0.0636010
5100.2900064674 0.0357540
5100.4488267166 0.0296760
5100.6255557299 0.0124800
5101.0118494918 0.0308630
5101.2006177081 0.0426450
5101.6614302944 0.0611360
5102.0286289777 0.0392860
5102.1496461711 0.0159490
5102.3546547084 0.0506700
5102.5179311439 0.0412250
5102.6420591651 0.0111810
5102.8314935595 0.0420350
5102.9770972939 0.0223320
5103.0951506992 0.0356980
5103.6797732248 0.0276500
5104.2703003222 0.0097060
5104.3817129613 0.0097020
5104.4973497242 0.0294590
5104.6762843263 0.0351810
5104.8074072091 0.0119640
5105.2051290158 0.0191260
5105.3494474092 0.0196470
5105.4806923247 0.0253210
5105.7289153604 0.0409110
5105.9708087124 0.0417530
5106.2968434491 0.0304740
5106.5101161873 0.0267410
5106.6298320360 0.0220960
5106.7403824465 0.0331720
5106.8352926962 0.0096270
5106.9562558769 0.0268550
5107.1393735931 0.0331170
5107.3512999736 0.0128040
5107.5327532473 0.0244660
5107.6555479155 0.0427300
5107.7943338380 0.0091200
5108.0073435071 0.0282450
5108.1170476929 0.0299350
5108.2756188793 0.0572020
5108.4259358699 0.0266300
5108.5320460996 0.0263500
5108.8648096289 0.0384340
5109.0478143160 0.0709420
5109.3602674422 0.0296600
5109.4853357159 0.0293150
5109.6549278350 0.0417090
5110.0617150590 0.0481220
5110.5100863468 0.0255310
5110.6125456058 0.0136440
5110.7130983577 0.0258490
5110.8564294907 0.0432950
5111.0678817473 0.0537440
5111.2439455890 0.0269150
5111.3866905662 0.0270180
5111.5060663262 0.0151560
5111.8288071916 0.0925180
5112.1700759868 0.0218070
5112.4091335886 0.0447010
5112.5499020405 0.0225820
5112.6861092789 0.0425710
5112.8258924688 0.0194140
5112.9172327702 0.0090530
5113.0256206073 0.0306170
5113.1479521542 0.0231010
5113.2782128107 0.0518430
5113.5175194796 0.0385460
5114.2120862739 0.0220830
5114.3793267696 0.0327130
5114.5667816436 0.0441200
5114.6861824112 0.0197920
5114.8449786605 0.0484290
5114.9817380466 0.0305030
5115.2947233197 0.0197580
5115.7780829231 0.0046000
5115.8573760200 0.0046960
5115.9681164839 0.0475990
5116.1726058910 0.0327000
5116.2830052643 0.0213330
5116.4896682498 0.0357720
5116.6987508793 0.0276430
5116.8052902257 0.0129410
5116.9684366333 0.0395390
5117.0637820015 0.0184420
5117.1838269413 0.0302580
5117.3856716455 0.0465230
5117.5546125951 0.0402640
5117.6756237922 0.0180760
5117.8763782065 0.0396660
5118.0176197864 0.0112050
5118.2067201001 0.0376500
5118.4375195088 0.0170270
5118.8692833884 0.0366420
5119.1438064311 0.0293820
5119.4616379972 0.0120760
5119.7635493277 0.0322370
5119.9748425473 0.0118570
5120.2144462997 0.0388310
5120.3752410831 0.0112430
5120.7587391226 0.0575810
5121.1545184303 0.0444190
5121.5335282765 0.0516640
5121.7381707275 0.0191680
5121.8725214754 0.0314880
5122.0748933224 0.0050980
5122.2944157330 0.0369840
5122.5055219043 0.0254840
5122.6619145174 0.0483040
5122.7647718859 0.0121120
5122.8626289239 0.0180240
5123.5339025384 0.0385230
5123.6690474984 0.0454070
5123.8841977465 0.0260420
5124.2372846978 0.0526040
5124.4517947760 0.0271110
5124.5796357928 0.0285600
5124.8454615257 0.0570120
5125.0184685607 0.0192870
5125.1409451503 0.0473840
5125.3967972297 0.0113890
5125.8023261368 0.0470820
5125.9818769135 0.0482150
5126.2745337870 0.0518520
5126.5463721210 0.0263040
5126.6896092353 0.0235960
5127.2575913717 0.0379770
5127.3491307298 0.0022390
5127.4572154906 0.0182320
5127.5961754672 0.0297460
5127.7122713598 0.0062840
5128.1538868720 0.0279840
5128.3602377814 0.0440780
5128.7897200658 0.0826300
5129.0919714946 0.0478150
5129.2738799003 0.0187990
5130.3481287595 0.0377030
5130.9129300553 0.0163260
5131.3374790299 0.0155400
5131.5524862446 0.0222580
5131.6954822968 0.0295160
5131.9607788941 0.0205070
5132.4071006639 0.0429970
5132.5209979730 0.0096100
5132.6492260956 0.0225930
5132.8838715371 0.0565750
5133.0363941249 0.0358610
5133.2153027344 0.0548390
5133.9410088534 0.0379570
5134.6037692231 0.0489390
5135.2845293841 0.0406560
5135.7318734300 0.0016710
5136.3343967727 0.0285210
5136.5285824494 0.0563200
5136.8276930489 0.0228820
5136.9307594770 0.0128260
5137.0900528684 0.0415320
5137.4872275654 0.0763170
5137.6960251312 0.0364630
5137.8756119235 0.0316490
5138.1225116295 0.0269790
5138.4704442230 0.0609570
5138.8081520958 0.0250050
5138.9214442459 0.0298620
5139.0804285559 0.0159600
5139.4150386048 0.0172840
5139.6327405415 0.0110420
5140.8924497884 0.0597080
5141.1268881800 0.0390930
5141.9362425767 0.0195240
5142.0896364002 0.0128290
5142.6795153883 0.0570450
5143.4350004517 0.0348960
5143.9886598025 0.0100300
5144.2433795939 0.0015700
5144.3532508352 0.0531620
5144.5436765154 0.0370540
5144.7511797409 0.0114450
5144.8721799442 0.0177910
5145.6672835564 0.0116380
5145.7866323205 0.0215410
5145.8875921906 0.0122160
5146.6235350595 0.0257010
5146.7788543974 0.0113890
5146.8802963960 0.0559610
5147.4373526562 0.0227190
5148.2874769179 0.0292950
5148.3997077884 0.0388580
5148.6137887667 0.0271400
5148.7282112207 0.0244260
5148.9069447913 0.0883200
5149.2045600029 0.0800690
5149.4802093685 0.0162600
5149.6967049901 0.0859040
5150.1597852421 0.0161080
5150.4446740676 0.0068130
5152.6224927187 0.0712250
5152.8624755937 0.0473010
5153.0119543797 0.0263100
5153.3286116631 0.0538500
5153.6151149207 0.0814750
5153.8254278991 0.0280280
5154.0534755981 0.0585600
5154.3697547817 0.0412960
5154.5051928312 0.0220500
5156.0385639710 0.0145070
5156.1548949353 0.0158470
5156.7775996836 0.0414170
5156.9650405758 0.0263500
5157.1887211144 0.0750630
5157.7585958022 0.0571020
5158.4491756203 0.0738610
5158.7090197857 0.0085770
5158.8749399506 0.0144290
5159.0159774922 0.0672530
5159.2919189429 0.0181730
5159.4263967385 0.0150930
5159.7230617058 0.0771860
5160.3585828717 0.0561460
5160.5143573367 0.0098320
5160.7019512716 0.0787640
5161.2047080989 0.0903160
5161.6019368366 0.0899110
5161.8802769277 0.0538450
5162.4256701061 0.0387880
5162.6646007073 0.0139350
5162.9080145022 0.0412980
5163.0205874682 0.0060390
5163.5527741328 0.0215890
5163.7166057439 0.0508400
5163.8511805670 0.0089750
5164.1894096020 0.0384540
5164.3605241520 0.0294410
5164.5795964683 0.0700550
5165.0690017468 0.0655360
5165.6041552041 0.0215440
5165.7123159965 0.0078710
5166.1497704471 0.0236780
5166.2923023893 0.0424440
5166.6364079909 0.0278090
5166.7732684236 0.0187450
5166.9990335229 0.0577270
5167.3837389331 0.0534030
5167.7156412871 0.0804610
5168.3622744249 0.0077700
5168.4668172550 0.0184800
5168.9149605543 0.0225110
5169.2500967707 0.0109370
5169.3818208369 0.0187330
5169.6002889954 0.0397870
5169.8205116210 0.0216430
5170.0043425589 0.0396190
5170.3278626838 0.0440810
5171.1864922628 0.0196260
5171.3358040118 0.0273550
5171.4500954379 0.0080040
5171.5557515652 0.0220710
5172.0397154044 0.0241330
5172.6175812426 0.0292220
5173.0430125006 0.0349390
5173.3049742401 0.0238110
5173.5985153869 0.0286610
5173.9093711434 0.0150660
5174.1142506870 0.0284200
5174.4371326456 0.0205990
5174.7274799430 0.0269170
5174.9218766962 0.0312260
5175.5247511969 0.0310540
5175.7062375134 0.0372090
5175.8926361378 0.0485280
5176.0805281599 0.0476910
5176.2152690317 0.0236150
5176.3639326102 0.0484860
5176.5242843005 0.0294240
5176.8321332590 0.0183160
5177.1926322348 0.0363620
5177.3723920925 0.0289580
5177.8698175232 0.0596010
5178.2389417964 0.0472870
5178.5767267263 0.0273370
5178.7473131423 0.0484100
5178.9580062363 0.0383170
5179.0847409777 0.0277090
5179.4456830737 0.0218010
5179.7812724201 0.0221920
5179.9102527596 0.0347070
5180.0595515087 0.0358340
5180.1893810744 0.0344410
5180.4529152376 0.0446500
5180.6422866558 0.0147200
5180.8348939357 0.0236300
5180.9657607778 0.0174670
5181.1838458411 0.0475330
5181.4306165418 0.0596000
5181.7749142086 0.0152950
5182.0141318988 0.0540890
5182.2173550058 0.0330430
5182.3205654850 0.0211450
5182.5497625076 0.0016380
5182.7132150261 0.0074790
5183.1686682889 0.0354100
5183.3770747766 0.0436970
5183.5307006792 0.0191470
5183.6606272719 0.0226590
5183.7831548947 0.0319290
5184.0124059326 0.0086840
5184.1045734721 0.0061510
5184.2412258558 0.0492630
5184.3676225089 0.0115590
5184.5915511300 0.0096920
5185.0590876123 0.0371660
5185.2825331052 0.0119020
5185.4090878008 0.0239020
5185.6021862139 0.0324260
5185.7554710265 0.0219120
5185.9030663244 0.0347020
5186.0664688311 0.0475940
5186.2992468094 0.0277710
5186.4455657676 0.0420850
5186.6059614740 0.0247140
5186.7635814413 0.0556730
5186.8985653817 0.0169160
5187.0334673003 0.0552830
5187.1986172728 0.0620230
5187.3561692222 0.0412250
5187.5278889441 0.0318880
5187.6770196515 0.0486650
5187.8166688344 0.0477320
5188.0057891895 0.0742410
5188.1750192487 0.0548510
5188.3228456091 0.0301400
5188.4368289584 0.0079630
5188.5589504746 0.0518880
5188.7131285263 0.0205620
5189.0275992580 0.0508420
5189.1840289095 0.0409100
5189.3675907853 0.0288200
5189.5048683373 0.0561220
5189.7167127439 0.0203160
5189.8601209285 0.0246970
5190.0430816445 0.0557250
5190.2773900328 0.0618110
5190.5236055918 0.0506130
5190.9422820716 0.0179790
5191.2484756012 0.0647250
5191.4095564921 0.0252910
5191.5189826289 0.0363310
5191.7759520521 0.0079000
5191.8609266783 0.0178350
5191.9871672924 0.0399070
5192.1057248608 0.0429390
5192.2073279148 0.0383550
5192.2993904284 0.0357770
5192.5124281543 0.0532390
5192.7024847611 0.0135140
5192.8993101704 0.0595420
5193.3190869459 0.0325500
5193.4985387293 0.0190610
5193.5976561218 0.0430920
5193.7783922473 0.0582180
5194.0103260056 0.0337750
5194.2351248643 0.0243680
5194.4164701523 0.0587210
5194.6733765607 0.0321380
5195.0285761426 0.0154600
5195.1348794489 0.0070040
5195.3026641265 0.0650620
5195.4742968288 0.0491320
5195.6286639337 0.0649160
5195.7881504019 0.0462790
5196.0299167797 0.0205020
5196.1687067369 0.0131700
5196.4072592591 0.0788820
5196.6518924007 0.0470540
5196.8116009284 0.0472290
5197.2429227826 0.0330970
5197.3868841173 0.0483940
5197.6202852686 0.0659200
5197.8637741062 0.0524990
5198.0086906956 0.0700700
5198.2421728688 0.0495680
5198.4439145901 0.0514660
5198.8147753460 0.0785840
5203.0131773568 0.0118500
5203.0781186507 0.0232060
5203.1880179169 0.0270600
5203.5748669351 0.0255590
5203.7857240867 0.0609270
5203.9127849233 0.0376360
5204.4205141331 0.0415260
5204.5340263618 0.0384110
5204.6621514821 0.0224420
5204.9251915309 0.0439150
5205.1145349540 0.0380930
5205.4973188917 0.0258410
5205.6496834674 0.0309180
5205.7861378061 0.0122630
5206.4639663174 0.0248730
5206.5867310107 0.0306840
5206.8194399834 0.0290150
5207.0112510646 0.0379460
5207.1937226588 0.0230750
5207.4815643143 0.0329000
5207.8247957210 0.0202280
5208.0497486289 0.0307680
5208.1738956909 0.0346770
5208.4118670660 0.0387280
5208.5469920517 0.0309530
5208.7222887358 0.0437910
5209.0185886450 0.0399610
5209.6397250640 0.0043170
5209.8684549788 0.0320080
5210.1201780172 0.0057840
5210.3457410890 0.0225220
5210.5253869322 0.0163750
5210.6351441627 0.0274390
5211.0000173359 0.0445530
5211.4927025487 0.0345030
5211.8339724366 0.0469490
5212.3931993721 0.0583630
5212.7198713731 0.0675980
5212.9889170269 0.0681740
5213.2142290335 0.0437850
5213.5730345932 0.0554620
5213.6998193595 0.0160650
5213.8496942754 0.0542430
5213.9515574045 0.0045970
5214.4903739072 0.0660590
5214.7700693987 0.0606570
5214.9327577276 0.0114240
5215.0724779395 0.0593510
5215.1793333985 0.0039100
5215.3372904676 0.0690480
5215.4525321602 0.0193930
5215.7469915845 0.0561550
5215.8624283292 0.0465360
5216.0396345252 0.0640060
5216.3139535859 0.0615390
5216.6206802781 0.0754300
5216.8538843887 0.0587610
5217.1253176814 0.0213710
5217.2927732811 0.0611010
5217.4401255265 0.0615900
5217.6069279524 0.0426420
5217.7220206060 0.0673260
5217.9055094762 0.0576730
5218.1410812182 0.0368990
5218.3896904328 0.0714050
5218.5727741955 0.0302080
5218.8543401881 0.0712540
5219.0282605104 0.0653040
5219.2037332462 0.0697080
5219.3500372132 0.0207770
5219.5314585335 0.0646590
5219.7492425389 0.0489150
5219.8531952261 0.0207010
5219.9452677491 0.0593260
5220.0510209159 0.0110200
5220.3642693481 0.0102500
5220.4768233264 0.0600870
5220.6532063053 0.0482990
5220.8148403560 0.0650870
5221.1511459300 0.0907560
5221.3549742193 0.0549270
5221.5295987302 0.0770890
5221.6871686988 0.0110900
5221.7726134569 0.0015300
5221.8557005871 0.0297350
5221.9647156233 0.0085270
5222.0973529512 0.0623380
5222.3193720861 0.0621410
5222.4669273876 0.0766030
5222.6684770706 0.0246050
5222.8299020664 0.0720980
5223.0033232576 0.0511920
5223.1557438552 0.0767480
5223.3405660832 0.0182540
5223.4605590437 0.0362680
5223.7464311869 0.0445790
5223.9963347499 0.0553760
5224.1326360545 0.0755360
5224.3484385347 0.0177020
5224.5327896378 0.0424260
5224.7743569809 0.0409980
5225.0731995799 0.0577960
5225.2674143105 0.0109110
5225.5871984879 0.0356960
5225.9981729549 0.0363140
5226.1419692566 0.0177780
5226.2746045854 0.0338470
5226.9771457157 0.0784330
5227.1224264131 0.0408990
5227.4429677936 0.0577350
5227.5657825071 0.0624160
5228.3159213181 0.0492060
5228.6335479232 0.0620700
5228.8464966458 0.0455600
5229.0639345643 0.0057820
5229.2012721467 0.0552880
5229.3206359415 0.0582560
5229.6217411467 0.0061530
5229.8443574450 0.0958380
5229.9905393836 0.0064570
5230.1014649309 0.0298410
5230.2296080646 0.0451220
5230.3635107324 0.0107650
5230.6129431742 0.0760550
5230.8066097617 0.0023860
5230.8965337150 0.0145970
5230.9938356336 0.0540610
5231.1006410838 0.0646830
5231.2900025247 0.0467700
5231.5045176660 0.0211930
5231.6257799672 0.0784340
5231.8003854778 0.0054160
5231.9042751515 0.0178710
5232.0069074902 0.0336300
5232.1435128787 0.0149150
5232.2606150719 0.0051640
5232.4033430914 0.0777960
5232.8092002026 0.0461780
5232.9114474390 0.0511190
5233.2039273494 0.0301250
5233.4229406900 0.0770960
5233.5581407046 0.0069070
5233.6434984422 0.0157350
5233.8745519903 0.0055250
5233.9576731322 0.0041310
5234.2098853168 0.0507190
5234.3895941880 0.0612200
5234.8537868409 0.0062660
5235.7821551439 0.0106880
5235.8895307472 0.0232400
5236.0378592599 0.0668420
5236.2113934871 0.0187300
5236.3446439833 0.0140880
5236.5746402514 0.0703410
5236.8549219151 0.0231900
5237.0137012121 0.0624720
5237.1261851766 0.0446570
5237.2349621536 0.0480360
5237.4627608369 0.0326560
5237.6552201062 0.0248170
5237.8975976733 0.0707130
5238.0800182686 0.0181750
5238.2256650677 0.0145460
5238.3205063327 0.0239910
5238.4684537448 0.0867820
5238.6675197746 0.0183340
5238.7497736865 0.0176460
5238.8821499507 0.0615110
5239.0043495039 0.0456870
5239.1542004233 0.0566740
5239.3573285355 0.0132490
5239.5659471105 0.0175680
5239.7845613485 0.0717710
5240.0232829430 0.0731630
5240.2347192690 0.0213400
5240.3891424070 0.0879570
5240.5066127008 0.0091840
5240.8421600901 0.0133270
5240.9349228019 0.0516810
5241.1086160737 0.0476580
5241.2912017145 0.0283660
5241.3838263897 0.0267660
5241.5099739955 0.0205040
5241.7004897490 0.0627160
5241.9990862956 0.0552080
5242.1405479812 0.0081120
5242.2253205648 0.0099710
5242.3398520763 0.0476960
5242.4757202720 0.0182270
5242.6487383646 0.0569430
5243.0568880973 0.0518750
5243.2309334638 0.0433530
5243.3549044903 0.0047620
5243.4518143076 0.0361730
5243.5495203371 0.0127630
5243.6693652645 0.0620680
5243.9731631982 0.0504080
5244.5863285502 0.0801510
5244.8689838520 0.0464190
5245.0963344204 0.0455980
5245.2484009324 0.0425570
5245.4120245234 0.0144660
5245.6193047451 0.0745830
5245.8095524293 0.0120630
5245.9750225125 0.0381890
5246.0885467567 0.0227690
5246.3337490817 0.0681670
5246.5589390753 0.0560330
5247.0079156890 0.0198810
5247.1453142941 0.0460770
5247.2514155611 0.0350630
5247.4439878653 0.0123740
5247.8188317298 0.0197540
5248.0135806143 0.0425090
5248.1716537277 0.0213920
5248.5149801961 0.0751270
5249.0212510764 0.0614860
5249.1855048369 0.0409160
5249.3920688698 0.0262580
5249.5212222790 0.0151600
5250.1163518345 0.0125120
5250.2766465407 0.0217660
5250.3735683629 0.0369930
5250.4756705654 0.0255480
5250.6546342456 0.0124610
5250.7453174057 0.0080520
5250.8688843270 0.0334630
5250.9578750363 0.0285500
5251.0711562173 0.0276610
5251.2882830654 0.0371550
5251.4471743981 0.0242600
5251.6754302115 0.0821910
5251.8670632677 0.0083890
5252.0972015829 0.0674460
5252.5948131607 0.0579510
5252.8098254463 0.0091280
5252.9390608785 0.0488760
5253.0574454197 0.0325200
5253.4246802623 0.0184010
5253.5617317771 0.0774610
5253.7799749240 0.0562930
5254.0366813189 0.0464530
5254.2382340192 0.0317380
5254.3603405525 0.0083070
5254.5579412000 0.0541060
5254.6901064133 0.0664010
5254.9271745765 0.0411470
5255.0703197154 0.0130310
5255.1760118756 0.0522850
5255.3012792513 0.0048810
5255.4130570329 0.0434750
5255.6127962507 0.0496930
5255.8925047755 0.0549810
5256.1413420751 0.0395510
5256.4038410149 0.0949830
5256.5806101131 0.0138860
5256.6873565546 0.0369860
5256.7786128689 0.0316700
5256.8741333193 0.0361200
5257.1217532953 0.0330780
5257.2854719166 0.0446990
5257.4644476031 0.0180340
5257.6633075877 0.0316730
5257.7611996703 0.0362790
5257.8727814004 0.0372410
5258.0217350880 0.0631050
5258.1684041670 0.0153790
5258.3273255106 0.0106530
5258.4409777925 0.0360060
5258.5595573873 0.0129490
5258.6573994568 0.0346080
5258.8787474338 0.0628760
5259.0675247327 0.0295020
5259.2661286499 0.0230190
5259.4621298737 0.0480170
5259.6070914982 0.0078260
5259.7504596983 0.0098940
5259.8529460055 0.0047380
5259.9783334147 0.0438210
5260.0751772185 0.0262540
5260.1907760196 0.0531450
5260.2925281314 0.0201190
5260.3868792711 0.0241050
5260.5254762001 0.0172000
5260.6423713468 0.0148520
5260.7447836345 0.0124450
5260.9442587847 0.0319280
5261.0690480349 0.0671250
5261.2975889298 0.0485730
5261.4227162702 0.0252240
5261.6047447720 0.0171840
5261.8263548205 0.0572030
5261.9832216181 0.0347840
5262.1974446986 0.0482890
5262.3966757844 0.0603530
5262.5734738931 0.0138440
5262.7097842136 0.0467440
5262.8740229758 0.0270310
5263.1774668302 0.0717840
5263.3584040420 0.0110040
5263.6996029569 0.0647930
5263.9554291237 0.0284730
5264.0895018485 0.0241100
5264.3900079210 0.0239350
5264.5045224344 0.0433120
5264.6068026880 0.0213700
5264.9254886051 0.0278270
5265.1621746726 0.0121860
5265.2986360343 0.0151300
5265.6494735191 0.0463750
5266.0571781573 0.0159910
5266.2239676006 0.0400450
5266.4208070512 0.0422600
5267.0100860735 0.0448380
5267.1747149415 0.0617300
5267.4280154376 0.0431640
5267.5353770459 0.0243430
5267.7325285804 0.0534480
5268.0167233092 0.0580130
5268.2584627252 0.0043390
5268.3503582125 0.0104610
5268.4281879517 0.0197740
5268.5450770991 0.0378230
5268.9105524874 0.0212980
5269.1231091276 0.0612340
5269.2884191780 0.0143540
5269.4588045809 0.0200440
5269.5515552964 0.0337050
5269.7453589397 0.0343950
5269.9674251143 0.0352960
5270.0573690820 0.0257100
5270.1632983094 0.0062910
5270.2391795297 0.0056240
5270.5828791169 0.0086350
5270.9962582723 0.0528010
5271.4410077875 0.0205630
5272.0284953399 0.0056320
5272.2705738487 0.0384380
5272.3806271757 0.0337190
5272.6863506448 0.0378910
5272.8562219121 0.0356860
5273.2169110290 0.0286800
5273.5846350208 0.0085320
5273.7909660044 0.0560010
5273.9997086309 0.0183020
5274.3808461979 0.0190950
5274.5963196183 0.0626210
5274.7429316882 0.0318000
5274.8437885651 0.0213730
5275.2297714242 0.0417240
5275.3693536210 0.0342380
5275.4748887448 0.0034060
5275.6004612083 0.0506740
5276.2744868283 0.0540610
5276.5170454676 0.0154210
5276.6315719878 0.0124990
5276.7446061103 0.0621370
5276.9461278140 0.0613430
5277.5344686019 0.0441720
5277.6743248726 0.0385080
5277.8641924709 0.0173780
5278.3444344525 0.0352860
5278.4351206199 0.0048910
5278.5109998413 0.0415820
5278.6372854958 0.0092940
5278.7444680594 0.0383670
5278.8915272501 0.0267780
5279.0292549540 0.0418650
5279.1687021161 0.0223410
5279.3183209891 0.0576360
5279.5456235646 0.0472580
5279.6561510199 0.0297870
5279.8348216352 0.0218480
5280.1337372959 0.0269680
5280.9305356426 0.0322550
5281.2270996773 0.0296840
5281.3484380142 0.0258570
5281.5059289859 0.0239240
5281.7311450066 0.0439400
5281.9828930983 0.0551000
5282.1185792592 0.0305410
5282.2373689171 0.0069680
5282.3002896858 0.0052110
5282.3850662791 0.0195150
5282.4868754117 0.0087630
5282.6272018094 0.0333150
5282.8446877707 0.0216380
5282.9652779086 0.0231420
5283.0657426831 0.0126660
5283.2517632588 0.0457890
5283.3855899246 0.0484520
5283.8279988300 0.0353820
5284.0387479964 0.0210420
5284.1716164071 0.0547340
5284.4767187197 0.0650650
5284.6462248948 0.0008750
5284.8980089980 0.0279240
5285.1086711418 0.0487870
5285.4757649767 0.0191850
5285.8310566665 0.0811430
5286.0647439473 0.0169410
5286.2693374744 0.0565450
5286.6430600770 0.0606520
5286.7997578394 0.0085870
5286.9477212740 0.0568130
5287.1074818528 0.0337030
5287.5298024085 0.0400830
5287.6917745769 0.0366610
5287.8142832277 0.0161670
5288.1531225347 0.0077160
5288.3870898916 0.0795900
5288.5343751460 0.0106270
5288.6647438919 0.0309650
5288.7489963469 0.0042160
5288.8350982949 0.0395160
5289.1432394210 0.0656660
5289.3007403985 0.0069990
5289.3814068979 0.0054020
5289.4906710192 0.0623290
5290.0405675794 0.0418650
5290.2785149981 0.0504290
5290.4762326947 0.0099520
5290.5928607791 0.0373100
5290.7490554089 0.0398600
5290.9000766600 0.0388630
5291.1169094516 0.0526450
5291.3320878024 0.0246930
5291.4529740219 0.0410790
5291.6631390366 0.0403500
5291.7690912759 0.0377560
5292.0276641929 0.0661800
5292.5065818386 0.0288980
5292.6280892240 0.0166550
5292.7673023285 0.0172840
5292.8969908945 0.0163310
5293.0814290530 0.0076330
5293.2022952677 0.0365700
5293.4812766252 0.0553850
5293.9067000145 0.0738500
5294.1005196740 0.0360400
5294.2266082809 0.0393910
5294.6173314222 0.0530940
5294.7632323100 0.0098550
5294.9346349950 0.0315950
5295.0849290538 0.0187040
5295.5646849265 0.0362670
5296.0599079224 0.0534210
5296.1798178831 0.0220620
5296.3854416899 0.0145950
5296.5811038417 0.0324350
5296.8050195243 0.0845960
5297.2415258712 0.0986560
5298.1736033099 0.0824330
5298.4545982076 0.0310870
5298.7016590604 0.0512690
5298.8392007216 0.0468800
5299.0306497515 0.0202430
5299.3077946236 0.0117270
5299.4673411503 0.0563770
5299.7454502796 0.0681960
5299.8870100121 0.0112330
5300.0720133245 0.0120880
5300.2618199173 0.0276370
5300.4380048793 0.0313730
5300.6145429355 0.0374020
5300.7700993991 0.0134230
5300.9465014192 0.0185620
5301.3396682184 0.0263360
5301.4825353000 0.0301310
5301.8237182432 0.0212800
5301.9251512806 0.0133810
5302.0769657473 0.0333390
5302.2153956463 0.0879150
5302.4106426903 0.0027410
5302.7989982084 0.0517470
5303.2402718326 0.0164790
5303.3872300054 0.0531050
5303.7601003968 0.0399020
5304.0131138396 0.0329080
5304.1297249233 0.0253880
5339.0486593774 0.0074600
5339.2188297525 0.0310800
5339.3538227477 0.0086720
5339.4583936311 0.0049150
5339.6083836252 0.0199500
5339.7948883560 0.0347110
5340.4270749267 0.0222020
5340.7991091290 0.0392260
5341.4061159871 0.0572600
5341.5868891904 0.0173490
5341.9497649516 0.0307640
5342.3018848451 0.0287860
5342.5058362293 0.0802880
5342.8177524027 0.0223530
5342.9678304216 0.0222990
5343.0912043198 0.0061800
5343.2048346198 0.0204680
5343.3052403935 0.0280390
5343.7674106337 0.0205210
5343.9726603648 0.0428500
5344.2065487327 0.0383250
5344.4060119210 0.0590650
5344.6856354848 0.0359690
5344.7957498477 0.0380440
5344.9718608093 0.0130260
5345.1467294396 0.0284650
5345.6366180732 0.0454060
5346.1351180037 0.0352730
5347.0478233883 0.0181530
5347.2811486078 0.0769120
5347.6620361771 0.0394210
5347.9251503406 0.0237750
5348.0440550485 0.0308340
5348.4195321758 0.0106750
5348.5354900980 0.0165270
5348.7529010745 0.0069950
5348.8466570762 0.0205390
5348.9535875912 0.0235220
5349.0650193065 0.0291370
5349.1979227477 0.0159090
5349.5129407534 0.0173010
5349.5947385664 0.0038640
5349.8016147342 0.0846110
5350.2684162166 0.0210470
5350.4335942649 0.0172760
5350.9458278636 0.0679070
5351.1947672492 0.0278300
5351.6857571837 0.0497920
5351.9469978501 0.0223880
5352.2765067223 0.0268650
5352.4380828108 0.0246710
5352.5580418011 0.0330660
5352.6852307195 0.0256390
5352.9039400445 0.0142440
5353.5134205799 0.0322120
5353.7547859472 0.0200760
5353.9724760008 0.0276580
5354.0810959677 0.0481760
5354.5777054042 0.0185880
5354.8899516748 0.0388430
5355.0394695486 0.0107770
5355.1443355146 0.0149380
5355.3119612177 0.0242760
5355.4988140483 0.0123700
5355.6730715201 0.0399450
5355.9588667374 0.0410320
5356.1064540968 0.0323310
5356.3599406981 0.0211100
5356.4929261635 0.0063110
5356.6124590414 0.0313140
5356.8878054727 0.0243600
5357.5751877896 0.0628910
5357.9096699925 0.0293780
5358.2627811639 0.0403900
5358.4354782207 0.0071160
5358.6578805335 0.0470370
5358.8279989027 0.0195790
5358.9721983596 0.0273260
5359.2001921639 0.0397730
5359.3260727354 0.0284210
5359.5438818237 0.0157730
5359.9116749120 0.0225330
5360.0567345987 0.0261800
5360.3322040652 0.0463520
5360.4717932930 0.0291570
5360.6479072620 0.0165610
5360.8416449312 0.0357940
5360.9710924545 0.0079200
5361.2202389013 0.0285340
5361.4048741431 0.0290960
5361.6296530914 0.0361680
5361.7761161529 0.0223610
5361.9093426844 0.0316290
5362.1549571897 0.0246640
5362.2905053405 0.0115080
5362.4743023593 0.0181080
5362.6550085538 0.0196620
5362.8132117468 0.0148910
5362.9725492425 0.0199470
5363.2191820200 0.0276360
5363.3088119246 0.0147250
5363.7472438559 0.0126130
5363.9354010382 0.0078710
5364.7087042823 0.0165300
5364.8502260270 0.0296240
5365.0070658573 0.0254300
5365.1348439366 0.0174820
5365.4673416163 0.0171410
5365.8240337491 0.0345580
5365.9432795530 0.0209860
5366.5573833406 0.0161420
5366.9861877075 0.0227110
5367.1121122931 0.0263230
5367.2885833601 0.0163000
5367.5033506412 0.0163700
5367.7586227257 0.0198910
5367.9327471671 0.0317580
5368.0321686842 0.0152510
5368.1302578460 0.0448830
5368.2996200173 0.0352390
5368.4777355234 0.0202260
5368.6474757958 0.0450980
5368.9365338922 0.0552580
5369.0899788185 0.0148030
5369.1696250615 0.0317670
5369.2696647437 0.0071310
5369.4664312248 0.0313620
5369.7132130459 0.0393440
5370.1438889152 0.0259450
5370.4757024164 0.0442280
5370.8792220433 0.0259350
5371.2289943351 0.0208530
5371.4329207267 0.0413960
5371.5955661079 0.0174260
5371.9832024995 0.0280050
5372.0888356743 0.0045030
5372.3915404130 0.0171940
5372.5786433180 0.0082710
5372.9772646404 0.0721830
5373.8254618775 0.0261880
5374.0748563981 0.0185030
5374.1758973486 0.0028330
5374.2552035018 0.0350780
5374.3663931593 0.0161770
5374.8150568313 0.0294550
5375.0261391334 0.0350020
5375.3066259479 0.0297890
5375.7441856591 0.0347230
5375.9837685637 0.0629570
5376.2233804762 0.0060570
5376.3414519699 0.0367230
5376.4691790390 0.0312890
5376.7170121447 0.0337020
5376.8646245180 0.0216900
5377.2174156200 0.0309180
5377.4705511404 0.0081700
5377.5834812630 0.0302170
5377.7140110801 0.0256880
5377.9980728501 0.0115090
5378.2372826564 0.0511980
5378.4258719605 0.0282090
5379.3008013390 0.0302170
5379.4422030567 0.0448930
5379.6726945383 0.0336230
5379.9154192832 0.0313510
5380.3309121130 0.0072580
5380.6225058938 0.0160770
5381.0473862283 0.0207250
5381.1555160714 0.0437400
5381.4079944189 0.0373250
5381.6840890661 0.0143580
5381.7932171756 0.0197770
5382.0531325073 0.0274530
5382.1434325946 0.0034540
5382.2428511143 0.0170330
5382.4083922721 0.0141840
5382.5063153929 0.0105620
5382.9462427431 0.0184940
5383.0374260662 0.0199210
5383.2123077158 0.0030110
5383.3224010833 0.0337960
5383.4767592584 0.0184710
5383.5799947966 0.0178410
5383.8520173590 0.0310740
5383.9889238790 0.0221040
5384.2305043212 0.0216810
5384.3375078646 0.0132830
5384.4092720079 0.0041550
5384.4959021168 0.0157030
5384.6485048241 0.0422060
5384.8611185396 0.0575640
5385.6437253038 0.0582410
5385.9708785740 0.0382390
5386.1223879901 0.0512330
5386.2485806529 0.0173660
5386.3771219423 0.0330060
5386.4705318601 0.0259640
5386.6436370373 0.0361040
5386.8706615980 0.0116110
5386.9672913749 0.0194830
5387.2413974952 0.0407680
5387.5209040564 0.0184770
5387.7174804952 0.0278090
5387.8672454467 0.0219330
5388.0003249471 0.0099820
5388.0985821584 0.0214420
5388.2176389182 0.0257400
5388.3112868999 0.0146280
5388.4595834598 0.0452700
5388.6238772873 0.0051020
5388.7194357787 0.0177130
5388.8195094747 0.0234580
5389.0303487190 0.0312330
5389.1759855696 0.0271180
5389.3562066462 0.0367110
5389.4939193831 0.0135840
5389.6086879994 0.0164050
5389.7470409071 0.0130980
5389.9006898954 0.0255290
5390.0683586237 0.0597700
5390.3708693235 0.0311460
5390.5568439354 0.0333040
5390.6583850233 0.0509400
5390.8281343069 0.0313610
5390.9981286560 0.0513300
5391.1267099575 0.0147170
5391.2139382273 0.0027230
5391.3065889436 0.0175930
5391.4737335327 0.0620460
5391.6001832656 0.0147920
5391.7668407249 0.0247430
5391.9022348440 0.0262810
5391.9965490043 0.0094940
5392.1468611032 0.0131670
5392.2907985015 0.0328560
5392.4093451264 0.0135340
5392.5438930200 0.0094990
5392.7221315691 0.0074680
5392.8316467848 0.0320400
5392.9458642549 0.0128240
5393.1174550307 0.0209480
5393.2693705578 0.0074200
5393.3522606707 0.0024760
5393.6155048975 0.0500320
5393.9403235510 0.0361170
5394.2456460036 0.0269750
5394.6713815799 0.0679060
5394.9041906880 0.0417280
5395.3564173322 0.0578750
5395.8873779815 0.0184340
5396.6058256495 0.0392960
5396.7900648012 0.0107770
5397.2521980903 0.0316230
5397.3895447321 0.0183010
5397.5029309817 0.0112150
5397.6298618448 0.0204890
5397.7615349731 0.0242440
5398.0927813445 0.0490110
5398.2487199467 0.0060730
5398.6213393562 0.0825960
5399.0111383495 0.0148490
5399.1429865249 0.0130400
5399.2792978911 0.0258320
5399.5126371432 0.0368350
5399.8119499965 0.0344600
5400.0330329791 0.0184020
5400.1253986213 0.0020560
5400.6211978958 0.0312400
5401.2274456376 0.0136440
5401.3803164224 0.0360050
5401.5524693516 0.0203140
5401.6553357957 0.0146710
5401.8835366782 0.0125990
5401.9950064177 0.0251890
5402.1134440162 0.0256100
5402.3335417371 0.0140060
5402.5895110285 0.0282000
5402.7196477484 0.0305440
5402.9091843160 0.0547740
5403.1885848591 0.0415430
5403.3587542598 0.0296820
5403.6920921936 0.0560950
5403.9111796458 0.0096750
5404.0317058020 0.0087030
5404.1694715578 0.0209690
5404.3984166402 0.0428220
5404.6443682601 0.0097840
5404.7745790004 0.0339840
5404.9125758181 0.0068680
5405.0905503019 0.0097720
5405.1857577034 0.0143720
5405.3253039346 0.0231570
5405.6321988148 0.0357900
5405.9596561814 0.0440290
5406.1686649457 0.0175660
5406.3886396359 0.0349250
5406.8972063240 0.0104580
5407.2716192196 0.0935980
5407.8136318324 0.0101080
5407.9381000415 0.0217530
5408.0713816021 0.0113480
5408.3262806114 0.0478560
5408.4897352225 0.0105710
5408.7091997778 0.0293910
5408.8534082540 0.0209210
5409.2382229267 0.0260500
5409.4409010034 0.0109980
5409.5629935792 0.0216860
5409.9106103275 0.0335530
5410.0548778199 0.0086270
5410.2015639577 0.0214030
5410.4379920399 0.0669490
5410.6396138355 0.0162440
5410.7241964033 0.0030880
5410.8413606644 0.0218740
5411.2848059824 0.0707860
5411.8669773153 0.0218710
5412.0437434796 0.0085460
5412.4112195288 0.0363380
5412.6037919107 0.0045580
5412.7233578131 0.0101230
5412.8534915353 0.0148430
5413.1907715283 0.0014170
5413.4251040530 0.0194930
5413.6364014315 0.0116120
5413.9033516596 0.0333950
5414.1400668204 0.0121260
5414.2511114496 0.0294550
5414.3941556171 0.0305450
5414.5131643714 0.0281090
5414.6238429030 0.0044260
5414.7688015814 0.0473130
5415.0327420071 0.0230080
5415.1756781459 0.0173340
5415.4218418286 0.0393500
5415.9287040726 0.0307060
5416.1787077802 0.0047810
5416.4811224728 0.0080820
5416.7030676940 0.0506530
5417.1992080786 0.0208230
5417.5763127013 0.0224750
5417.6844835646 0.0247810
5417.8628931698 0.0210140
5417.9871973380 0.0257170
5418.1766868998 0.0361930
5418.3385901007 0.0234620
5418.5274224873 0.0353120
5418.6776495728 0.0027640
5419.0987529372 0.0106900
5419.1760475620 0.0118030
5419.3270938663 0.0331880
5419.4635102669 0.0076330
5420.3213971818 0.0580930
5420.6057100469 0.0233290
5420.7487102047 0.0273860
5420.8814276188 0.0209020
5421.2226046579 0.0176720
5421.4960406213 0.0073900
5421.6635293139 0.0360080
5422.0378481972 0.0049900
5422.2876958667 0.0212790
5422.4140325786 0.0288220
5422.6381873924 0.0297850
5422.8246211408 0.0530150
5423.1125019597 0.0261750
5423.2677353827 0.0183290
5423.3889847373 0.0337220
5423.5396419393 0.0119310
5423.6397466516 0.0192250
5424.0338798240 0.0305850
5424.2012414837 0.0159890
5424.3184017474 0.0175200
5424.8436369045 0.0102140
5425.0250183057 0.0143560
5425.3159539412 0.0109810
5425.4341374783 0.0112630
5425.5640531461 0.0462650
5425.7048547188 0.0084720
5425.8920416695 0.0325700
5426.1465645889 0.0278330
5426.2612832016 0.0253490
5426.4361018520 0.0295450
5426.5717670544 0.0098610
5426.8054374096 0.0426460
5426.9259705741 0.0029720
5426.9966934466 0.0148210
5427.1204724773 0.0240600
5427.4605592304 0.0381180
5427.7577075254 0.0924480
5427.9164058747 0.0322860
5428.2162858990 0.0332460
5428.4826379764 0.0045670
5428.6289810289 0.0194010
5428.7927647355 0.0122920
5429.2817272184 0.0044300
5429.4045920058 0.0264220
5429.5436601172 0.0030330
5429.6592459622 0.0123410
5429.7360994712 0.0093490
5429.8598364914 0.0220340
5430.0493550661 0.0342280
5430.2137839455 0.0065730
5430.6418191709 0.0184360
5431.1999181057 0.0810830
5431.8870674800 0.0072290
5431.9862399455 0.0261830
5432.2817418043 0.0312580
5432.5347913342 0.0228950
5432.6573790485 0.0229620
5432.8613634849 0.0250530
5433.0774161419 0.0312550
5433.2313122115 0.0034210
5433.3722918343 0.0453910
5433.6460678960 0.0185410
5433.8071498836 0.0198430
5434.0502887695 0.0989190
5434.6753025662 0.0136970
5434.7716352745 0.0042180
5434.8581903735 0.0113130
5434.9895374261 0.0203320
5435.7963087301 0.0080210
5436.0289638193 0.0897160
5436.7516186767 0.0300380
5436.9601333240 0.0184770
5437.2336163098 0.0221570
5437.3810166473 0.0458450
5437.8383446973 0.0381950
5438.0795410671 0.0412290
5438.2361678673 0.0570080
5438.5731498003 0.0280490
5438.8174650029 0.0219740
5439.0464931257 0.0078900
5439.4750785066 0.0154760
5439.7521114414 0.0329260
5439.9200772683 0.0134870
5440.1044414718 0.0115280
5440.2558718858 0.0183750
5440.3757728853 0.0138830
5440.6523667035 0.0127910
5440.7929142132 0.0256020
5440.9576151692 0.0310650
5441.2032567271 0.0259610
5441.3002406106 0.0250990
5441.4221421442 0.0077470
5442.4651335042 0.0250170
5442.5821217269 0.0115460
5442.6760968076 0.0161460
5442.8506784014 0.0200790
5442.9698071955 0.0185630
5443.1269841442 0.0146640
5443.2305477842 0.0056030
5443.3877027271 0.0280360
5443.5540581257 0.0125200
5443.8263968102 0.0273970
5444.5519004407 0.0192460
5444.7680531302 0.0144650
5444.9601764065 0.0198860
5445.1004378413 0.0137130
5445.2608206465 0.0432950
5446.2365840726 0.0078760
5446.3477637460 0.0429590
5446.5569665815 0.0453370
5446.7994412972 0.0323010
5446.9511627913 0.0227080
5447.2320787671 0.0208780
5447.4325812809 0.0318840
5447.6741717612 0.0258950
5447.8270855737 0.0257100
5448.4214372063 0.0755670
5449.1279657799 0.0103270
5449.2884736199 0.0138650
5449.4556272337 0.0275710
5449.9359864433 0.0229460
5450.0559684670 0.0264940
5450.4859282254 0.0260140
5450.5885386127 0.0322020
5450.7194685587 0.0264330
5451.0644656406 0.0715690
5451.3089168864 0.0784680
5451.5472865091 0.0285130
5451.8050813166 0.0341370
5451.9521175619 0.0239910
5452.0844218751 0.0395230
5452.2092842020 0.0004760
5452.3153685169 0.0359420
5452.4117172333 0.0158690
5452.5146837161 0.0258470
5452.5920113556 0.0017090
5452.9325202410 0.0549780
5453.1091973982 0.0811680
5453.5056972287 0.0656820
5453.7267262241 0.0440820
5453.9471400554 0.0624440
5454.1187118502 0.0132020
5454.3555390627 0.0193280
5454.4638659767 0.0397990
5454.5784855704 0.0375860
5455.2815632327 0.0575040
5455.5054299865 0.0461730
5455.6743040618 0.0268170
5455.8195018176 0.0503250
5456.0843755172 0.0577840
5456.3716051840 0.0711430
5456.5334863932 0.0466130
5456.6594560169 0.0491710
5457.1162209366 0.0437870
5457.7395323116 0.0082150
5457.8820923640 0.0453700
5458.0126492125 0.0219590
5458.1336235033 0.0361250
5458.2696178033 0.0280540
5458.3849595907 0.0241600
5458.5542437766 0.0664390
5458.7104784794 0.0344890
5458.8188304011 0.0322120
5458.9414761383 0.0259080
5459.1276638364 0.0424340
5459.2517039458 0.0566580
5459.3850505394 0.0234530
5459.4914569420 0.0484980
5459.7148905823 0.0303620
5459.8409602336 0.0310300
5459.9715210838 0.0444700
5460.0849733673 0.0198780
5460.1733459563 0.0400140
5460.3637477798 0.0607120
5460.4672244006 0.0149490
5460.7123108211 0.0355590
5461.1148952825 0.0528820
5461.5038971188 0.0608960
5461.6632166460 0.0718930
5461.7985487703 0.0494770
5462.0067773530 0.0741520
5462.2756711293 0.0510140
5462.3791537522 0.0113390
5462.4640244069 0.0359530
5462.7004765237 0.0463520
5462.8294329464 0.0050200
5463.0879499533 0.0519200
5463.2233200882 0.0615690
5463.3516273378 0.0163300
5463.5277893616 0.0574610
5463.9114307690 0.0744940
5464.0842699060 0.0625870
5464.4043563487 0.0430250
5464.6382237766 0.0340110
5464.9239980605 0.0449270
5465.2917012146 0.0443110
5465.4330349421 0.0357570
5465.6018640092 0.0154750
5465.7089986077 0.0275620
5465.8040849900 0.0456310
5466.2695512418 0.0131740
5466.4977001442 0.0443130
5466.9822935025 0.0172750
5467.4188770455 0.0585060
5467.6224713937 0.0618390
5467.7781109408 0.0308470
5467.9013208310 0.0072520
5468.2382827813 0.0149830
5468.3627450060 0.0666790
5468.5824056435 0.1047290
5468.8080778859 0.0113140
5469.0030519336 0.0056910
5469.1793049839 0.0128980
5469.3259531313 0.0832300
5469.5732551481 0.0916300
5469.8969215504 0.0791960
5470.0912174176 0.0477310
5470.2001414948 0.0068460
5470.3191512645 0.0687890
5470.5952699745 0.0605160
5470.7206234377 0.0185570
5470.8542020966 0.0689630
5471.1080688668 0.0485260
5471.3374270944 0.0420560
5471.6555110078 0.0528540
5471.8272858636 0.0584460
5471.9863103158 0.0194180
5472.0974709906 0.0123840
5472.2003464536 0.0459790
5472.3800924376 0.0567650
5472.7314772415 0.0544640
5472.8378136286 0.0504530
5472.9549939106 0.0134780
5473.1282051504 0.0288260
5473.2921749232 0.0741740
5473.4603388157 0.0656480
5473.6988544892 0.0111980
5474.0122351487 0.0229810
5474.2058818443 0.0633600
5474.3929247771 0.0759610
5474.5611906973 0.0651980
5474.7945820034 0.0138340
5474.9635181026 0.0799540
5475.1066983260 0.0100810
5475.3965767123 0.0229340
5475.5426607111 0.0530500
5475.7158119359 0.0501770
5475.8667252240 0.0276920
5476.0471854002 0.0582930
5476.1589032247 0.0452390
5476.4050789446 0.0347310
5476.7093151647 0.0561780
5476.8332452496 0.0509490
5477.0153528659 0.0207680
5477.1606606581 0.0491070
5477.2401278731 0.0219100
5477.3415829581 0.0504060
5477.5303043403 0.0208360
5477.6710029020 0.0230850
5477.7968294935 0.0250900
5478.0071776495 0.0341760
5478.1612467810 0.0034320
5478.4203589556 0.0549850
5478.5684814996 0.0460050
5478.7579450804 0.0251050
5479.0103704702 0.0155050
5479.3041519010 0.0090240
5479.6773785415 0.0601710
5479.8090616971 0.0492490
5479.9470905468 0.0326500
5480.0240700982 0.0076980
5480.1917798720 0.0079930
5480.3813114716 0.0589030
5480.7181263921 0.0413500
5480.9217357504 0.0513050
5481.0796379061 0.0487940
5481.2092165003 0.0199310
5481.4059730292 0.0243090
5481.5323887791 0.0113640
5481.6641249494 0.0892890
5481.8416073328 0.0618190
5481.9548145564 0.0520600
5482.2151450585 0.0627540
5482.3955552238 0.0660450
5482.7078586017 0.0252920
5482.9495181194 0.0591830
5483.0723779203 0.0383570
5483.2024406443 0.0497500
5483.3827067716 0.0538870
5483.5033399781 0.0615680
5483.7221293904 0.0552510
5483.8796924566 0.0356630
5484.1053747094 0.0317340
5484.2894348499 0.0855880
5484.5035460136 0.0684230
5484.6409897086 0.0160400
5484.8741239513 0.0698120
5485.0622301724 0.0589690
5485.3029014275 0.0279710
5485.4737220338 0.0146990
5485.6161270537 0.0924670
5485.8177168750 0.0520980
5485.9796911197 0.0092670
5486.6280432203 0.0388110
5486.9908650889 0.0725160
5487.1577846544 0.0468740
5487.5055945154 0.0085370
5487.6074357058 0.0436740
5487.7324860928 0.0251290
5487.8759774034 0.0432120
5487.9830379874 0.0321710
5488.1793964131 0.0190550
5488.3146865342 0.0612690
5488.5388913947 0.0486370
5488.6681419034 0.0053050
5488.8111700906 0.0178530
5489.0356510251 0.0504770
5489.2960185411 0.0395640
5489.4845408751 0.0137080
5489.8478588785 0.0261560
5490.2619534392 0.0306420
5490.4688576815 0.0430880
5490.7776361239 0.0596160
5490.9246043637 0.0274670
5491.0750285264 0.0566640
5491.1851749351 0.0541360
5491.3385708913 0.0722220
5491.6647399775 0.0639560
5491.7893632516 0.0273260
5491.9353722357 0.0513280
5492.3643827808 0.0473450
5492.4838486781 0.0479230
5492.6409936357 0.0685400
5492.8052074808 0.0683560
5493.0133440533 0.0094490
5493.4413573332 0.0353470
5493.8007943035 0.0546020
5493.9418149564 0.0570530
5494.1390866284 0.0690290
5494.3111365663 0.0792820
5494.4723796187 0.0216030
5494.6451867589 0.0112960
5494.9453549051 0.0697790
5495.1242326663 0.0066400
5495.2321474801 0.0142340
5495.3794828195 0.0717040
5495.6637967330 0.0592830
5495.8433626782 0.0760170
5496.0081386746 0.0201580
5496.1656077199 0.0218150
5496.3282061349 0.0373180
5496.7300724365 0.0302660
5496.9428162410 0.0808400
5497.2027246389 0.0494070
5497.3835959334 0.0566040
5498.1024428733 0.0509410
5498.3012979699 0.0436680
5498.4755344932 0.0416670
5498.6322393354 0.0195500
5498.7709723789 0.0449150
5499.0368293662 0.0529930
5499.3892834764 0.0247600
5499.5392225124 0.0135370
5499.9928606407 0.0398940
5500.1879387296 0.0425530
5500.3623142907 0.0538350
5500.5135496731 0.0395190
5500.6248773995 0.0349240
5500.7755326271 0.0361260
5500.9313782406 0.0520110
5501.1157634748 0.0307810
5501.4627541277 0.0224880
5501.5927908500 0.0418360
5501.7249821477 0.0195670
5501.8330029914 0.0351860
5501.9985812041 0.0280120
5502.1203977315 0.0229810
5502.2717181372 0.0510390
5502.5410900652 0.0177130
5502.6605899742 0.0313860
5502.8076382393 0.0196760
5502.9946851850 0.0656810
5503.4094549379 0.0166880
5503.5052275115 0.0249050
5503.6398474582 0.0487800
5503.7879820136 0.0540120
5503.9638009616 0.0512620
5504.1083265534 0.0450330
5504.2162753785 0.0140970
5504.2961547082 0.0079170
5504.3916432061 0.0115530
5504.6154199602 0.0200250
5504.8440570123 0.0254420
5504.9769955104 0.0360700
5505.2096246286 0.0448360
5505.6568010371 0.0390960
5505.7653540238 0.0194780
5505.9002810532 0.0271060
5506.0032185405 0.0310850
5506.6837712682 0.0278440
5507.0035186506 0.0500090
5507.1619129468 0.0268280
5507.6582434830 0.0215850
5507.7688710241 0.0099370
5508.0611170635 0.0428300
5508.2880596648 0.0796310
5508.5715183580 0.0046990
5508.7583462475 0.0540790
5508.9006172389 0.0268860
5509.5568284708 0.0484210
5509.8096969961 0.0482850
5509.9599991324 0.0595870
5510.1533477638 0.0072500
5510.3264239817 0.0405270
5510.5563273748 0.0592140
5510.9435687835 0.0615930
5511.1336175341 0.0457400
5511.3912183239 0.0716520
5511.6798564021 0.0565710
5511.8147014113 0.0196820
5511.9957297534 0.0261330
5512.2225143145 0.0162860
5512.3029858038 0.0169720
5512.4828478346 0.0329320
5512.7239782269 0.0578010
5512.8914669537 0.0511870
5513.0403407096 0.0190500
5513.1524226404 0.0117520
5513.3107909318 0.0333240
5513.4545443205 0.0443160
5513.5734210659 0.0133650
5513.6684874530 0.0265410
5513.9266784018 0.0264010
5514.0766484508 0.0578280
5514.2720036197 0.0277610
5514.5176522195 0.0591660
5514.8308768655 0.0500070
5514.9776210533 0.0320380
5515.2640715495 0.0276160
5515.5279120079 0.0397520
5515.6249239149 0.0202870
5515.8766101278 0.0376540
5515.9673253533 0.0046400
5516.0649864338 0.0248000
5516.4525559347 0.0573830
5516.8700954395 0.0375150
5517.0903762662 0.0648810
5517.2487175517 0.0245100
5517.3388376186 0.0034380
5517.4322945766 0.0280720
5517.5998473222 0.0049560
5517.8566599052 0.0444320
5518.3395718694 0.0405570
5518.4794152154 0.0114930
5518.9439152631 0.0642620
5519.2526157039 0.0315920
5519.3448153265 0.0432260
5519.5447477201 0.0249460
5519.7191402931 0.0668490
5520.2817445419 0.0695530
5520.5060534459 0.0268010
5521.0567525161 0.0381260
5521.1916675468 0.0172050
5521.3266625989 0.0387350
5521.5582444457 0.0226300
5521.6708605213 0.0390670
5521.8975480612 0.0421840
5521.9831039100 0.0066500
5522.2061644814 0.0565170
5522.4297902039 0.0306640
5522.7502097768 0.0567910
5522.9959884158 0.0609640
5523.1415182819 0.0298480
5523.2958795065 0.0591110
5523.7360800696 0.0090810
5523.8532123518 0.0437460
5524.0149805549 0.0452860
5524.1884608860 0.0615020
5524.5090515057 0.0359680
5524.6898787992 0.0541770
5525.0015580393 0.0183990
5525.1424126574 0.0283310
5525.3366895431 0.0632820
5525.6030496802 0.0394860
5525.8369241414 0.0462370
5526.0221606129 0.0275340
5526.4053459513 0.0069450
5526.5208898100 0.0227380
5526.6246685266 0.0372930
5526.7738593715 0.0196180
5526.9240634872 0.0304890
5527.3504343601 0.0292760
5527.6189390712 0.0388910
5527.7202661332 0.0158230
5527.8678255428 0.0452880
5527.9883127221 0.0076890
5528.1198038403 0.0402940
5528.2556041094 0.0543390
5528.4318711864 0.0167430
5528.6341922219 0.0580610
5528.8996291143 0.0335180
5529.0135315352 0.0165060
5529.1096312014 0.0146830
5529.4303548601 0.0389540
5529.6587968724 0.0404140
5529.9299722981 0.0482020
5530.2905596042 0.0455080
5530.4447157765 0.0377040
5530.6943034369 0.0614540
5530.8052000554 0.0263330
5530.9336553636 0.0065340
5531.0469296173 0.0332190
5531.2138161899 0.0199110
5531.3865403217 0.0329950
5531.5539360305 0.0400550
5531.7323396793 0.0606540
5531.8706866297 0.0044570
5532.5202761258 0.0191700
5532.7216759170 0.0575550
5532.9335004926 0.0412640
5533.2455798451 0.0192550
5533.3973273751 0.0359860
5533.6785134767 0.0256350
5533.8120791506 0.0495830
5533.9971345769 0.0188470
5534.1338881024 0.0410700
5534.3063021525 0.0360490
5534.7903834461 0.0540210
5534.9164831262 0.0326220
5535.3592743923 0.0483530
5535.5384002355 0.0132260
5535.7003104806 0.0311280
5535.8326888380 0.0210690
5535.9399354828 0.0463840
5536.4745372720 0.0274300
5536.6671437162 0.0435890
5537.0067214159 0.0786640
5537.2718022180 0.0047980
5537.3755909397 0.0300910
5537.5968200293 0.0620130
5537.7266066950 0.0239650
5538.0773833867 0.0527910
5538.8515861756 0.0620700
5539.0372007533 0.0494570
5539.1652359516 0.0030500
5539.3860049192 0.0224060
5539.5461606970 0.0334700
5539.7343179541 0.0258330
5539.8451945695 0.0058830
5539.9413142433 0.0103040
5540.0570421545 0.0173460
5540.2543978687 0.0196050
5540.4598997590 0.0092760
5540.6970491024 0.0240350
5540.9069251612 0.0087740
5541.0359876344 0.0329160
5541.2299394398 0.0411910
5541.5642147266 0.0385950
5541.6834035626 0.0146690
5541.8787667454 0.0324150
5541.9787434498 0.0222660
5542.0667259505 0.0159750
5542.2293213809 0.0157760
5542.4887496761 0.0564770
5542.7611694417 0.0235430
5542.9249031763 0.0282880
5543.0863953123 0.0249910
5543.2731351923 0.0299880
5543.5969246796 0.0206310
5543.8509885427 0.0209560
5543.9790617525 0.0166860
5544.2167182332 0.0232360
5544.3634004137 0.0303550
5545.0387398053 0.0342700
5545.2021934659 0.0447600
5545.5344572182 0.0473220
5545.6631015810 0.0475550
5545.9587845623 0.0040100
5546.1293861326 0.0158020
5546.2271062352 0.0049790
5546.3662994159 0.0354690
5546.6089302265 0.0455040
5546.7735111889 0.0393720
5546.9887066713 0.0358500
5547.1222363394 0.0416270
5547.5075182551 0.0306800
5547.6763043411 0.0103650
5547.9264361560 0.0232720
5548.2235355171 0.0296000
5548.4128200789 0.0114320
5548.4992001528 0.0032870
5548.5983946497 0.0100650
5548.9724825765 0.0129230
5549.0964006777 0.0086170
5549.2750684038 0.0445960
5549.4939758789 0.0530560
5549.6415492991 0.0091330
5549.8432981910 0.0357600
5549.9393378454 0.0183960
5550.1743256163 0.0253540
5550.4045191066 0.0295700
5550.6624450050 0.0168650
5550.7910353547 0.0223060
5551.1610922065 0.0393010
5551.6094659791 0.0337270
5551.7425515299 0.0156440
5551.8550365778 0.0170660
5552.0037383002 0.0124000
5552.4919347114 0.0586030
5552.6530307448 0.0333790
5552.7873306203 0.0370210
5552.9020872752 0.0093690
5552.9942909056 0.0244000
5553.1802455797 0.0318460
5553.3596845134 0.0139760
5553.7090638435 0.0292490
5553.9359464511 0.0548750
5554.0646498320 0.0085950
5554.2615144209 0.0293030
5554.4527725123 0.0197650
5554.6046510841 0.0401710
5554.8680614499 0.0624190
5555.0850024023 0.0061950
5555.2192502646 0.0310470
5555.3901069064 0.0123410
5555.5006284306 0.0026230
5555.5922559076 0.0090030
5555.8604235448 0.0220020
5556.0074798289 0.0169580
5556.1843010643 0.0381870
5556.3379701150 0.0351760
5557.0321715626 0.0070140
5557.3676171732 0.0010080
5557.4816656401 0.0277470
5557.8937727304 0.0234390
5558.0352915359 0.0250690
5558.2059281199 0.0382080
5558.3919998274 0.0219670
5558.6212690748 0.0297300
5558.7414661845 0.0513090
5558.8372657766 0.0019130
5558.9727409678 0.0196610
5559.0851069856 0.0046090
5559.1736596419 0.0203010
5559.4877025364 0.0195940
5560.0300134118 0.0344720
5560.1899111277 0.0503030
5560.4556281128 0.0101890
5560.5664847278 0.0343810
5560.7040144683 0.0313770
5560.9846464383 0.0326950
5561.0816063408 0.0127150
5561.1880617801 0.0239340
5561.2767454718 0.0091800
5561.4000054004 0.0317250
5561.6880043388 0.0285830
5561.8559712109 0.0163740
5562.0327814456 0.0394540
5562.1545229688 0.0304080
5562.4215573070 0.0402230
5562.5642884377 0.0251290
5562.6948243104 0.0253320
5563.0204713073 0.0388820
5563.2258961869 0.0306980
5563.5209590136 0.0320750
5563.6578625877 0.0198900
5563.7417239915 0.0195920
5563.8490016511 0.0316330
5564.5011248683 0.0421020
5564.6631641579 0.0384100
5564.7703778005 0.0017450
5564.9113134522 0.0342010
5565.0662898550 0.0233350
5565.1728413209 0.0101900
5565.3646975764 0.0084910
5565.4794162243 0.0263730
5565.7195303724 0.0288080
5565.9120968179 0.0190590
5566.1752021086 0.0551130
5566.2842122315 0.0232640
5566.4518010043 0.0349430
5566.6398022304 0.0216980
5566.7734679405 0.0305030
5567.0118976392 0.0380670
5567.2033947996 0.0374750
5567.4150303403 0.0270990
5567.6448507393 0.0405720
5567.9510485435 0.0456740
5568.4768870278 0.0440120
5568.6933038464 0.0413850
5568.8120625744 0.0314700
5568.9465244977 0.0217600
5569.3724272838 0.0324760
5569.5818332297 0.0389810
5570.0910652791 0.0335900
5570.2161997108 0.0322720
5570.4682430484 0.0320940
5570.7287016344 0.0317200
5571.5550524093 0.0586060
5572.0559232269 0.0608590
5572.2396033008 0.0191300
5572.3323160710 0.0234220
5572.4247887770 0.0064670
5572.5705897309 0.0341090
5572.6826586725 0.0174720
5572.8901070969 0.0049290
5573.0622490885 0.0317210
5573.8410921746 0.0503710
5574.0764670608 0.0355690
5574.2134976719 0.0153600
5574.3812494910 0.0588180
5574.6628587301 0.0451190
5574.9420653275 0.0413320
5582.5936287065 0.0652500
5582.9520334696 0.0233280
5583.0748342812 0.0223170
5583.5116149864 0.0771850
5583.9147507021 0.0301430
5584.0451675489 0.0236960
5585.2824211391 0.0408410
5585.3835851700 0.0048370
5585.6893828787 0.0484320
5585.7969116102 0.0132500
5586.0516846855 0.0381780
5586.1632254891 0.0060780
5586.5267676277 0.0257420
5586.8075206452 0.0253440
5586.9627761297 0.0258250
5587.2663352412 0.0532140
5587.5457629050 0.0174740
5587.8464022368 0.0255130
5587.9811902526 0.0366740
5588.2948750705 0.0667430
5588.4569673823 0.0408340
5589.4071502765 0.0300550
5589.5184240096 0.0101420
5589.8040903417 0.0113010
5590.2954006238 0.0655810
5590.8397910898 0.0347870
5591.0773025552 0.0062890
5591.2642795174 0.0354810
5591.6611865753 0.0646610
5591.9696630038 0.0075540
5592.1409167649 0.0165350
5592.3690427230 0.0409650
5592.5887414294 0.0285520
5592.8337919102 0.0300230
5593.1196372921 0.0214480
5593.3089298738 0.0310640
5593.5355244233 0.0560750
5593.9323984743 0.0386280
5594.2014523699 0.0244860
5594.3375067259 0.0164920
5594.4883440322 0.0381250
5594.8165317297 0.0230850
5595.3610952471 0.0201070
5595.4690610976 0.0137310
5595.6532423144 0.0229240
5596.0076030067 0.0724550
5596.3694797077 0.0263260
5596.5911449413 0.0333570
5596.9333363824 0.0419370
5597.1431324446 0.0295200
5597.3444012282 0.0273790
5597.4402328367 0.0119240
5597.7390476871 0.0368300
5597.8483038829 0.0088730
5597.9830668949 0.0216710
5598.1751592267 0.0158300
5598.3279450549 0.0269760
5598.5730255466 0.0493210
5598.9659685512 0.0065910
5599.5189993360 0.0049330
5599.6134785835 0.0073150
5599.6983892740 0.0144540
5599.8077234912 0.0158740
5599.9067069424 0.0068420
5600.0302599593 0.0375710
5600.4104875671 0.0395280
5600.5579479729 0.0411540
5600.7207784861 0.0487160
5600.9033722807 0.0552620
5601.0770366891 0.0562760
5601.2693340770 0.0577820
5601.4607902401 0.0561250
5601.6717676199 0.0444660
5601.8407727836 0.0566900
5602.1044162377 0.0739550
5602.3502139230 0.0603470
5602.5963386959 0.0335350
5602.8235854240 0.0805770
5603.3930015919 0.0554890
5603.6630227512 0.0568010
5603.9797103817 0.0540480
5604.3935709807 0.0550570
5604.9104701159 0.0432580
5605.3723785559 0.0105990
5605.5236249750 0.0027500
5605.6000193907 0.0168290
5605.7079052221 0.0291140
5605.8241392845 0.0226800
5605.9389499666 0.0267550
5606.0484182210 0.0309200
5606.1774667081 0.0282210
5606.3156966489 0.0470800
5606.4712542204 0.0544980
5606.6554604480 0.0422960
5606.7918188888 0.0333230
5606.8907793353 0.0046040
5606.9726862243 0.0379960
5607.1484591984 0.0422500
5607.3431592307 0.0687960
5607.9876094565 0.0575200
5608.2232684352 0.0444150
5608.4621102647 0.0600840
5608.9665120643 0.0547270
5609.2132229972 0.0639020
5609.4940050356 0.0480000
5609.6180021736 0.0152110
5609.7797043883 0.0430030
5609.9626022675 0.0000310
5610.0765267138 0.0681850
5610.3381376292 0.0817640
5610.6584422307 0.0229710
5611.0107973979 0.0700680
5611.3080418369 0.0289090
5611.5622007615 0.0137480
5611.9931089229 0.0420540
5612.2228063103 0.0118210
5612.3378120461 0.0574940
5612.5860863984 0.0194340
5613.0741738422 0.0471090
5613.3408601157 0.0282200
5613.4509475372 0.0421590
5613.8265379163 0.0374370
5613.9925662885 0.0332870
5614.2394072587 0.0594210
5614.3554982849 0.0192190
5614.6401183520 0.0444550
5614.7608546199 0.0413100
5615.0443383835 0.0446160
5615.3591395172 0.0057580
5615.4671963966 0.0451530
5615.9039021109 0.0419950
5616.3561999928 0.0465540
5616.5591562354 0.0291640
5617.0273973790 0.0211630
5617.2109034235 0.0529000
5617.5559676469 0.0208890
5617.7132306777 0.0298810
5617.8214425990 0.0234260
5618.1691145197 0.0429450
5618.6605748706 0.0463720
5618.9145107393 0.0176320
5619.1584459353 0.0506440
5619.3644850030 0.0297190
5619.5099008681 0.0358870
5619.6558908867 0.0457690
5619.9450251634 0.0248030
5620.4029955651 0.0302720
5620.5568106754 0.0394700
5620.7077910280 0.0467070
5621.0328679118 0.0129650
5621.2119347714 0.0493070
5621.4682062657 0.0230150
5621.5954302692 0.0146450
5621.8018264333 0.0538290
5622.0761917639 0.0360440
5622.2933177961 0.0324110
5622.4669201956 0.0302650
5622.5970009629 0.0125940
5622.8851989911 0.0654450
5623.4363472999 0.0589430
5623.7965585761 0.0368880
5624.0161262616 0.0417750
5624.4770334521 0.0306850
5624.5982988638 0.0368460
5624.7160773435 0.0192840
5624.8314611833 0.0084650
5625.0193864119 0.0236470
5625.1757712104 0.0602980
5625.3461837583 0.0051120
5625.4946074291 0.0281540
5625.6116337080 0.0279960
5625.8110950203 0.0703010
5626.1301993111 0.0528600
5626.4157396310 0.0516600
5626.7700283264 0.0313850
5627.0602899086 0.0384330
5627.2487262746 0.0548740
5627.4078398032 0.0318330
5627.5726588569 0.0275220
5627.6867543529 0.0272080
5628.4395355608 0.0110340
5628.5285073418 0.0094960
5628.6835777902 0.0526130
5628.9741244497 0.0644620
5629.1806326469 0.0722360
5629.3979707389 0.0340200
5629.6617122341 0.0378820
5630.1385276820 0.0475160
5630.3298818291 0.0444210
5630.4597755485 0.0244610
5631.0201433301 0.0058050
5631.1896266317 0.0140920
5631.2826875061 0.0178260
5631.3839215653 0.0224170
5631.4924395714 0.0159380
5631.8821797464 0.0303400
5632.0602613465 0.0213830
5632.2289314311 0.0081340
5632.4103429214 0.0338110
5632.6158048404 0.0290650
5632.7797596647 0.0317710
5632.9762551872 0.0188320
5633.1552780393 0.0541980
5633.4441202459 0.0256650
5633.5598491799 0.0074060
5633.6847355617 0.0410620
5633.9880456358 0.0317130
5634.2716104322 0.0218200
5634.4395673269 0.0194520
5634.7884885933 0.0580860
5635.0006493039 0.0247030
5635.1299038536 0.0342870
5635.3794005443 0.0415150
5635.6034914440 0.0549170
5635.7651636592 0.0312600
5635.9937807690 0.0367200
5636.1167456378 0.0257320
5636.3020601729 0.0137020
5636.4115654439 0.0357710
5636.8767747960 0.0363520
5636.9963377557 0.0252110
5637.1223354354 0.0127700
5637.2206207075 0.0243160
5637.5350877661 0.0243100
5637.6853299266 0.0242160
5637.8019641036 0.0254170
5637.9572286067 0.0114950
5638.0958696664 0.0337310
5638.2837608909 0.0198720
5638.4959956227 0.0335210
5638.6765848956 0.0236500
5638.8822648754 0.0419990
5639.0646086174 0.0370330
5639.2690072549 0.0459840
5639.5041411083 0.0427160
5639.7353619158 0.0226740
5639.9767444398 0.0333840
5640.1089477791 0.0209170
5640.2484390666 0.0401670
5640.4860515830 0.0317380
5640.6055845355 0.0213270
5640.7323804295 0.0452670
5640.9075472537 0.0325710
5641.0461713096 0.0269300
5641.2117565726 0.0132520
5641.3134627600 0.0220720
5641.4564339781 0.0361770
5641.8317032926 0.0077470
5641.9319700954 0.0253840
5642.0311536085 0.0198170
5642.2534340273 0.0210220
5642.5863780283 0.0373000
5642.7820603372 0.0140780
5642.9149508610 0.0260590
5643.0497558966 0.0087020
5643.2466265233 0.0532210
5643.4716766831 0.0253410
5643.6176306991 0.0222580
5643.9765686496 0.0326290
5644.1176803714 0.0362530
5644.4909191452 0.0189720
5644.7261610299 0.0453850
5644.9002365638 0.0333320
5645.0340773421 0.0153730
5645.1447349232 0.0176590
5645.2501641066 0.0189630
5645.3783863831 0.0154050
5645.5367197089 0.0191890
5645.6951000474 0.0348290
5645.9450318597 0.0385780
5646.8359100120 0.0432870
5647.0064606043 0.0400210
5647.2524843725 0.0388260
5647.4319063364 0.0290340
5647.6694328333 0.0419670
5647.9592753157 0.0341510
5648.0745931432 0.0041210
5648.1925496761 0.0425780
5648.4043723020 0.0145820
5648.5423241803 0.0347890
5648.6511522731 0.0158780
5648.7457415594 0.0355050
5648.8980162667 0.0244160
5649.1170208128 0.0417260
5649.2891638316 0.0224710
5649.4025641468 0.0145050
5649.8282159361 0.0225940
5649.9260340858 0.0274760
5650.1303246989 0.0451190
5650.2808439374 0.0284350
5650.4118539604 0.0097530
5650.6493064389 0.0407320
5650.7901350869 0.0146160
5650.9326571876 0.0133930
5651.1304520646 0.0406760
5651.3573847311 0.0065400
5651.6463989943 0.0513840
5651.7739200850 0.0315670
5652.0021981115 0.0305350
5652.1945455326 0.0590950
5652.3437404176 0.0325130
5652.4817383093 0.0090930
5652.6096345005 0.0320450
5652.7737393716 0.0387200
5653.0427932994 0.0237050
5653.3203184921 0.0282320
5653.5992170521 0.0188780
5654.0854850500 0.0409140
5654.4763815518 0.0406430
5654.6112246007 0.0281610
5654.7999420524 0.0314180
5655.0436562070 0.0502320
5655.2240054216 0.0255540
5655.4757927347 0.0247360
5655.6502603771 0.0467940
5655.8631352875 0.0133530
5656.1312799740 0.0371960
5656.2740761495 0.0254710
5656.4415019096 0.0186050
5656.6357978533 0.0293770
5656.8918413050 0.0195410
5657.3443532816 0.0462960
5657.5531621056 0.0311980
5657.6633015509 0.0207600
5657.7893242426 0.0297150
5657.9300428631 0.0124750
5658.0341136861 0.0274500
5658.1751283859 0.0416560
5658.2918265848 0.0161370
5658.4507630760 0.0204920
5658.7270039283 0.0358370
5658.8648137715 0.0296780
5659.3365718953 0.0347220
5659.4858558062 0.0288380
5659.6207658744 0.0227590
5659.7457892993 0.0332910
5660.1838174063 0.0263550
5660.2810504016 0.0072780
5660.6634916477 0.0246940
5660.8523211316 0.0430810
5661.0560315941 0.0216710
5661.2061177200 0.0310610
5661.5723726394 0.0263840
5661.9825493017 0.0403070
5662.1931366032 0.0198640
5662.2820933862 0.0235460
5662.3888029155 0.0039810
5662.6060129878 0.0260760
5662.7552608900 0.0428840
5663.3336455249 0.0053450
5663.4235415592 0.0101980
5663.5504744956 0.0181720
5663.7297554277 0.0330740
5664.3548585543 0.0298890
5664.4936876715 0.0407490
5664.6922737654 0.0093570
5664.8722668883 0.0358380
5665.0435306775 0.0194330
5665.2476622542 0.0394700
5665.3747582347 0.0099620
5665.5601227940 0.0244850
5665.7174088462 0.0106010
5665.8015513427 0.0090290
5665.8982872062 0.0029680
5666.0004315157 0.0247430
5666.2090843016 0.0208590
5666.3147805609 0.0212060
5666.4822613391 0.0252670
5666.5832133299 0.0082950
5666.6837041975 0.0095420
5666.7867237412 0.0358530
5667.0154228871 0.0294600
5667.1783844573 0.0102130
5667.4039127556 0.0208540
5667.6059917845 0.0217680
5667.9191045001 0.0383520
5668.1819987892 0.0179240
5668.4191742020 0.0266250
5668.5826889205 0.0147640
5668.7034782156 0.0181800
5668.7902574176 0.0031730
5669.0692780188 0.0084290
5669.2179097582 0.0267410
5669.4808190520 0.0324030
5669.9238064934 0.0214600
5670.0492090223 0.0134020
5670.3059616704 0.0330110
5670.5184914947 0.0358130
5670.6830314880 0.0263250
5670.9084677633 0.0504410
5671.1080291204 0.0290290
5671.2789868298 0.0384220
5671.7528755350 0.0563980
5671.9729533780 0.0325820
5672.2618606244 0.0420390
5672.4326662936 0.0483170
5672.6217618530 0.0038880
5672.7976048692 0.0421380
5672.9605744433 0.0108590
5673.0473776524 0.0117720
5673.1668085854 0.0135030
5673.3792883976 0.0425070
5673.6668152757 0.0308290
5673.8525369335 0.0210620
5673.9501470323 0.0088900
5674.1867893053 0.0175740
5674.3126129478 0.0428480
5674.6021053520 0.0335200
5674.7528056462 0.0203240
5674.9267451541 0.0208320
5675.0814215115 0.0217520
5675.2017796929 0.0154540
5675.3086982808 0.0229600
5675.5120146437 0.0339690
5675.6635501615 0.0291040
5676.0140418766 0.0163230
5676.1526829467 0.0323240
5676.6658501589 0.0268040
5676.8322056396 0.0261890
5677.0157287107 0.0366230
5677.2278274225 0.0282700
5677.3462650910 0.0257420
5677.6061455791 0.0121290
5677.7478854783 0.0351170
5677.9224541554 0.0142940
5678.0691793877 0.0282040
5678.5219654566 0.0354440
5678.7431766057 0.0136690
5678.8892686689 0.0322700
5679.2423210709 0.0035630
5679.3676655866 0.0477810
5679.4813449832 0.0034210
5679.5954064820 0.0393140
5680.0257195432 0.0246360
5680.2880876979 0.0377930
5680.5154624958 0.0198960
5680.8103043339 0.0323130
5680.9565964512 0.0245610
5681.2792217187 0.0215180
5681.3669291710 0.0141360
5681.4724443850 0.0224940
5681.6434701161 0.0361490
5681.8059775695 0.0264440
5681.9926974972 0.0082830
5682.2129583937 0.0135380
5682.3251824018 0.0221990
5682.5342593078 0.0272110
5682.7145385136 0.0124940
5682.8357519255 0.0373720
5683.0313772349 0.0197300
5683.2694628981 0.0179560
5683.3808846919 0.0228540
5683.5062952262 0.0153300
5683.6101780042 0.0127690
5683.9155966723 0.0457630
5684.2092581968 0.0850550
5684.3913288822 0.0112320
5684.4842627326 0.0204590
5684.5904691321 0.0113560
5684.8177569086 0.0421370
5685.0758639264 0.0464970
5685.2505176288 0.0577310
5685.6458973536 0.0102040
5686.1105075911 0.0274280
5686.2366353179 0.0213340
5686.6607747339 0.0212650
5686.8532361987 0.0350240
5687.1097497914 0.0304260
5687.2410979144 0.0208130
5687.4703502175 0.0178470
5687.5989556071 0.0274250
5687.8134389611 0.0196660
5688.4144446735 0.0700500
5689.1351553968 0.0184020
5689.3626242238 0.0282510
5689.7757426953 0.0728240
5690.0733522789 0.0413290
5690.3467043760 0.0167180
5690.4815094242 0.0228240
5690.8185455514 0.0084800
5691.0347603697 0.0310330
5691.1628666268 0.0213570
5691.2647748783 0.0203440
5691.9021913315 0.0047470
5692.0935014904 0.0328670
5692.3227147852 0.0220630
5692.6684512402 0.0106160
5692.7870859649 0.0323010
5693.0530260813 0.0215150
5693.8444217134 0.0311980
5694.1517909093 0.0176280
5694.2915422813 0.0227400
5694.4523482838 0.0126460
5694.6120489907 0.0204160
5695.0567119020 0.0238820
5695.4318532222 0.0095120
5695.5871467509 0.0109420
5695.8061233097 0.0324580
5695.9475361265 0.0315600
5696.0884648138 0.0106940
5696.2384759301 0.0163290
5696.4375461658 0.0112700
5696.5644270966 0.0279850
5696.7139990955 0.0165110
5697.3623514801 0.0343250
5697.5827544212 0.0109750
5697.7585414309 0.0256220
5697.9060608813 0.0144470
5698.3345074588 0.0105340
5698.4601540600 0.0180620
5698.8600470020 0.0175120
5699.0074574235 0.0116020
5699.1785381752 0.0428410
5699.3752757882 0.0019950
5699.5515399262 0.0258990
5699.7599646649 0.0198500
5699.9078592162 0.0143100
5700.0956724429 0.0770920
5700.9122748269 0.0203770
5701.0536626384 0.0194090
5701.2114528365 0.0263730
5701.7260484558 0.0331710
5701.9900950705 0.0036370
5702.1656870296 0.0312900
5702.8738484160 0.0434640
5703.1366587007 0.0427330
5703.4458483890 0.0240020
5703.6570538729 0.0172720
5703.7583469624 0.0092800
5703.9202462602 0.0215150
5704.0439463421 0.0151300
5704.1837147214 0.0347530
5704.6443649166 0.0255860
5704.8228076390 0.0167640
5704.9472839288 0.0070480
5705.1456889900 0.0779050
5705.3401589990 0.0256320
5705.4737967390 0.0198180
5705.8934139615 0.0341210
5706.1498535439 0.0160820
5706.2553067464 0.0062930
5706.3888694666 0.0210400
5706.6261989384 0.0195100
5706.7727291268 0.0069580
5707.2057669396 0.0191450
5707.9131891352 0.0367500
5708.3693181246 0.0217890
5708.5687844710 0.0767930
5708.7449885961 0.0242840
5709.0868040134 0.0026500
5709.2105211011 0.0140390
5709.4549944848 0.0291410
5709.6178070287 0.0305730
5709.7607292529 0.0245430
5709.8703145613 0.0178440
5710.1968658970 0.0581030
5710.6521006492 0.0263480
5710.7872657991 0.0135800
5710.9754701344 0.0381970
5711.1164278336 0.0566270
5711.3159862057 0.0163890
5711.6010254398 0.0436610
5711.9164908116 0.0148280
5712.0876675933 0.0159470
5712.2831808838 0.0086620
5713.0340947185 0.0007860
5713.4511752687 0.0122040
5713.7213275224 0.0333240
5713.8635795685 0.0217090
5714.0577965130 0.0216150
5714.1593486738 0.0023520
5714.3433238792 0.0144330
5714.6009057713 0.0269370
5714.9749288067 0.0201200
5715.1145111391 0.0233150
5715.3322293698 0.0393740
5715.4871978175 0.0124300
5715.6316484521 0.0179090
5715.9009734857 0.0281350
5716.0739497499 0.0238960
5716.2520583870 0.0250000
5716.7133557660 0.0328580
5717.1261091618 0.0242060
5717.2904711225 0.0090330
5717.4322810513 0.0225620
5717.6204923909 0.0100290
5717.8004615261 0.0161660
5718.0006290636 0.0352450
5718.1732692387 0.0056860
5718.2689698352 0.0191200
5718.9269508222 0.0349950
5719.0829865564 0.0090900
5719.1882117006 0.0223980
5719.3545141809 0.0203790
5719.6851976277 0.0301590
5719.9093005680 0.0407240
5720.0905820549 0.0126530
5720.2366431216 0.0207710
5720.4595377389 0.0334920
5720.7577374981 0.0365860
5721.2580963289 0.0232400
5721.4549609844 0.0283030
5721.6030685989 0.0088580
5721.8019077826 0.0194420
5722.0481156362 0.0583310
5722.2590010421 0.0127250
5722.3876944640 0.0437960
5722.7174666691 0.0193840
5722.8476484892 0.0115480
5722.9426398969 0.0099900
5723.0573385758 0.0242160
5723.3417026358 0.0119340
5723.6138644321 0.0329580
5723.7678936310 0.0183170
5724.0137093807 0.0339620
5724.1691849666 0.0204900
5724.3805745083 0.0215470
5724.5096710385 0.0245590
5724.6870494831 0.0390110
5724.8420399395 0.0374750
5725.0445170975 0.0275200
5725.2184806289 0.0296430
5725.3957150352 0.0176210
5725.5715180587 0.0138280
5725.9397995662 0.0203020
5726.1344416290 0.0362540
5726.3304410548 0.0148730
5727.2032285087 0.0263190
5727.3621500173 0.0275160
5727.6816584802 0.0263900
5727.7824184317 0.0057560
5728.3344720968 0.0091600
5728.4523616304 0.0120030
5728.6347614195 0.0929310
5729.0238074833 0.0251430
5729.2523356113 0.0653010
5729.5051162265 0.0196960
5729.6952030721 0.0368860
5730.2300601394 0.0185340
5730.3823438734 0.0419150
5730.6662608178 0.0435650
5730.8128870386 0.0177250
5731.1283794293 0.0242870
5731.7647836609 0.0222540
5732.3408777608 0.0262120
5732.5199146517 0.0161720
5732.7854136706 0.0100690
5733.1528679619 0.0146190
5733.3179191119 0.0229040
5733.5659694638 0.0233060
5733.6778603940 0.0257000
5733.8326678040 0.0297480
5734.0034534883 0.0128160
5734.1400290215 0.0243730
5734.3263758684 0.0186370
5734.5048045972 0.0184710
5734.6549997738 0.0409160
5734.9407402083 0.0170340
5735.0677601857 0.0199030
5735.2127279641 0.0235230
5735.5457840557 0.0191510
5735.7102800580 0.0074370
5735.9067616164 0.0277590
5736.0801019847 0.0339580
5736.2584536936 0.0226160
5736.4560125404 0.0185320
5736.9373142885 0.0259330
5737.0871373662 0.0198880
5737.2094910959 0.0236390
5737.3161826360 0.0229370
5737.4618035898 0.0126420
5737.6484525186 0.0156140
5737.9270850534 0.0275750
5738.0557304663 0.0173580
5738.2231502515 0.0183030
5738.3676289000 0.0329390
5738.5041214121 0.0213980
5738.6577184999 0.0564130
5738.8855394428 0.0131900
5738.9876477572 0.0350060
5739.3166877769 0.0157920
5739.9094883542 0.0364960
5740.0599095928 0.0107450
5740.1570095676 0.0097670
5740.3219016773 0.0428890
5740.6246926760 0.0241640
5740.8749406192 0.0399530
5741.2391680530 0.0025670
5741.4055785692 0.0324540
5741.8130565733 0.0067770
5741.9386231636 0.0222860
5742.2545986902 0.0430200
5742.5434689661 0.0291900
5742.6553358917 0.0115470
5742.8209641992 0.0122230
5742.9709703275 0.0155770
5743.2396852120 0.0104060
5743.8233303445 0.0153120
5744.0660192671 0.0083900
5744.2303902386 0.0094350
5744.6025417945 0.0354660
5744.7898298969 0.0082400
5745.0372990987 0.0587960
5745.2957532393 0.0092650
5745.4007403251 0.0317420
5745.5549485783 0.0331580
5745.7777001681 0.0463130
5745.9607851465 0.0202720
5746.2282717039 0.0134690
5746.3480067351 0.0273610
5746.6767726861 0.0302480
5746.7931568210 0.0146080
5746.9266235259 0.0431820
5747.1394854706 0.0112720
5747.2357652274 0.0025260
5747.3546880416 0.0070360
5747.5089263034 0.0361660
5747.8833934811 0.0392470
5748.0818895830 0.0546660
5749.1209895655 0.0265000
5749.4278596606 0.0117360
5749.7240879088 0.0149270
5750.2414653202 0.0256480
5750.4850134756 0.0363320
5750.7775377335 0.0337900
5751.1765474793 0.0325590
5751.2954582912 0.0363650
5751.4494144787 0.0059210
5751.7151835794 0.0187200
5751.8299242758 0.0424550
5752.1471401402 0.0351560
5752.7032959283 0.0131970
5752.8678289459 0.0111900
5752.9860155644 0.0214080
5753.1100307423 0.0285580
5753.7279730613 0.0034560
5753.8477030930 0.0406290
5754.3214688408 0.0162450
5754.4243903757 0.0262420
5754.5746435735 0.0195460
5755.1432917063 0.0058550
5755.2514736488 0.0216730
5755.6282494496 0.0368040
5756.0366497114 0.0236550
5756.2701201733 0.0371470
5756.6561844598 0.0132800
5756.9576051013 0.0261380
5757.2318814807 0.0050650
5757.4438391877 0.0171870
5757.9318297444 0.0124490
5758.0304571312 0.0058240
5758.1301578052 0.0157490
5758.2740402995 0.0164800
5758.5763761868 0.0339910
5758.8008232356 0.0065900
5759.0841940492 0.0079620
5759.1990567798 0.0174270
5759.4404223554 0.0149470
5759.5871556129 0.0131560
5760.3044565223 0.0267590
5760.4093315810 0.0005790
5760.6749996591 0.0292350
5760.8666609372 0.0196640
5761.4166190763 0.0134160
5761.9561894368 0.0191780
5762.1067127089 0.0434780
5762.3725228259 0.0413920
5762.4804366981 0.0141140
5762.6371386235 0.0245360
5762.9004030597 0.0432670
5763.2205707204 0.0322090
5763.4055102010 0.0223110
5763.5500288670 0.0367520
5764.0704210985 0.0124990
5764.2423280925 0.0366480
5764.4253410580 0.0158400
5764.5834603632 0.0222520
5764.6880233393 0.0173510
5764.9998357656 0.0145180
5765.1276709683 0.0373610
5765.3292499015 0.0379870
5765.6002133989 0.0444300
5765.7816139335 0.0179180
5765.9490987449 0.0155700
5766.0752284915 0.0257410
5766.1883027451 0.0163510
5766.2882204787 0.0193270
5766.4630962677 0.0223040
5766.5958657910 0.0227190
5766.6814967021 0.0017420
5766.7441244586 0.0067550
5767.2433600326 0.0004550
5767.6968963798 0.0354280
5768.1729247453 0.0144370
5768.3118509163 0.0213390
5768.4449745348 0.0257320
5768.5822462632 0.0259370
5768.6924847587 0.0160810
5768.7744636930 0.0084790
5769.2603266908 0.0381490
5769.5446657690 0.0430140
5769.7735970223 0.0130580
5769.9631847489 0.0325960
5770.0869388609 0.0332090
5770.2634830976 0.0327390
5770.6767006595 0.0481620
5770.9376824889 0.0319470
5771.6617282182 0.0172080
5771.9565461014 0.0443900
5772.0918142947 0.0206570
5772.1947458357 0.0206980
5772.3938341051 0.0438550
5772.5172241203 0.0068350
5772.6288679925 0.0407530
5772.9735022056 0.0302980
5773.1008612828 0.0139270
5773.2166042520 0.0296880
5773.3141893627 0.0240400
5773.8046615980 0.0550590
5774.0275672409 0.0653370
5774.3050614901 0.0313130
5774.5714447665 0.0076120
5774.6661411045 0.0208160
5774.8402286854 0.0367770
5774.9751817950 0.0145210
5775.3405665619 0.0375960
5775.4553892853 0.0160700
5775.5761686026 0.0317350
5775.7313541261 0.0383620
5776.1648461171 0.0273520
5776.6908498624 0.0165570
5777.2136377476 0.0277850
5777.3910032064 0.0322850
5777.5331832505 0.0239480
5777.6273844565 0.0232860
5777.8282662079 0.0199840
5778.0726345953 0.0378060
5778.2245232374 0.0024770
5778.3508840487 0.0227540
5778.4701889722 0.0123040
5778.6212733991 0.0251350
5778.9563580607 0.0502550
5779.2454144063 0.0194300
5779.5859575289 0.0263130
5779.7048583444 0.0209230
5779.9198388691 0.0522020
5780.2373188209 0.0209340
5780.4446442974 0.0230330
5780.5975622155 0.0288990
5780.7581011729 0.0188900
5780.8982046622 0.0274440
5781.4682301916 0.0418520
5781.8247185823 0.0231570
5782.4899135787 0.0447520
5782.7395623812 0.0287160
5783.2620651961 0.0038030
5783.3499827217 0.0205880
5783.4932260519 0.0120100
5783.7083866262 0.0167310
5783.8618867011 0.0243860
5783.9862649833 0.0070900
5784.3651683737 0.0234550
5784.7106418188 0.0617190
5784.9217703147 0.0479810
5785.3840840256 0.0187010
5785.8541098006 0.0626280
5786.0162641919 0.0220380
5786.1280331004 0.0325010
5786.3386094491 0.0457860
5786.5700893916 0.0412100
5786.6691348955 0.0179810
5786.9084699401 0.0177920
5787.3067335132 0.0296580
5787.5404580567 0.0403380
5787.8662612402 0.0038580
5788.0467795462 0.0250010
5788.2690310199 0.0469590
5788.5094503553 0.0271890
5788.6755578052 0.0395070
5788.9191349859 0.0153340
5789.6518780668 0.0041930
5789.7540254013 0.0306800
5789.8861937695 0.0252570
5789.9987828983 0.0128710
5790.1515997921 0.0252070
5790.3534448059 0.0303990
5790.7971055299 0.0392400
5791.0203762775 0.0366310
5791.1498349208 0.0329910
5791.6736300897 0.0092120
5791.7496894434 0.0029350
5791.8448509089 0.0297180
5791.9880552308 0.0418080
5792.1022507900 0.0386270
5792.2821919429 0.0384150
5792.4154125933 0.0160010
5792.5504137202 0.0385100
5792.7648351004 0.0219740
5792.8711975635 0.0066730
5793.0023636642 0.0155320
5793.1182766832 0.0161510
5793.2777993724 0.0214430
5793.4004561960 0.0362820
5794.0077477113 0.0487310
5794.1862694850 0.0164300
5794.3890937624 0.0099400
5794.5150904801 0.0100010
5794.9972795180 0.0381180
5795.1326247376 0.0128280
5795.2224237687 0.0027720
5795.6988722710 0.0482970
5795.9652605593 0.0497080
5796.0782007833 0.0060040
5796.1814024012 0.0283130
5796.3449711741 0.0512860
5796.4928087371 0.0074990
5796.5983039689 0.0505710
5797.0320060330 0.0315830
5797.1762246277 0.0312940
5797.5764327287 0.0260770
5797.7462831831 0.0556400
5797.8657951662 0.0118180
5797.9566344761 0.0316860
5798.0754672775 0.0138710
5798.5820278408 0.0170390
5798.7885090984 0.0212520
5798.9068607712 0.0096320
5799.0286933756 0.0316860
5799.1677115792 0.0557490
5799.3244495249 0.0456750
5799.4250714530 0.0163430
5799.5652829761 0.0266830
5799.7798604008 0.0341450
5799.9843401232 0.0208740
5800.0964041136 0.0242490
5800.4735520454 0.0301680
5800.6120741166 0.0312540
5800.8909827580 0.0182250
5801.2456916853 0.0382300
5801.4705738684 0.0098140
5801.8055595177 0.0106660
5802.5582049423 0.0168100
5802.6921527898 0.0255800
5802.8614921090 0.0065080
5802.9586851201 0.0124800
5803.2299847264 0.0354600
5803.5568942154 0.0625460
5803.7277429387 0.0174690
5804.9135252851 0.0118330
5805.0609887503 0.0471130
5805.6794872779 0.0283760
5806.1995184534 0.0120710
5806.3285759930 0.0201730
5807.0454888607 0.0489400
5807.2348905505 0.0307300
5807.3357975564 0.0237420
5807.4928085776 0.0108770
5807.7002280897 0.0086210
5807.8026004879 0.0141660
5807.9176962913 0.0219220
5808.0552381020 0.0181120
5808.1603862431 0.0234200
5808.2945741562 0.0472930
5808.5428245964 0.0252170
5809.1427571590 0.0124920
5809.2365372579 0.0066370
5809.3689717020 0.0133650
5809.7652447588 0.0287820
5809.9193770102 0.0401740
5810.2618726746 0.0161640
5810.3880334399 0.0175810
5810.7000429454 0.0318930
5810.8515474937 0.0175490
5811.0243967548 0.0233520
5811.1877144649 0.0465630
5811.4056657972 0.0369520
5811.6042559477 0.0463790
5811.8390617910 0.0327130
5812.0079419901 0.0136720
5812.2259863476 0.0384070
5812.4019534436 0.0308600
5812.5843432586 0.0391000
5812.6893453615 0.0020540
5812.7908235213 0.0372150
5813.0496567959 0.0416250
5813.2725004383 0.0633830
5813.4473142259 0.0223350
5813.8372996028 0.0060160
5813.9286970648 0.0310610
5814.2419339007 0.0190040
5814.4393237310 0.0195800
5814.5570432380 0.0255280
5814.6514024928 0.0024130
5814.8643294817 0.0315600
5814.9868882840 0.0145740
5815.0615062552 0.0144170
5815.3842546375 0.0237050
5815.5110515743 0.0248010
5815.6303715098 0.0293970
5815.8146308263 0.0293080
5816.0545750467 0.0424530
5816.5043544293 0.0507000
5816.7445567191 0.0288670
5816.9895052793 0.0289100
5817.0918096610 0.0320220
5817.3178271545 0.0147040
5817.4899752300 0.0478790
5817.7567776397 0.0501660
5818.0773434395 0.0049760
5818.1809381667 0.0378430
5818.3328678310 0.0061160
5818.5596105191 0.0198550
5818.7014554842 0.0273950
5818.8217376780 0.0205010
5818.9276440241 0.0047680
5819.5144890952 0.0337090
5819.7551225017 0.0284390
5819.8650489240 0.0102110
5819.9778341115 0.0276010
5820.1121750685 0.0074160
5820.2175072612 0.0076590
5820.3750344241 0.0395370
5820.5250815851 0.0334690
5820.6887583941 0.0331920
5821.0532759596 0.0249100
5821.3547856607 0.0160850
5821.7299070648 0.0652800
5822.3031564998 0.0296190
5822.7569619651 0.0141020
5822.8852062910 0.0264030
5823.0365868095 0.0328130
5823.2598405657 0.0195250
5823.4006042426 0.0238120
5823.5516906826 0.0274650
5823.6665414237 0.0244750
5823.8077922311 0.0208680
5823.9432354840 0.0181710
5824.8640579539 0.0174240
5824.9614680270 0.0187050
5825.0968372605 0.0296580
5825.3845992841 0.0412590
5825.5814249674 0.0377100
5825.7106545576 0.0072520
5825.7946390373 0.0280100
5825.9901203609 0.0084130
5826.0895679796 0.0147620
5826.1997544728 0.0261420
5826.7029211536 0.0089090
5827.1317359333 0.0478550
5827.4733273664 0.0181520
5827.6832455549 0.0484840
5827.9352650127 0.0196470
5828.0484993220 0.0200260
5828.1295450154 0.0045440
5828.2399395647 0.0440780
5828.5643373963 0.0479620
5828.6916184656 0.0150060
5828.8463528835 0.0242360
5828.9926440414 0.0485330
5829.2124158680 0.0513210
5829.3035682669 0.0133940
5829.4551598436 0.0416760
5829.6392461184 0.0410690
5830.2977003687 0.0162050
5830.4536211045 0.0270410
5830.7380522393 0.0401010
5830.8662855641 0.0237030
5831.0242638509 0.0383380
5831.1493543344 0.0340810
5831.4350398053 0.0648150
5831.6120411843 0.0222300
5831.8645477743 0.0405270
5832.3924750881 0.0307700
5832.6547222857 0.0408590
5832.8497995036 0.0453640
5833.1095360294 0.0424200
5833.2316107062 0.0236320
5833.3780248981 0.0235900
5833.5572258665 0.0422670
5833.6766778413 0.0310960
5833.7941912973 0.0055660
5834.0952798927 0.0249450
5834.8963873339 0.0276390
5835.0786991354 0.0419020
5835.5711419537 0.0322650
5835.8808428555 0.0349980
5835.9893899117 0.0081030
5836.4814686334 0.0437600
5836.6893272739 0.0424310
5836.8249095673 0.0382730
5836.9126990672 0.0119030
5837.1056787251 0.0268660
5837.3865569122 0.0362870
5837.5286179400 0.0493630
5837.6944183226 0.0472980
5837.8425419733 0.0137260
5837.9608266366 0.0354550
5838.3716065973 0.0171460
5838.6348600671 0.0358410
5838.8882719026 0.0628190
5839.1602887185 0.0179810
5839.2469529176 0.0205910
5839.4316753659 0.0031090
5839.6038164463 0.0068800
5839.7573775532 0.0376130
5840.0051688846 0.0087300
5840.1441430867 0.0634360
5840.3528279498 0.0228170
5840.4768661538 0.0121110
5840.7631117795 0.0280320
5841.0600862773 0.0240570
5841.2507013036 0.0173200
5841.3857764623 0.0543000
5841.6218736640 0.0400640
5841.8152064180 0.0203510
5841.9869984058 0.0283110
5842.1277390813 0.0369940
5842.2988498868 0.0131910
5842.3983355186 0.0232980
5842.6613199183 0.0410520
5842.8883006801 0.0171410
5843.6457874568 0.0332190
5844.1525181075 0.0306110
5844.2932897919 0.0171650
5844.4882919937 0.0370950
5844.6128953499 0.0137360
5844.7314860966 0.0148470
5844.8746724275 0.0203120
5844.9599882665 0.0264490
5845.4791412439 0.0545180
5845.6859846160 0.0131850
5846.1365182245 0.0222750
5846.3162533400 0.0246360
5846.6667161597 0.0513150
5846.9002646814 0.0087150
5847.1869864378 0.0249660
5847.4025711507 0.0469240
5847.5434298591 0.0106490
5847.6646022975 0.0191230
5847.8445214628 0.0285750
5848.0761594734 0.0525590
5848.2069824955 0.0453650
5848.3107152653 0.0250330
5848.4192103101 0.0072320
5848.7251602148 0.0237490
5848.9788081180 0.0322470
5849.2214500750 0.0455970
5849.3452502172 0.0159000
5849.4848815976 0.0355120
5849.6588741768 0.0399480
5849.7644984533 0.0050980
5849.8477227332 0.0219860
5849.9439044818 0.0190170
5850.1111752617 0.0307200
5850.2707959936 0.0275400
5850.3685451620 0.0083220
5850.4480394434 0.0169590
5850.6309374069 0.0326200
5851.0249078769 0.0202500
5851.2276581553 0.0416900
5851.5381592799 0.0190560
5851.8714345016 0.0125960
5852.0347092123 0.0527710
5852.4358556043 0.0283910
5852.6486585745 0.0192830
5852.7686446964 0.0134460
5852.8645113612 0.0117810
5852.9805894369 0.0224700
5853.1856473339 0.0426960
5853.3021725294 0.0199560
5853.3821359367 0.0007980
5853.9768261444 0.0546580
5854.3874380719 0.0503810
5854.6696086137 0.0169810
5854.7956263508 0.0313640
5854.9170658623 0.0287740
5855.0705159436 0.0288840
5855.2890334447 0.0603690
5855.4508827747 0.0435400
5855.7179492734 0.0541010
5855.9751121208 0.0335370
5856.1048658584 0.0229620
5856.2569925858 0.0537460
5856.6171300018 0.0205770
5856.7920098208 0.0347250
5856.9186697303 0.0071230
5857.0602556358 0.0693160
5857.6965529866 0.0392060
5857.8862487724 0.0188850
5858.0006063886 0.0364350
5858.2719760406 0.0441450
5858.4802758073 0.0217210
5858.6096084328 0.0316620
5859.3754764746 0.0043930
5859.5588135587 0.0326910
5859.7468138912 0.0342840
5859.8929600184 0.0249490
5860.4132473133 0.0326540
5860.5880871227 0.0558360
5860.8901029808 0.0247490
5861.0776001791 0.0441300
5861.2543905109 0.0264240
5861.4020340393 0.0263600
5861.5823603180 0.0297930
5861.8026292905 0.0429710
5861.9188444047 0.0219760
5862.0021657123 0.0133230
5862.1248185502 0.0239750
5862.2768002403 0.0323710
5862.5212016741 0.0405220
5862.6514085346 0.0220310
5862.7748585860 0.0557690
5863.1575770519 0.0071630
5863.2990609317 0.0393830
5864.0932855720 0.0395980
5864.3272011992 0.0345820
5864.5064621935 0.0173440
5864.6507438227 0.0139640
5864.8753849670 0.0314620
5864.9976477010 0.0194290
5865.1462074758 0.0387480
5865.3240390877 0.0220600
5865.4279068968 0.0136020
5865.5935032330 0.0117620
5865.7036927348 0.0329150
5865.9793995517 0.0265680
5866.1204153068 0.0243070
5866.4665879903 0.0107120
5866.6543522620 0.0061420
5866.7315859404 0.0137690
5866.8849760089 0.0376430
5867.4397735499 0.0652440
5867.6059460409 0.0100850
5867.7382724700 0.0332110
5868.0620751652 0.0570180
5868.2064228129 0.0018570
5868.3061375107 0.0432050
5868.6117073244 0.0497090
5868.9088478814 0.0515540
5869.2078709426 0.0555840
5869.5409401196 0.0303570
5869.8220003718 0.0261740
5870.1054522644 0.0390010
5870.3708213155 0.0127990
5870.6183795980 0.0187840
5870.7424458162 0.0221120
5871.0998715155 0.0542370
5871.2277047423 0.0120680
5871.4691843977 0.0590800
5871.8534392809 0.0253240
5872.0567187085 0.0264080
5872.4740864580 0.0483090
5873.0213809956 0.0253780
5873.4793546181 0.0364420
5873.6194211209 0.0246180
5874.0333659551 0.0393190
5874.8332541268 0.0113400
5874.9783969892 0.0225600
5875.0979479994 0.0265460
5875.2732329325 0.0159620
5875.5569128889 0.0302870
5875.7423145310 0.0182910
5875.8698556807 0.0191780
5876.1674503631 0.0468420
5876.6175498798 0.0265330
5876.7869032252 0.0275320
5877.1960577790 0.0427320
5877.3542611391 0.0365190
5877.5659578224 0.0348040
5877.7299387296 0.0416130
5877.8919561110 0.0164100
5877.9860653095 0.0249100
5878.2767431410 0.0163500
5983.4860874105 0.0302950
5983.6099025853 0.0253120
5983.8232987624 0.0459200
5984.1339760050 0.0070240
5984.3200428597 0.0022720
5984.4281128160 0.0363940
5984.6036928609 0.0263220
5984.7387140385 0.0231310
5984.9331511361 0.0250050
5985.0164684602 0.0027170
5985.2088680120 0.0128080
5985.3358910467 0.0164690
5985.4665810640 0.0171830
5985.5916285694 0.0269680
5985.7141734043 0.0420340
5985.9617617437 0.0437230
5986.2239479946 0.0146020
5986.3222683389 0.0057090
5986.7672855783 0.0413410
5986.9302952558 0.0273280
5987.3253030959 0.0402740
5987.5960866510 0.0378960
5987.7443783851 0.0320660
5987.9115291724 0.0361520
5988.2929923839 0.0435540
5988.5897358953 0.0404410
5988.7028211962 0.0167120
5989.2906847128 0.0198430
5989.5128902523 0.0280280
5989.6577330627 0.0240360
5989.8099928606 0.0240360
5989.9284796090 0.0199220
5990.2535447099 0.0360950
5990.3640173110 0.0195280
5990.5813265390 0.0280010
5990.7666311914 0.0097090
5991.4152209817 0.0300890
5991.6206850361 0.0367760
5991.8279165642 0.0473440
5992.0405545411 0.0325810
5992.1935135268 0.0202530
5992.6948458604 0.0085740
5992.7990017694 0.0117350
5993.1776502298 0.0390290
5993.4112688290 0.0176840
5993.5432351900 0.0327120
5993.7544847954 0.0527550
5993.8721743310 0.0180480
5994.1018228666 0.0338640
5994.3708349501 0.0231930
5994.5322121921 0.0170170
5994.8578734553 0.0204880
5995.1059569311 0.0210630
5995.5850453067 0.0262830
5996.4824497744 0.0390850
5996.7484310467 0.0043500
5996.9017471294 0.0269120
5997.0292202872 0.0103420
5997.3136204953 0.0246180
5997.8765403363 0.0344860
5998.2759473623 0.0230080
5998.5143142358 0.0066530
5998.7361376764 0.0323680
5998.8995764721 0.0159480
5998.9952301038 0.0110910
5999.1304973505 0.0233790
5999.4079066864 0.0134930
5999.5962711614 0.0287840
5999.7104547586 0.0236410
5999.9092840380 0.0214380
6000.2314053555 0.0573750
6000.9070944175 0.0153880
6001.0053747534 0.0324710
6001.1245306833 0.0471360
6001.5718245437 0.0114520
6001.7134945068 0.0551350
6002.0844549126 0.0236340
6002.2627236831 0.0337960
6002.4423758244 0.0430040
6002.6008212830 0.0404560
6002.7834492218 0.0238680
6002.9465889384 0.0225680
6003.6996847463 0.0260620
6003.8387730180 0.0340840
6004.0740240587 0.0068200
6004.1876044952 0.0130060
6004.3101473333 0.0141920
6005.1017884720 0.0120970
6005.2278272471 0.0131650
6005.3382658418 0.0206890
6005.4991069431 0.0156520
6005.6701697837 0.0176720
6005.7892186858 0.0104730
6005.9200677501 0.0252130
6006.4018468552 0.0379850
6006.5601272706 0.0053610
6006.7361524412 0.0243790
6006.9215061117 0.0138950
6007.2680529784 0.0151360
6007.3865777404 0.0205440
6007.7531549750 0.0244390
6007.8536859151 0.0006550
6007.9694259310 0.0263430
6008.1133795075 0.0180570
6008.2146246391 0.0095380
6008.3967884552 0.0265100
6008.5276145139 0.0278120
6008.6998916807 0.0372150
6009.0899392057 0.0323050
6009.3321451122 0.0439690
6009.6117060292 0.0392390
6009.7365564868 0.0067170
6010.6766904261 0.0268270
6010.8658291121 0.0319250
6011.0390045203 0.0028200
6011.1278683343 0.0221460
6011.2464901231 0.0462380
6011.4119684687 0.0197180
6011.5413211332 0.0295760
6011.6736215876 0.0069350
6011.9238896557 0.0147910
6012.2637617365 0.0121640
6012.3570917476 0.0245380
6012.5047963303 0.0100610
6012.6909842261 0.0375260
6012.7946980200 0.0107920
6012.9418114445 0.0480100
6013.1704797246 0.0350010
6013.3028942100 0.0055040
6013.7553094517 0.0231700
6013.9388706440 0.0289620
6014.0419332636 0.0172730
6014.1461371890 0.0122050
6014.7338866996 0.0347720
6014.8405982972 0.0165610
6014.9533105030 0.0116580
6015.0785650699 0.0234780
6015.1942430705 0.0268630
6015.3891102931 0.0218910
6015.7322252449 0.0408830
6015.9750073084 0.0540560
6016.2276980275 0.0298000
6016.6534171170 0.0235110
6016.8848541405 0.0431430
6017.0769786286 0.0345410
6017.3094139198 0.0550330
6017.5146779293 0.0361490
6017.6551725811 0.0260320
6018.0984093663 0.0251210
6018.2105834284 0.0075110
6018.8947947943 0.0369280
6019.3141411778 0.0179380
6019.6402525748 0.0482570
6019.8495756729 0.0316010
6020.4577606656 0.0134860
6020.8214411317 0.0427590
6021.3119976009 0.0189360
6022.0034239038 0.0225310
6022.4420564581 0.0404020
6022.6628776388 0.0134020
6023.0551817774 0.0083130
6023.3183403048 0.0299590
6023.4536765754 0.0319540
6023.5703218368 0.0271620
6023.6930787362 0.0347200
6023.9666600572 0.0301160
6024.1374388268 0.0396600
6024.5549227147 0.0302950
6024.8145643001 0.0317080
6025.3018608988 0.0286580
6025.4465646804 0.0183450
6025.7308598736 0.0278480
6025.8981367051 0.0156160
6026.0103447778 0.0294130
6026.2640427709 0.0273910
6026.4521631888 0.0160010
6026.6314202313 0.0419210
6027.1643280556 0.0239840
6027.3776182195 0.0278820
6027.5675391203 0.0363200
6027.7578571276 0.0521830
6027.9169097554 0.0529460
6028.1202472522 0.0165560
6028.2340037402 0.0200890
6028.3845440868 0.0282280
6028.5231502349 0.0252670
6028.9103019964 0.0190320
6029.0698507575 0.0182180
6029.2600647373 0.0258700
6029.4479710988 0.0306090
6030.4351466760 0.0612090
6030.7450947469 0.0357930
6030.9771839505 0.0472750
6031.2330655309 0.0330360
6031.6541083775 0.0121580
6031.7903879027 0.0423410
6032.6093423973 0.0433760
6032.8962833029 0.0372720
6033.0418743241 0.0368920
6033.6672789450 0.0551390
6033.9852451665 0.0497320
6034.2878042587 0.0498170
6034.6792071632 0.0044220
6034.8700933249 0.0292360
6035.0228222597 0.0112820
6035.2525418298 0.0224330
6035.5599702277 0.0303550
6035.8096851572 0.0204060
6036.0197984726 0.0249880
6036.2085420605 0.0420140
6036.5556090831 0.0301900
6036.6803585191 0.0149760
6036.8306818095 0.0460270
6037.0259471456 0.0435810
6037.2536151666 0.0405230
6037.4910298000 0.0115960
6037.5862443200 0.0154310
6038.0456844624 0.0062890
6038.1350644187 0.0080330
6038.3108965466 0.0060510
6038.4835808308 0.0088030
6038.7104936499 0.0144190
6039.1398517302 0.0191960
6039.3778365171 0.0105980
6039.4758527884 0.0060790
6040.1082562917 0.0049220
6040.6361647876 0.0256750
6041.8208133120 0.0185640
6042.0027040648 0.0350020
6042.8638648856 0.0328500
6043.0442162262 0.0204210
6043.1825333001 0.0214160
6043.2929318908 0.0066530
6043.6218860624 0.0302260
6043.8786158754 0.0147180
6044.1679404251 0.0288690
6044.3406947297 0.0257590
6044.5490495767 0.0387890
6044.7806796624 0.0162800
6044.8746338457 0.0103030
6045.2104268512 0.0339700
6045.7008753107 0.0139150
6045.8037088742 0.0112990
6045.9069325423 0.0039190
6045.9973347737 0.0239370
6046.1287820068 0.0190950
6046.2781540446 0.0293220
6046.5488716080 0.0247220
6046.6730919041 0.0096050
6047.1531035673 0.0330270
6047.6088617298 0.0399160
6047.8281445070 0.0365050
6047.9673668246 0.0343940
6048.0951590785 0.0172500
6048.3417061639 0.0132010
6048.4760451727 0.0133990
6048.6101351147 0.0350340
6048.8132995718 0.0258610
6048.9455930324 0.0220960
6049.7150012688 0.0261580
6049.8171106389 0.0218130
6049.9639099879 0.0214600
6050.1315989364 0.0329820
6050.3556649966 0.0145230
6050.8299721335 0.0121810
6051.0010139809 0.0407480
6051.1350339047 0.0162660
6051.7868886337 0.0284130
6051.9422652824 0.0328290
6052.1236098918 0.0074540
6052.2156455619 0.0239720
6052.4122712675 0.0193560
6052.5522147794 0.0140620
6052.6701243852 0.0138630
6052.7833047233 0.0319970
6052.9453931713 0.0206350
6053.1914231200 0.0307560
6053.4661357573 0.0044900
6054.0232710988 0.0083540
6054.1355822042 0.0496970
6054.3415644184 0.0372240
6054.9710041422 0.0183690
6055.0778487824 0.0171960
6055.1958544144 0.0189320
6055.3111473193 0.0145700
6055.4380773435 0.0290770
6055.7286692383 0.0116890
6055.8580499195 0.0369230
6056.0482298984 0.0289920
6056.9762466598 0.0233980
6057.2686290352 0.0214750
6057.6615983740 0.0281770
6058.4591311602 0.0489620
6058.5644253854 0.0159190
6058.6665017480 0.0056310
6058.9901024927 0.0255800
6059.3319011156 0.0281410
6059.8607298745 0.0171740
6059.9830736702 0.0150690
6060.1163934083 0.0136350
6060.2169873738 0.0197820
6060.3766671780 0.0238600
6061.2556918127 0.0564720
6061.5251410426 0.0044660
6061.6837465592 0.0193010
6062.2251456897 0.0287520
6062.3119759660 0.0105050
6062.4922262850 0.0039400
6063.2810637464 0.0154720
6063.5055239170 0.0249410
6063.6999760434 0.0084600
6063.9416918398 0.0030600
6064.0598715201 0.0385710
6064.1863954373 0.0095780
6064.2956617282 0.0203450
6064.7943874215 0.0320240
6064.9372717245 0.0314720
6065.0796328873 0.0267950
6065.1796446976 0.0223320
6065.9712569062 0.0167240
6066.3120362597 0.0287020
6066.5706645909 0.0215390
6066.8432406612 0.0134070
6067.1628013270 0.0565070
6067.3945404503 0.0149640
6067.7535366880 0.0123740
6067.8367499954 0.0064530
6067.9832442669 0.0107490
6068.2687217964 0.0098590
6068.3487962624 0.0114840
6068.4771356671 0.0318480
6068.8379483924 0.0227900
6068.9757563355 0.0188000
6069.1327784295 0.0322670
6069.2963442778 0.0288690
6069.7328883055 0.0285960
6070.2438792911 0.0152140
6070.5302730673 0.0317000
6070.8361210588 0.0268700
6070.9566303649 0.0171520
6071.1032976835 0.0417030
6071.5251537749 0.0234610
6071.6204453207 0.0072680
6071.8119496594 0.0072250
6071.8980687464 0.0021180
6072.0863252144 0.0210140
6072.2154098197 0.0137580
6072.3354329957 0.0108790
6072.4317068050 0.0094730
6072.5161554442 0.0269120
6072.7431633010 0.0109080
6072.8975666939 0.0293020
6073.2198620959 0.0115800
6073.4936304888 0.0197270
6073.6438037478 0.0044600
6074.1964819123 0.0205340
6074.2967507929 0.0189860
6074.4764119574 0.0081540
6074.5774140346 0.0179270
6074.8112757296 0.0417480
6075.0741582048 0.0168890
6075.3118429249 0.0175090
6075.4266397004 0.0339310
6075.7239173967 0.0369390
6075.9470492156 0.0279510
6076.0914519282 0.0295360
6076.3994224915 0.0375460
6076.6696989496 0.0238540
6076.8609122117 0.0172290
6077.3333768746 0.0336320
6078.0155087477 0.0311930
6078.2844958608 0.0337670
6078.7338183204 0.0220680
6078.9568001001 0.0364030
6079.1059980990 0.0321730
6079.2542068327 0.0100190
6079.4327887093 0.0216890
6079.5591515863 0.0137970
6079.7709223607 0.0183590
6079.8759695232 0.0079460
6079.9607982653 0.0047330
6080.2111063715 0.0226250
6080.9708410526 0.0252800
6081.1977148766 0.0123430
6081.2921722002 0.0091830
6081.4868994058 0.0177250
6081.5851737529 0.0268440
6081.7031173732 0.0205280
6081.8366141632 0.0274740
6081.9572104948 0.0310370
6082.5004041237 0.0261660
6082.6028395865 0.0164010
6082.7822916973 0.0250840
6082.8835398418 0.0185330
6083.1280403921 0.0699260
6083.2978219104 0.0093960
6084.0050425162 0.0143830
6084.3519415200 0.0295450
6084.4986828615 0.0301770
6084.6205385312 0.0279340
6084.8825957892 0.0319910
6085.1367649324 0.0287760
6085.7318874864 0.0682090
6086.3311331463 0.0197990
6086.4124799557 0.0072000
6086.7563491486 0.0174800
6086.9145845723 0.0578870
6087.2495203703 0.0224350
6087.3548926212 0.0222150
6087.4697744217 0.0278210
6087.5597075333 0.0059770
6087.7528853255 0.0490180
6088.0894745673 0.0109010
6088.3434896705 0.0309670
6088.4811905891 0.0332160
6090.2666012735 0.0199570
6090.3790764293 0.0137810
6090.4839615501 0.0214750
6091.0287386108 0.0146540
6091.1586964540 0.0341150
6091.5131044750 0.0138140
6091.6259947423 0.0119950
6091.8808740786 0.0887260
6092.0702008396 0.0201380
6092.2766041791 0.0112720
6092.4576247131 0.0104310
6092.5694276890 0.0086260
6092.6522018819 0.0042680
6092.8521634945 0.0310670
6092.9626351135 0.0200200
6093.1777857985 0.0352750
6093.3724950030 0.0211130
6093.5653757173 0.0477310
6093.7384161121 0.0183850
6093.8997823769 0.0173160
6094.0087906038 0.0236800
6094.1376171443 0.0193050
6094.2266320106 0.0183290
6094.4949639549 0.0324140
6094.7939501181 0.0200990
6095.4805642116 0.0205460
6095.6709292520 0.0338580
6095.9161650044 0.0107300
6096.0832978159 0.0171600
6096.5362602640 0.0219430
6096.7452292928 0.0213330
6096.9075808226 0.0356660
6097.3689275193 0.0019970
6097.9036108796 0.0220100
6098.0218535831 0.0165470
6098.1331134143 0.0284770
6098.3836875990 0.0457320
6098.5326555407 0.0064160
6098.6361152807 0.0128270
6098.9505435863 0.0210530
6099.1292034893 0.0097740
6099.4692036516 0.0129730
6099.7580140888 0.0233870
6100.1592666748 0.0123420
6100.3343436175 0.0272210
6100.7476964482 0.0189840
6100.9597643093 0.0134430
6101.2656563273 0.0110400
6101.3777883929 0.0250030
6102.0063799360 0.0093870
6102.3398863586 0.0191130
6102.4808671597 0.0276940
6102.9648129199 0.0362840
6103.1679003738 0.0100840
6103.2696796639 0.0100340
6103.3995054742 0.0228250
6103.5609447610 0.0083420
6103.6816121157 0.0089000
6103.7759634142 0.0104910
6104.4019722671 0.0786490
6104.9262758500 0.0120290
6105.3768886744 0.0114540
6105.4624596188 0.0049240
6105.5762041176 0.0077150
6105.6829657440 0.0084070
6105.7678485040 0.0032620
6106.0827569419 0.0149410
6106.3012775349 0.0200650
6106.4429025096 0.0205640
6106.5983862003 0.0162100
6106.7294653473 0.0112570
6106.9976022444 0.0145490
6107.1443906038 0.0140790
6107.2436502189 0.0203350
6107.4688626066 0.0156290
6107.8794677052 0.0178560
6108.0586327461 0.0170570
6108.2479635129 0.0075070
6108.5061047305 0.0170330
6108.6263619761 0.0212980
6109.1446119392 0.0220720
6109.2678299789 0.0090650
6109.3485176144 0.0098730
6109.5918288559 0.0066520
6109.8119268731 0.0546510
6110.0672493355 0.0184520
6110.2083331659 0.0120840
6110.2942822124 0.0023840
6110.4039296134 0.0219840
6111.0785755143 0.0120700
6111.3285695484 0.0101650
6111.6435179997 0.0428540
6111.8947303607 0.0060390
6112.0826997636 0.0235880
6112.3701978546 0.0158400
6112.4624685965 0.0224940
6112.8413541928 0.0194980
6113.1222695190 0.0269070
6113.3363949358 0.0644720
6113.6224286347 0.0042520
6113.7339465379 0.0250860
6114.2670634916 0.0129040
6114.6142655931 0.0132350
6114.9337082511 0.0103710
6115.0359896777 0.0218390
6115.2276630748 0.0079430
6115.3671414758 0.0128190
6115.4811370436 0.0260570
6115.7360053864 0.0266770
6115.9737111272 0.0199710
6116.2963736493 0.0153120
6116.6438198173 0.0178590
6116.7872372749 0.0262440
6117.3010750614 0.0102280
6117.3901449457 0.0100740
6117.6654367659 0.0195810
6117.8435355236 0.0060110
6117.9625554392 0.0179600
6118.1307255346 0.0107030
6118.3613113670 0.0219280
6118.5993882083 0.0049370
6118.6958520754 0.0064060
6118.8674720961 0.0087210
6118.9687832632 0.0024470
6119.0519265585 0.0132690
6119.1377885828 0.0091320
6119.2522132664 0.0170690
6119.9142187869 0.0254590
6120.0374878423 0.0245110
6120.1753568128 0.0069250
6120.3061368823 0.0135660
6120.5193460558 0.0290090
6120.7554023561 0.0040020
6121.2133011452 0.0786240
6121.4973573173 0.0303340
6121.7850174559 0.0114610
6121.9151693573 0.0285270
6122.3977047539 0.0097380
6122.7052362216 0.0238590
6122.8788407755 0.0189660
6123.2980391882 0.0057820
6123.9021681926 0.0832170
6124.7594640876 0.0040150
6124.8454371425 0.0092820
6124.9357223537 0.0027810
6125.0346098718 0.0176870
6125.1370703480 0.0075120
6125.6080356443 0.0079280
6125.8704020018 0.0285460
6126.3562812980 0.0299100
6126.4759954012 0.0145990
6126.9457383706 0.0381430
6127.1121339925 0.0053380
6127.2182764564 0.0207340
6127.6300448794 0.0178770
6127.7786447292 0.0165780
6127.9077673558 0.0887540
6128.2389771759 0.0211300
6128.5943734823 0.0230120
6128.9992550593 0.0051390
6129.1355476089 0.0345690
6129.2910383069 0.0056720
6129.4009947941 0.0218630
6129.9947830310 0.0212610
6130.1889831100 0.0253350
6130.4872530977 0.0152990
6130.6781032785 0.0413510
6131.1130149101 0.0220750
6131.3068808998 0.0134580
6131.4468224285 0.0172920
6131.6713986540 0.0249400
6131.7774170854 0.0071330
6131.9381871998 0.0122660
6132.0529149669 0.0137930
6132.2218052591 0.0176260
6132.7909138801 0.0208800
6133.1539972504 0.0206460
6133.3416315696 0.0238760
6133.4477060163 0.0170430
6133.5596500371 0.0061060
6133.8200248637 0.0269400
6134.1655775333 0.0059900
6134.2731593844 0.0098780
6134.6636541067 0.0155040
6134.7730834533 0.0163660
6135.1085464175 0.0265340
6135.2631448777 0.0095820
6135.3727652757 0.0091350
6135.5299134197 0.0180310
6136.2613655810 0.0310760
6136.3974940882 0.0113060
6136.5054630434 0.0127530
6136.6313167951 0.0208670
6136.7642384423 0.0088770
6137.0552364828 0.0743700
6137.3347184350 0.0353560
6137.6300096271 0.0148330
6138.0974059752 0.0194270
6138.3102340524 0.0967900
6138.5068867916 0.0123340
6138.6787838918 0.0549130
6138.8201047919 0.0113070
6138.9288539568 0.0077100
6139.0972731244 0.0101660
6139.1967227954 0.0053950
6139.3869718175 0.0808160
6139.7681690494 0.0321890
6140.0791544516 0.0283860
6140.2421111545 0.0128350
6140.4924262859 0.0358430
6140.6599762207 0.0131980
6141.2077141177 0.0139620
6141.3409098393 0.0123730
6141.4613911510 0.0164500
6141.7796785123 0.0226270
6142.3358126620 0.0059050
6142.6075435377 0.0466200
6142.7676974896 0.0165850
6143.1411066347 0.0195720
6143.4080892373 0.0986330
6143.8421426471 0.0171890
6144.0279794873 0.0140670
6144.2779085166 0.0020290
6144.8710545947 0.0422670
6145.0788813327 0.0141720
6145.6305472868 0.0080790
6145.7337559669 0.0154900
6146.0790205655 0.0200810
6146.2136396698 0.0148770
6146.5910568919 0.0086250
6146.6754615290 0.0034050
6146.8579944838 0.0182010
6146.9418839827 0.0048490
6147.2357718028 0.0204210
6147.6123488001 0.0121550
6147.7822843766 0.0208240
6147.9109558861 0.0236500
6148.1069114412 0.0030160
6148.4015234560 0.0317830
6148.5109317993 0.0069220
6148.6048099774 0.0086780
6149.4846039388 0.0264150
6149.6953424592 0.0265210
6150.4819704346 0.0410020
6150.7932819293 0.0095750
6150.9643278044 0.0067030
6151.0741902699 0.0079570
6151.4108275574 0.0283620
6151.6195225303 0.0370520
6151.8550917111 0.0766270
6152.3046182765 0.0484990
6152.5668926200 0.0370450
6152.8562282216 0.0528300
6153.1637396982 0.0394930
6153.3061168848 0.0335300
6153.4864952636 0.0317160
6153.6540161940 0.0022900
6153.8277227834 0.0510910
6154.0003980963 0.0010130
6154.1678760153 0.0539720
6154.3407853911 0.0070240
6154.5403819246 0.0365090
6154.9372293628 0.0463610
6155.1459633473 0.0222330
6155.2365646475 0.0026330
6155.4100301727 0.0285560
6155.6114621989 0.0089130
6155.9204400701 0.0591220
6156.2391775591 0.0349930
6156.4909520880 0.0131800
6156.7529283532 0.0365170
6157.1577169226 0.0192310
6157.4143097442 0.0152030
6157.6973536604 0.0637190
6158.2774342463 0.0125210
6158.4045273345 0.0106560
6158.6033346576 0.0261020
6159.6063566840 0.0206240
6159.8597886588 0.0266630
6160.3997064741 0.0071430
6160.6359808472 0.0222200
6160.8202322668 0.0280150
6161.2165545679 0.0258780
6161.4495140521 0.0074210
6161.9842534798 0.0287210
6162.2909467412 0.0278620
6162.4383922892 0.0434450
6162.5885455634 0.0232940
6162.7171810662 0.0095050
6162.9796924774 0.0512810
6163.2121808359 0.0181210
6163.3397020399 0.0103300
6163.5365398362 0.0044420
6163.8737372802 0.0531730
6164.3157368349 0.0204500
6164.4954190299 0.0104960
6164.6187060985 0.0111820
6164.7556318253 0.0053860
6165.0349837543 0.0309840
6165.1981975323 0.0330380
6165.4662854403 0.0473390
6165.8570242465 0.0241700
6165.9849085484 0.0269990
6166.1179302283 0.0179450
6166.2311996102 0.0056770
6166.3294569654 0.0178700
6166.4290446775 0.0121330
6166.6309908449 0.0255140
6166.8327309572 0.0426400
6167.0994995119 0.0441940
6167.3361779957 0.0498650
6167.7866658294 0.0063820
6167.8632973842 0.0295520
6167.9999830473 0.0117040
6168.1527790317 0.0541330
6168.4470319591 0.0516110
6168.7134334159 0.0202040
6168.8203961066 0.0330260
6169.0076823425 0.0487150
6169.4430011085 0.0467330
6169.6126486133 0.0580390
6169.8708028585 0.0402650
6170.0669824802 0.0350230
6170.2333491052 0.0416880
6170.4784188409 0.0139980
6170.7391157685 0.0391670
6171.0515025611 0.0130620
6171.2600464997 0.0472040
6171.5124532038 0.0133510
6171.6043168448 0.0328320
6171.8953689151 0.0177210
6172.3134860690 0.0365750
6172.4338963673 0.0300670
6172.7555786541 0.0348320
6172.9053718341 0.0384990
6173.0326329702 0.0426840
6173.2920245486 0.0434270
6173.6259441184 0.0409250
6173.7770136409 0.0421450
6174.0833468112 0.0250970
6174.2121873712 0.0445080
6174.3914074449 0.0466760
6174.5578831002 0.0522040
6174.8171506459 0.0237830
6175.1492917393 0.0431620
6175.3774869504 0.0364510
6175.6625494157 0.0174790
6176.1702415997 0.0133050
6176.2910350015 0.0135090
6176.4713083583 0.0104980
6176.6624716363 0.0067060
6176.8012708682 0.0393170
6177.0367960461 0.0415880
6177.1369469108 0.0063720
6177.6296820837 0.0538550
6177.7457772255 0.0132070
6177.8828449931 0.0413920
6178.0345896977 0.0354250
6178.2182139539 0.0333880
6178.4896567670 0.0757280
6178.6482082977 0.0331080
6179.2305225009 0.0275400
6179.3878587058 0.0579070
6179.5191609271 0.0279430
6179.6752978103 0.0496080
6180.0119021034 0.0325810
6180.2818985292 0.0658630
6180.4576476735 0.0285890
6180.5890699273 0.0658530
6180.7635127212 0.0276900
6180.9149963565 0.0515380
6181.0345564283 0.0155900
6181.2079829498 0.0647240
6181.3659003110 0.0111780
6181.5264853878 0.0566410
6181.6762855716 0.0517880
6181.8860488406 0.0594340
6182.0169309497 0.0153180
6182.1662149952 0.0454240
6182.2850928843 0.0124090
6182.4848914804 0.0404770
6182.8232422434 0.0587900
6183.0046959186 0.0255070
6183.1363882453 0.0644790
6183.4672169908 0.0380100
6183.7550131929 0.0431990
6183.9107579719 0.0490850
6184.1143355822 0.0580400
6184.2909909706 0.0277480
6184.4977834435 0.0715860
6184.7574350961 0.0370200
6184.9264094242 0.0313010
6185.1278514620 0.0448680
6185.3063173363 0.0053250
6185.5080404496 0.0270980
6185.6628249714 0.0238930
6185.7900380971 0.0156190
6185.9956712594 0.0069100
6186.9862549903 0.0209390
6187.1928514113 0.0183620
6187.4636880655 0.0408940
6187.6321052448 0.0493720
6187.8689137707 0.0544270
6188.2401893688 0.0075070
6188.3487054793 0.0115500
6188.6966488185 0.0333830
6188.9132159149 0.0211800
6189.0852650689 0.0181330
6189.3124590161 0.0377640
6189.4796898777 0.0234630
6189.8130463044 0.0222290
6190.0333654076 0.0433800
6190.3020074742 0.0426050
6190.5177343456 0.0346890
6190.6828906509 0.0054020
6190.9773606464 0.0660030
6191.1784455902 0.0372860
6191.7114925876 0.0104420
6192.1123651276 0.0232890
6192.4574597046 0.0353010
6192.5560681579 0.0122540
6192.7216345737 0.0240780
6192.9783484414 0.0122890
6193.0885370013 0.0196800
6193.2660056102 0.0385770
6193.4595685368 0.0163170
6193.9122739829 0.0318920
6194.4556737598 0.0351260
6194.6382287336 0.0307810
6194.8442359990 0.0126240
6195.2806420735 0.0293340
6195.3965371646 0.0181290
6195.5674800235 0.0194100
6195.6959975009 0.0169840
6195.8601825470 0.0309530
6196.0275754536 0.0103120
6196.1406998016 0.0256080
6196.3199478887 0.0387450
6196.5017206531 0.0404870
6197.2547856796 0.0096430
6197.3642010327 0.0329670
6197.5381036861 0.0352190
6198.0779245058 0.0123790
6198.5950942492 0.0179110
6198.7985148218 0.0249090
6198.9543586309 0.0169910
6199.0631658212 0.0291460
6199.3326121070 0.0125340
6199.4415273264 0.0287790
6199.8422768380 0.0403540
6200.0825963101 0.0621480
6200.3559266384 0.0459470
6200.7471786025 0.0180470
6200.8941180232 0.0544550
6201.3314173412 0.0530260
6201.6484333899 0.0155710
6202.0371886850 0.0508850
6202.2053057875 0.0160190
6202.6956843464 0.0404410
6203.4189833941 0.0357110
6203.6951944966 0.0373840
6204.0196955545 0.0196760
6204.3073807355 0.0090110
6204.4247902345 0.0411560
6204.5969574242 0.0320250
6204.7609874307 0.0515610
6204.9066525103 0.0364140
6205.3530202638 0.0509830
6205.5216204967 0.0309390
6205.6492837469 0.0569640
6206.1587974420 0.0559570
6206.3031151604 0.0249990
6206.4734408565 0.0606870
6206.7455078484 0.0606690
6206.9288490364 0.0134030
6207.0390556034 0.0060960
6207.1416781358 0.0230060
6207.2597388099 0.0368060
6207.4196237051 0.0326260
6207.6228952404 0.0072470
6208.6237517590 0.0423160
6208.7616417534 0.0145760
6208.9622105640 0.0606470
6209.1343407448 0.0340460
6209.5693284479 0.0598810
6209.8392228582 0.0551110
6210.1479856966 0.0498230
6210.3897495599 0.0528680
6210.5786742470 0.0438390
6210.7285324528 0.0495570
6210.9074624584 0.0251420
6211.0108832055 0.0265150
6211.1141399085 0.0265120
6211.3196530463 0.0222940
6211.6376813713 0.0261310
6212.0646099138 0.0326230
6213.2373105440 0.0134180
6213.3738641809 0.0389920
6213.5883557282 0.0334010
6213.9805929643 0.0502040
6214.2852687081 0.0436190
6214.5607086081 0.0486440
6215.5828308424 0.0384690
6215.8925689451 0.0453840
6216.3992538890 0.0263490
6216.8284090318 0.0083530
6217.2983341136 0.0055580
6217.4248860678 0.0082560
6217.7099835602 0.0046390
6218.0619449925 0.0263080
6218.5342227063 0.0578780
6219.1792977829 0.0417400
6219.5204083046 0.0210580
6220.1287425243 0.0218680
6220.4468738810 0.0199640
6220.6055394521 0.0162680
6220.7607981091 0.0294150
6221.3497741359 0.0083400
6221.4568258588 0.0050150
6221.6814901381 0.0287870
6221.8192180917 0.0081940
6221.9335757749 0.0126080
6222.0685059779 0.0192460
6222.1953280054 0.0385480
6222.3458023791 0.0082270
6222.4790371273 0.0128410
6222.6311469398 0.0227710
6222.7361481127 0.0354430
6222.8859293005 0.0343600
6223.2717628238 0.0360180
6223.7329545667 0.0109710
6224.1272723669 0.0060610
6224.3920614130 0.0102080
6224.6631951617 0.0145060
6224.7834194194 0.0268470
6224.9626285036 0.0369420
6225.3160913425 0.0021460
6225.5347580138 0.0129660
6225.7644326389 0.0250440
6226.0494281073 0.0266330
6226.2248431739 0.0207150
6226.3424947416 0.0018700
6226.5251177422 0.0058300
6226.6072807878 0.0084360
6226.8601616398 0.0190840
6226.9978075724 0.0267850
6227.1811177576 0.0199150
6227.2944051545 0.0072320
6227.4277109226 0.0054220
6227.5407002396 0.0144860
6227.9162099954 0.0285650
6228.0290032598 0.0133520
6228.3909863865 0.0030660
6228.8610585156 0.0301060
6229.0108927190 0.0066210
6229.1841201993 0.0239430
6229.8441052865 0.0300400
6230.0070029953 0.0157270
6230.1211856329 0.0089090
6230.3065633736 0.0345020
6230.6699148686 0.0432530
6230.9085488993 0.0389400
6231.1777021191 0.0368620
6231.4678489721 0.0357700
6231.7154384060 0.0329810
6232.2157176428 0.0072830
6232.3269214814 0.0078080
6232.5032808029 0.0269470
6232.9194964838 0.0229530
6233.0760634947 0.0174680
6233.2118429277 0.0113810
6233.5161655853 0.0256480
6234.1992758817 0.0301760
6234.3731345327 0.0140880
6234.5309568807 0.0286750
6234.7450903386 0.0219920
6234.9157391284 0.0355220
6235.2286190829 0.0514080
6235.6943010387 0.0061660
6236.1494331639 0.0263460
6236.3662223349 0.0418800
6236.5523472778 0.0186690
6236.6786351647 0.0383560
6237.0315438609 0.0594850
6237.3011111942 0.0245220
6237.4403635600 0.0313290
6237.5740574343 0.0162940
6237.6840889592 0.0126140
6237.8212257574 0.0310140
6238.0660014386 0.0176830
6238.3755404980 0.0322710
6238.5074518942 0.0165910
6238.6460640885 0.0216610
6238.8249440879 0.0210560
6238.9969012298 0.0301180
6239.3146114823 0.0234550
6239.4677895852 0.0156500
6239.5995909521 0.0240600
6239.7834102772 0.0171870
6240.2017875425 0.0338490
6240.3076569510 0.0258580
6240.5912070377 0.0117610
6241.1831208697 0.0131000
6241.4815369458 0.0356470
6241.6595027007 0.0307850
6241.8490785711 0.0213380
6241.9754454801 0.0166180
6242.0938352486 0.0335120
6242.4497647582 0.0201490
6242.5848099961 0.0319910
6243.0255852733 0.0313990
6243.1908996337 0.0266830
6243.7932022558 0.0193900
6243.9825310604 0.0329160
6244.5146048378 0.0296740
6244.8321190401 0.0401730
6245.3614630857 0.0061630
6245.5024189102 0.0173240
6245.9197278923 0.0088100
6246.2619517260 0.0112650
6246.3900150911 0.0260100
6246.7989358228 0.0199850
6246.9554358188 0.0216100
6247.2271857416 0.0191780
6247.3741681837 0.0118480
6247.5655205323 0.0307710
6247.6894347843 0.0059500
6247.8210981156 0.0478490
6248.3061462768 0.0115310
6248.4627102903 0.0350940
6248.6595571136 0.0285940
6248.8506193848 0.0412050
6249.0843531068 0.0598270
6249.4278902945 0.0497700
6250.1861747796 0.0429820
6250.4164735803 0.0143580
6250.6944331708 0.0175460
6251.1454822102 0.0215550
6251.3109406112 0.0258050
6251.4331604091 0.0356900
6251.6268563877 0.0305620
6251.8147918206 0.0316260
6251.9104374873 0.0044510
6252.0545081490 0.0375060
6252.2588129748 0.0243640
6252.4918895216 0.0370530
6252.7098049999 0.0119440
6252.9212027293 0.0468830
6253.1900618787 0.0302240
6253.5301091319 0.0484370
6253.6733075598 0.0058270
6254.2762583649 0.0454680
6254.4046678243 0.0315310
6254.6536526409 0.0453960
6254.8652494242 0.0162370
6255.4851747855 0.0252490
6255.8392688094 0.0298620
6255.9857371153 0.0215880
6256.1099064372 0.0264390
6256.4690858261 0.0479340
6256.6840115033 0.0504890
6256.9172130851 0.0545260
6257.0693028999 0.0260150
6257.2195912313 0.0150920
6257.3820298233 0.0562900
6257.8955346277 0.0335910
6258.3273215025 0.0428160
6258.6288834302 0.0561430
6258.9778930912 0.0284740
6259.1891727908 0.0339600
6259.8123320238 0.0540150
6259.9776533900 0.0459390
6260.4444496614 0.0463820
6260.7004643668 0.0277020
6261.0162201046 0.0290700
6261.1548873181 0.0251720
6261.3856472461 0.0205250
6261.5063196305 0.0338360
6261.7474563434 0.0319320
6261.9397059368 0.0481730
6262.1937651179 0.0614490
6262.8311681761 0.0402330
6263.5439544655 0.0620470
6263.8238225734 0.0359490
6264.0510495542 0.0659750
6264.2820075364 0.0334280
6264.4036971942 0.0346330
6264.6836893358 0.0596760
6264.7938358960 0.0023000
6264.9442332582 0.0513860
6265.1222250261 0.0134690
6265.4342727708 0.0558070
6265.9304619340 0.0426780
6266.8874297584 0.0535940
6267.0596179692 0.0176830
6267.2494679200 0.0303180
6267.4079954647 0.0186350
6267.5335211526 0.0189900
6267.7316813338 0.0492360
6267.8960304410 0.0277440
6268.0304095051 0.0413890
6268.6001274035 0.0071900
6269.0190438308 0.0329280
6269.1618231495 0.0431860
6269.3787513681 0.0342170
6269.5704738220 0.0227660
6269.7416897726 0.0429850
6269.8792286850 0.0302920
6270.0313895216 0.0161860
6270.1166674083 0.0072390
6270.3676527674 0.0254250
6270.5785483673 0.0257960
6270.8653563406 0.0469830
6271.0667543917 0.0272280
6271.2110661221 0.0220650
6271.3556049134 0.0207210
6271.5071905960 0.0292840
6271.6411305428 0.0167300
6271.9435797143 0.0169260
6272.4406081074 0.0455690
6272.6180177209 0.0289710
6272.7764902521 0.0540500
6273.0046054742 0.0155500
6332.4959633931 0.0510830
6332.7660278961 0.0140950
6332.8944693783 0.0396120
6333.1070294435 0.0555340
6333.7887344587 0.0790320
6334.0439739822 0.0454830
6334.1910974801 0.0381480
6334.4026162661 0.0281090
6334.5450184966 0.0410480
6334.7300051597 0.0057150
6334.8883526711 0.0189130
6335.4867253157 0.0462840
6335.8164788446 0.0579900
6335.9789044510 0.0232810
6336.1008581920 0.0256740
6336.4615130172 0.0399330
6337.0866118384 0.0557060
6337.2987427896 0.0556030
6337.5872262394 0.0281740
6337.8641405834 0.0826130
6338.1819859163 0.0434410
6338.3265677327 0.0297450
6338.4497678086 0.0263640
6338.5630972346 0.0613210
6338.8776446824 0.0288770
6339.0204640258 0.0295590
6339.1580929757 0.0465900
6339.3051814652 0.0118140
6339.5378699362 0.0224500
6339.7721558362 0.0395590
6339.9106610215 0.0325760
6340.0072319485 0.0504560
6340.3336525846 0.0386870
6340.5216320526 0.0358040
6340.8563279107 0.0795560
6341.6411606206 0.0102740
6341.7380566351 0.0287030
6341.9427896015 0.0592060
6342.1652153180 0.0430940
6342.3470821454 0.0310420
6342.5219050817 0.0310050
6342.7246005013 0.0469750
6343.1848280631 0.0360340
6343.4866701018 0.0712850
6343.6814293909 0.0392540
6343.7966983384 0.0500040
6344.4938575128 0.0283030
6344.6096586033 0.0129110
6344.6892019593 0.0147930
6344.9732452199 0.0192610
6345.1857202658 0.0416860
6345.5384789755 0.0466930
6345.7467678977 0.0412610
6345.9181689161 0.0714770
6346.2706545529 0.0431730
6346.4291210987 0.0383090
6346.5770728215 0.0087970
6346.8082888995 0.0552140
6347.0746114032 0.0475180
6347.3990325056 0.0607100
6347.6724899252 0.0228060
6347.8785092386 0.0585790
6348.0687873257 0.0109900
6348.2724159974 0.0679610
6348.4049655852 0.0409670
6348.5904203775 0.0490230
6348.7099224623 0.0182810
6349.0390448277 0.0411920
6349.2586427872 0.0306010
6349.4182106294 0.0352780
6349.6391299437 0.0455530
6349.8166225986 0.0334040
6350.5334020465 0.0315030
6351.1597702205 0.0484810
6351.3773666432 0.0447970
6351.7211889566 0.0439000
6352.1615761971 0.0219470
6352.5898401829 0.0263860
6353.0667362263 0.0696370
6353.3649953070 0.0440240
6353.5771612724 0.0604330
6353.8351985540 0.0483590
6354.0243123301 0.0550050
6354.2920962287 0.0176930
6354.9613979334 0.0364780
6355.1218150048 0.0415760
6355.3236291912 0.0183410
6355.8591509773 0.0232060
6356.6274082528 0.0125480
6356.7859738275 0.0223120
6356.9012517795 0.0523280
6357.1527283007 0.0361970
6357.3718581369 0.0431030
6357.7587690224 0.0228310
6357.8939683234 0.0492600
6358.0702006418 0.0253170
6358.7384860771 0.0639120
6359.2852868941 0.0338310
6359.4358603234 0.0359110
6359.6112274099 0.0364820
6359.8061357433 0.0206740
6359.9444438794 0.0088110
6360.0389802627 0.0148610
6360.7398124387 0.0323230
6360.8855945818 0.0125280
6361.0564464563 0.0612050
6361.2392155306 0.0295880
6361.3878704452 0.0546460
6361.6393269626 0.0502620
6361.7653327958 0.0465090
6362.1980899936 0.0498980
6362.2836559686 0.0192250
6362.4421425233 0.0434120
6362.6858169514 0.0377500
6362.8701984591 0.0413000
6363.0912498130 0.0385850
6363.2143258598 0.0236960
6363.9444589063 0.0619170
6364.0892687890 0.0480850
6364.3837558614 0.0318710
6365.1009604377 0.0428050
6365.3767514904 0.0034690
6365.9024246392 0.0275150
6366.0869051743 0.0639080
6366.3955520496 0.0442300
6366.6977341891 0.0341190
6367.2925469038 0.0634050
6367.5612500541 0.0617540
6367.9609743855 0.0175330
6368.1190378278 0.0485910
6368.2880182014 0.0331710
6368.4252330455 0.0155200
6368.5724205675 0.0113430
6368.7094593645 0.0435100
6369.0374734412 0.0907390
6369.2733867876 0.0648380
6369.3981822972 0.0280900
6369.5303927978 0.0446370
6369.6973876386 0.0143850
6370.1889186228 0.0503210
6370.3659071472 0.0580400
6370.5740080259 0.0429580
6370.8229418690 0.0407560
6370.9637046663 0.0432480
6371.1225683241 0.0546410
6371.5167971818 0.0317820
6371.6749826575 0.0831750
6371.8838227351 0.0451440
6372.0724953973 0.0524730
6372.3513892858 0.0753530
6373.1333042458 0.0590590
6373.3592939288 0.0130580
6373.5054091639 0.0345540
6373.9309474301 0.1023260
6374.4501648515 0.0859880
6374.7813207744 0.0710120
6375.2433128301 0.0996110
6375.6125579813 0.0648470
6375.8234866207 0.0508580
6376.0346813317 0.0852380
6376.4838769520 0.0806150
6376.6368770364 0.0297060
6376.8568451035 0.0741400
6377.0488526625 0.0471160
6377.1813162324 0.0175440
6377.3529483202 0.0975580
6377.7788556877 0.0327640
6377.9924470428 0.0825580
6378.1560189664 0.0661130
6378.6058337542 0.0677260
6378.9797851708 0.0867730
6379.2169648604 0.0343980
6379.3890870802 0.0245690
6379.5726313673 0.0354240
6379.7521915845 0.0819850
6380.2610182197 0.0360840
6380.5789615973 0.0067550
6381.1386798991 0.0743980
6381.4748851809 0.0951920
6381.7649180641 0.0785300
6382.0032100533 0.0487930
6382.1760734728 0.0410410
6382.4725970992 0.0696660
6382.7931911895 0.0869540
6382.9569481638 0.0504720
6383.1842812105 0.0891070
6383.3484232883 0.0425250
6383.5085512882 0.0629200
6383.9604136291 0.0383530
6384.1120903597 0.0345300
6384.6665082409 0.0544090
6385.0299518388 0.0558970
6385.1746136858 0.0372030
6385.5539625551 0.0783750
6385.6644782327 0.0563800
6385.8386159953 0.0787960
6385.9993971712 0.0342830
6386.3203843685 0.0394770
6386.4812625705 0.0348270
6386.6540079594 0.0722260
6386.9169575717 0.0665850
6387.1529439433 0.0508710
6387.6071289101 0.0560260
6387.7494701345 0.0583810
6388.1375033372 0.0363730
6388.3328047837 0.0254590
6388.4810816021 0.0700930
6388.9031299397 0.0992510
6389.3848493017 0.0287330
6389.7885837218 0.0727770
6390.5505553444 0.0894430
6390.7784875543 0.0743470
6390.9523332397 0.0533950
6391.2923965620 0.0593070
6391.5073202787 0.0057390
6391.7351294559 0.0499480
6391.9354032386 0.0189760
6392.0577120841 0.0333090
6392.1783044688 0.0285310
6392.3173788167 0.0324230
6392.8184353739 0.0478950
6393.0311354939 0.0366660
6393.2355123789 0.0604470
6393.4777054193 0.0430460
6394.1274649113 0.0852770
6394.3551560575 0.0530680
6394.5238853697 0.0703750
6394.7172873077 0.0635770
6395.1123464008 0.0595640
6395.3599909059 0.1044910
6396.0036677660 0.0382340
6396.0935348999 0.0102950
6396.2559395140 0.0685750
6396.8304878102 0.0817910
6397.3815057877 0.0258210
6397.5713947830 0.0570220
6397.7525504330 0.0839100
6398.1368026255 0.0403590
6398.3794988026 0.0741650
6398.5843318115 0.0771540
6398.8433713779 0.0614860
6399.0638135789 0.0702440
6399.5396663719 0.0202460
6399.6746116123 0.0300840
6399.7720357762 0.0091890
6399.9009213893 0.0392460
6400.0374290493 0.0564180
6400.2093672245 0.1010530
6400.9431072759 0.0579340
6401.2118184405 0.0724290
6401.3772328640 0.0247680
6401.5010381130 0.0616220
6401.7594044996 0.0640070
6402.0787472620 0.0748770
6402.1888938430 0.0357530
6402.3366395215 0.0763040
6402.6530494966 0.0846800
6402.8158662227 0.0306570
6403.0804832885 0.0855870
6403.2399081038 0.0498050
6403.5294558651 0.1054940
6403.9376174817 0.0590940
6404.4579662278 0.0659250
6404.6493636300 0.0271560
6404.7896423037 0.0398440
6405.1359723152 0.0950210
6405.5135657231 0.0467760
6405.6496492703 0.0183230
6405.8489097846 0.0842510
6406.0935324816 0.0944110
6406.2412221459 0.0414790
6406.4015522050 0.0665110
6406.7022219545 0.0970120
6407.1064085052 0.0452070
6407.3704004046 0.0624370
6407.5768268438 0.0553160
6407.7838664478 0.0726320
6408.0077835846 0.0503670
6408.4840354905 0.0548300
6408.6177243951 0.0254610
6408.8504088868 0.0995550
6408.9932462484 0.0128480
6409.2154379222 0.0397300
6409.4501509589 0.0458140
6409.6540817285 0.0674890
6409.7998338731 0.0408750
6409.9474945303 0.0385980
6410.0660843799 0.0389210
6410.3025348835 0.0262350
6410.4298430748 0.0430820
6410.5716131500 0.0343450
6410.7362903776 0.0121670
6411.2254417496 0.0449470
6411.9082071213 0.0339980
6412.1260046158 0.0457720
6412.3111633444 0.0774960
6412.4750653641 0.0087260
6412.5905773876 0.0630230
6412.7883355002 0.0368480
6413.4007939907 0.1017110
6413.9467966333 0.0384510
6414.1064275062 0.0595390
6414.8674929101 0.0564710
6414.9915562306 0.0271220
6415.1156315543 0.0415530
6415.2329210556 0.0551100
6415.4719192450 0.0372160
6415.7053389363 0.0450590
6415.9071261318 0.0533810
6416.1362356656 0.0159750
6416.2373658269 0.0542470
6416.5159556502 0.0830110
6416.6277106652 0.0160610
6416.9550295762 0.0711570
6417.1622222238 0.0703650
6417.5566491589 0.0450560
6418.2395865826 0.0339780
6418.4153587916 0.0415530
6418.5082377372 0.0376260
6419.5044603045 0.0214020
6419.8091251323 0.0465930
6419.9316670450 0.0292840
6420.0356139633 0.0229150
6420.1643295342 0.0592680
6420.3905282875 0.0611160
6420.6536089467 0.0362710
6420.8380214770 0.0784090
6421.5523383317 0.0779300
6421.8943031785 0.1067040
6422.0885113400 0.0200280
6422.3441409986 0.0164890
6422.7602857695 0.0245460
6422.9188593603 0.0310310
6423.2600209920 0.0268290
6423.4532788987 0.0622080
6423.6068501460 0.0586000
6423.7590770324 0.0214190
6423.8874165028 0.0530390
6424.0766433270 0.0406890
6424.5712771801 0.0441300
6424.8371045786 0.0172030
6424.9956141526 0.0329940
6425.3950904480 0.0735990
6425.6173151354 0.0666840
6425.7913998929 0.0656760
6425.9457963624 0.0312320
6426.1285984615 0.0272160
6426.5647796160 0.0458950
6426.7259819137 0.0318350
6427.0993161884 0.0952490
6427.3018976003 0.0407540
6427.4211096198 0.0581300
6427.7185034977 0.0586190
6427.8812602131 0.0320220
6428.1900601549 0.0701720
6428.4014489326 0.0160110
6428.4881682250 0.0206400
6428.6423016243 0.0518040
6428.8755612766 0.0614330
6429.0844273770 0.0795800
6429.3511420153 0.0554590
6429.5035799595 0.0713900
6429.7939869616 0.0410750
6429.9500508798 0.0491810
6430.1371671385 0.0528440
6430.3676350415 0.0812880
6430.5279320968 0.0170130
6430.6286861590 0.0250260
6430.8239466054 0.0615470
6430.9566362455 0.0457420
6431.2853675420 0.1056090
6432.1163037303 0.0535550
6432.2190383247 0.0359090
6432.6148346354 0.1065930
6432.9156404319 0.0807760
6433.1721483300 0.1045240
6433.3906410172 0.0382870
6433.5569436863 0.0333360
6433.7607584312 0.0316010
6434.0233629671 0.0298680
6434.1991251772 0.0379510
6434.3585750057 0.0317410
6434.7713768852 0.0046880
6434.8682889160 0.0302340
6434.9906377793 0.0364930
6435.1903644265 0.1022790
6435.5712097228 0.0586300
6435.7659410284 0.0623110
6435.8801447039 0.0077900
6435.9716572846 0.0307070
6436.1033946698 0.0341100
6436.2179234327 0.0513250
6436.3283310887 0.0156060
6436.4833457264 0.0703100
6436.7492231424 0.0765380
6437.0632905026 0.0476080
6437.1770320542 0.0324540
6437.3579486494 0.0081260
6437.4771016547 0.0736730
6437.9277727078 0.0713680
6438.1774597754 0.0391400
6438.4244811272 0.0696650
6438.6125166349 0.0792210
6439.2129019032 0.0029580
6439.4655337623 0.0926240
6440.0107152029 0.0269890
6440.1308614754 0.0348710
6440.3225359610 0.0416430
6440.5287203442 0.0377620
6440.8375052870 0.1131790
6441.3333564780 0.0251830
6441.4935915189 0.0109520
6441.5922460186 0.0458860
6441.7187329945 0.0207940
6441.8170864134 0.0289330
6441.9373917288 0.0301300
6442.0763550560 0.0497430
6442.2387386742 0.0280080
6442.3613536101 0.0381020
6442.4924218167 0.0495550
6442.7115826861 0.0966260
6442.9101120137 0.0456780
6443.1706820062 0.0605500
6443.3546774299 0.0650790
6443.5600776033 0.0333160
6443.8331239474 0.0823690
6444.0782717977 0.0768090
6444.3436770895 0.0814670
6444.4995849687 0.0287030
6444.6268131441 0.0344080
6444.8821897423 0.0489900
6444.9772022641 0.0561290
6445.2599692199 0.0465170
6445.4843424902 0.0254970
6445.6585212775 0.0783500
6446.0176837547 0.0391560
6446.1793011679 0.0697890
6446.3461439848 0.0174950
6446.4722048470 0.0395620
6446.9312021420 0.0269550
6447.1057580309 0.0760020
6447.3975033992 0.1020130
6447.5832622976 0.0413070
6447.6947692506 0.0700430
6447.9445543477 0.0531820
6448.1229632719 0.0740610
6448.3358094467 0.0936700
6448.6274667918 0.0735650
6448.7889191612 0.0333300
6449.0129503407 0.0525620
6449.1763932449 0.0371670
6449.2776544459 0.0129070
6449.3525355605 0.0124880
6449.4601944800 0.0280820
6449.6878296278 0.0411820
6449.7843355514 0.0007970
6449.9162509868 0.0491640
6450.2963891005 0.1071950
6450.5344700545 0.0524190
6450.7711826410 0.0910950
6451.0323227894 0.0356200
6451.4051589421 0.0174410
6451.5884381754 0.1289960
6452.0405576259 0.0478620
6452.3618879433 0.0381470
6452.7896358474 0.0176580
6453.0509570451 0.0372000
6453.2158053277 0.0563660
6453.3677801522 0.0809120
6453.4783518547 0.0088840
6453.5748207689 0.0390520
6453.7294673111 0.0550430
6454.0177837608 0.0293790
6454.4362301672 0.0992690
6454.7166665003 0.1004160
6455.0009178584 0.0744070
6455.3152602999 0.1097060
6455.8690080529 0.0821440
6456.0706532209 0.0773070
6456.2683853378 0.0676710
6456.4687941737 0.0929570
6456.7382715637 0.0568560
6457.0265480037 0.0558770
6457.7691794983 0.0588540
6457.9623453889 0.0207750
6458.0557984935 0.0279650
6458.1899945430 0.0534240
6458.3266432513 0.0535600
6458.5774456252 0.0688220
6458.9156504784 0.1173300
6459.2906902269 0.0437500
6459.4360972883 0.0488280
6459.6496616591 0.0643920
6459.9323716049 0.0340850
6460.0777466577 0.0391660
6460.1741635587 0.0679520
6460.3856153622 0.0885680
6460.8300137437 0.0814510
6460.9868598783 0.0360580
6461.1768469158 0.0798380
6461.5158999980 0.0769790
6461.7103392316 0.0376640
6461.9156983988 0.0520810
6462.5743923492 0.0637590
6462.7034030064 0.0502590
6463.0716009188 0.0675180
6463.4588949613 0.0331840
6463.6033777751 0.0205530
6463.7084950138 0.0323810
6463.9886362710 0.0350830
6464.3508745830 0.1228430
6464.9809778547 0.0393410
6465.1413549387 0.0606120
6465.3760449864 0.0478100
6465.5570916231 0.0564060
6465.7663228316 0.0666850
6465.8906222237 0.0249160
6466.1544631027 0.0389690
6466.4360147397 0.0853020
6466.8855695099 0.1018580
6467.1413002105 0.0652510
6467.4596877436 0.0272140
6467.5802811404 0.0436770
6467.9626828708 0.0588390
6468.0730175117 0.0347720
6468.4314978160 0.0632230
6468.6015014869 0.0374170
6468.9493909462 0.0210050
6579.8744663650 0.0540520
6580.2614513810 0.0580260
6580.5256433920 0.0647090
6580.7512840411 0.0751780
6580.9644983503 0.0453230
6581.0949594165 0.0063230
6581.8292287787 0.0235700
6581.9482377668 0.0104060
6582.0545003289 0.0231570
6582.1649700218 0.0345690
6582.2634024793 0.0177970
6582.4139499447 0.0460180
6582.7610512416 0.0816400
6582.9801261265 0.0419330
6583.1283059556 0.0250730
6583.3379473050 0.0523090
6583.5584225664 0.0348760
6583.6649191916 0.0498510
6584.0026399676 0.0605060
6584.2470946747 0.0949590
6584.4173564395 0.0729800
6584.6782135555 0.0682500
6584.8438630807 0.0192730
6584.9949857011 0.0830600
6585.3412797821 0.0292360
6585.4653631347 0.0342410
6585.5906668153 0.0194560
6586.2568058686 0.0450990
6586.4893363712 0.0747640
6587.1339176306 0.0465030
6587.6265500474 0.0420620
6587.8206402178 0.0621400
6587.9901727873 0.0583410
6588.1169458633 0.0350280
6588.3153892040 0.0079210
6588.4451410807 0.0636150
6588.6596177311 0.0380530
6588.8284961250 0.1004150
6589.0746372868 0.0519720
6589.2780979763 0.0494610
6589.5121818974 0.1040560
6589.7114454588 0.0338270
6589.8560223207 0.0645260
6589.9757254966 0.0043890
6590.1761373668 0.0581180
6590.4002696131 0.0538910
6590.5923962564 0.0726050
6590.8661288353 0.0741720
6591.0680661158 0.0981080
6591.2301726898 0.0729450
6591.5466157495 0.0104980
6591.6887609580 0.0240400
6591.8129843492 0.0298670
6592.0172952680 0.0076280
6592.3130357631 0.0721030
6592.4326629189 0.0125060
6592.6123962313 0.1054910
6592.7607831178 0.0194890
6592.8960274717 0.0249280
6593.0472281146 0.0693690
6593.2262572378 0.0516120
6593.3979583914 0.0908220
6593.6852336115 0.0760060
6593.8377686132 0.0184470
6594.1326728842 0.0144220
6594.5253714426 0.0406590
6594.7390198720 0.1167880
6594.9573175511 0.0107370
6595.0875825668 0.0315180
6595.2611992357 0.0637490
6595.5087117680 0.0279810
6595.6802038658 0.0980240
6596.1177624836 0.0290880
6596.6347954648 0.0261570
6596.7607173133 0.0212960
6596.8540544029 0.0154220
6596.9751319492 0.0337150
6597.1489906835 0.0367610
6597.2946298322 0.0517110
6597.5654536314 0.0860410
6597.7060584269 0.0159980
6597.8757000278 0.0562130
6598.0278679316 0.0391300
6598.4591698688 0.0833610
6598.7508552761 0.0723130
6598.8985679825 0.0159460
6599.0774370640 0.0393960
6599.2215157936 0.0339650
6599.3255767661 0.0327450
6599.4574602175 0.0331530
6599.7084456847 0.0445090
6599.9322568473 0.0821560
6600.1767345652 0.0484420
6600.3417449217 0.0468470
6600.4710986933 0.0278120
6600.6798147983 0.0276710
6600.9231522100 0.1185470
6601.8577974531 0.0353300
6602.0550134671 0.0362600
6602.2795218177 0.0667890
6602.5153902221 0.0351360
6602.7404487207 0.0212840
6603.0791627715 0.0084220
6603.5903741920 0.0239200
6603.7158189133 0.0737960
6603.9614619457 0.0788450
6604.5538631918 0.0589250
6604.6688461010 0.0622800
6604.8628002388 0.0370750
6605.2608682458 0.0449910
6605.5784046046 0.0654360
6605.8122094552 0.0610490
6606.1281553868 0.0408670
6606.2844063897 0.0312670
6606.3979869221 0.0257910
6606.7657577854 0.0621850
6606.9108097779 0.0544420
6607.1922614372 0.0246690
6607.3120336342 0.0709970
6607.7705018790 0.0236410
6607.9530429495 0.0505260
6608.2695850421 0.0576740
6608.9463699754 0.0726310
6609.1354458029 0.0336420
6609.2518680996 0.0411840
6609.3980774037 0.0287230
6609.6322863640 0.0756590
6609.8359641169 0.0377800
6610.0493654837 0.0227930
6610.1716383533 0.0718320
6610.3383451678 0.0733390
6610.5717049001 0.0322440
6611.4747326545 0.0521590
6611.6280598725 0.0263990
6611.7543818308 0.0386030
6611.8960089035 0.0306980
6612.2610150259 0.0321320
6612.4465358985 0.0725320
6612.6525232730 0.0463690
6613.0309580057 0.0549640
6613.1858306394 0.0504720
6613.5338752026 0.0357120
6614.1017418601 0.0223600
6614.2541358276 0.0514310
6614.4321806908 0.0423810
6614.8470312139 0.0143270
6615.3754862773 0.1008370
6615.6241651291 0.0408270
6615.8099460723 0.0537600
6616.7007525470 0.0229060
6616.8427647241 0.0439610
6617.0461814086 0.0488840
6617.1851347634 0.0495630
6617.5604496595 0.0448940
6617.7322878549 0.0327370
6617.9168094600 0.0677630
6618.3538479496 0.0958130
6618.5933313303 0.0611580
6618.8335839179 0.0771060
6619.0588844860 0.0632930
6619.3124886630 0.0773310
6619.5032779534 0.0140290
6620.2317087800 0.0324220
6620.3833785539 0.0554740
6620.5164723341 0.0225520
6620.6676389728 0.0500570
6620.9382357186 0.0472690
6621.1583748996 0.0494190
6621.4101845949 0.0213290
6621.5355633011 0.0139300
6621.6303547844 0.0615230
6621.8762118796 0.0576240
6622.0483831654 0.0270540
6622.2006751070 0.0371560
6622.3756441450 0.0261410
6622.9218599878 0.0830730
6623.2473534926 0.0040670
6623.6132368558 0.0569050
6623.8917497306 0.0159460
6624.0185048072 0.0058020
6624.1842203579 0.0625910
6624.3628933921 0.0301450
6624.6451812821 0.0559820
6624.9253936142 0.0461210
6625.0708427166 0.0268180
6625.2711075558 0.0609310
6625.6714371804 0.0720580
6626.1757327555 0.0582760
6626.3532464785 0.0461580
6627.1498366350 0.0426460
6627.3545736769 0.0386420
6627.8252962272 0.0379000
6628.0557731893 0.0381300
6628.2373229977 0.0386380
6628.3929308319 0.0378850
6628.8966812620 0.0326390
6629.2742777767 0.0131780
6629.4935807351 0.0661280
6630.8234302593 0.0644620
6630.9896509472 0.0599680
6631.5221190996 0.0387100
6631.8312542097 0.0604000
6632.5478178564 0.0424940
6632.7032606470 0.0589830
6632.9637166703 0.0422910
6633.5793251762 0.0163550
6633.7495859507 0.0394800
6634.0157265026 0.0418900
6634.1634222106 0.0561140
6634.3427154137 0.0142670
6634.4351032522 0.0439060
6634.6008768206 0.0562040
6634.8401841586 0.0729060
6635.0709522009 0.0244660
6635.2203873767 0.0390280
6635.3985872861 0.0361320
6636.2209093692 0.0582480
6636.3398583490 0.0242310
6636.7709962618 0.0226170
6637.1346160223 0.0510980
6637.5767758988 0.0210530
6637.8341340907 0.0307950
6638.1615361143 0.0420740
6638.3382136149 0.0229890
6638.4850831016 0.0236520
6638.7299279295 0.0099350
6639.2380325365 0.0397430
6639.4033909942 0.0211650
6639.7149467580 0.0369910
6639.9483885205 0.0492720
6640.1690308418 0.0491540
6640.5230620257 0.0550930
6640.6624364977 0.0351180
6640.9240188262 0.0643980
6641.0696969930 0.0419660
6641.3035348623 0.0298950
6641.4747048829 0.0451670
6641.6840671719 0.0673630
6641.9304934259 0.0480370
6642.5573569643 0.0130920
6642.6863896561 0.0390120
6642.9874686043 0.0139810
6643.3957453740 0.0581390
6643.8134136689 0.0036460
6643.8894401095 0.0424320
6644.1755570355 0.0254010
6644.3339066097 0.0233800
6644.4454856091 0.0411360
6644.7120922897 0.0802010
6645.0135483400 0.0704720
6645.1488517181 0.0214640
6645.4635893396 0.0809790
6645.6408329940 0.0398050
6645.7926458110 0.0156090
6645.9184446337 0.0218030
6646.0681788919 0.0292000
6646.5137706958 0.0904200
6646.6839944630 0.0068190
6646.9047988296 0.0691780
6647.0185234062 0.0071100
6647.2170847926 0.0775230
6647.9819264326 0.0699010
6648.3132485141 0.0106290
6648.7058690769 0.0601470
6648.8706953933 0.0170690
6649.0846509191 0.0370530
6649.2252587240 0.0247450
6649.3630637754 0.0322960
6649.6106083323 0.0265680
6649.8340384057 0.0754110
6650.6941246564 0.0287360
6650.8207146927 0.0176240
6650.9214177687 0.0115210
6650.9931990686 0.0067590
6651.3762180510 0.0272480
6651.7345934077 0.0367990
6652.3528006259 0.0213050
6653.2716996924 0.0136920
6653.5412531680 0.0687530
6653.7348852305 0.0583230
6653.9556815968 0.0638050
6654.4863692849 0.0286570
6654.8112926485 0.0764650
6655.0274237607 0.0286730
6655.1213550164 0.0482820
6655.2341793521 0.0236460
6655.4790942036 0.0780220
6656.0172809089 0.0256860
6656.1681464731 0.0351050
6656.3382692151 0.0644420
6656.5607640387 0.0416300
6656.7817944686 0.1061110
6657.0974733475 0.0600610
6657.2672900073 0.0666880
6657.5853495264 0.0137320
6658.0012513533 0.0754050
6658.1206254504 0.0137050
6658.3241531747 0.0887940
6658.6266205018 0.0793550
6658.9118171852 0.0233950
6659.1704017133 0.0515000
6659.5182802509 0.0228440
6659.6602684287 0.0063980
6659.7987466628 0.0599620
6660.0225288334 0.0411730
6660.3631184115 0.0122220
6660.4582689957 0.0383500
6660.7346273033 0.0286870
6660.8334668794 0.0234460
6661.0483216500 0.0262790
6661.2480053413 0.0957080
6661.5100528012 0.0795340
6661.7965308302 0.0676700
6661.9813065132 0.0330260
6662.2470479666 0.0634970
6662.3648086305 0.0679510
6662.5155791702 0.0580460
6662.6271581720 0.0247000
6662.7621364655 0.0236930
6662.9912590729 0.0916630
6663.3036210621 0.0141180
6663.4769586699 0.0182280
6663.5884676530 0.0685620
6663.8015899584 0.0867450
6663.9273977863 0.0154840
6664.1178950082 0.0195520
6664.2499305106 0.0685940
6664.3776978654 0.0566560
6664.8428199303 0.0104070
6664.9534846865 0.0684740
6665.0825163814 0.0041270
6665.2593019167 0.0694410
6665.4829510530 0.0671300
6665.6633225526 0.0655830
6665.8041294138 0.0464040
6666.1788251648 0.0283200
6666.4113116777 0.0599040
6667.2428762759 0.0976230
6667.5617010045 0.0576370
6667.7864144276 0.0327510
6667.9028317310 0.0209540
6668.0353423618 0.0733020
6668.2384459744 0.0490890
6668.5262673668 0.0478980
6668.6963511007 0.0148690
6668.8711911136 0.0886280
6669.1974438401 0.0779440
6669.3365822532 0.0220020
6669.4851462008 0.0227800
6669.5968452358 0.0207410
6669.7444009123 0.0674950
6669.8596368984 0.0249170
6670.4291330316 0.0467420
6670.8727733234 0.0506490
6671.0457058238 0.0342580
6671.2683146819 0.0836180
6671.4511608482 0.0444460
6671.5880486565 0.0741070
6671.8240261095 0.0056880
6672.3223371027 0.0651450
6672.5616154435 0.0977620
6672.7494739578 0.0243080
6673.4193940965 0.0758260
6673.5504253304 0.0654300
6673.8528496512 0.0325580
6674.2927929507 0.0156340
6674.5584053732 0.0940800
6674.7870338509 0.0353430
6675.8007834466 0.0134290
6676.0792623293 0.0522020
6676.2803574037 0.0409480
6676.4386359648 0.0635120
6676.7483192386 0.0664400
6676.8791364154 0.0554260
6677.0435736326 0.0374050
6677.2004338124 0.0444090
6677.3583922875 0.0273960
6677.6430948443 0.0392360
6677.8423264180 0.0871570
6678.1311740896 0.0796730
6678.3462369204 0.0616820
6678.5973554467 0.0753470
6678.9881085212 0.0679920
6679.2150725524 0.0314660
6679.3852693189 0.0589700
6680.1582031636 0.1176320
6680.3520172810 0.0187330
6680.6713051390 0.0765020
6680.8671287969 0.0600500
6681.2269855642 0.0054290
6681.3977004704 0.0775750
6681.5512187523 0.0110680
6681.7104195624 0.0077400
6681.8383919749 0.0353840
6681.9847863412 0.0757380
6682.2591671240 0.0063570
6682.9246240699 0.0309050
6683.0864555876 0.0394260
6683.4723383545 0.0358940
6683.6992133630 0.0488200
6683.8843161387 0.0485810
6684.1497055041 0.0340000
6684.2514258576 0.0293000
6684.4573262261 0.0340400
6684.5878113147 0.0455280
6684.7583481737 0.0408740
6684.9338803759 0.0315160
6685.1986355712 0.0772420
6685.5301027061 0.0506360
6685.7075674282 0.0427440
6685.8716885621 0.0429340
6686.1577404846 0.0993540
6686.3328965860 0.0280060
6686.7063970245 0.0139380
6686.8329460550 0.0197160
6686.9311094523 0.0206210
6687.0902652512 0.0259890
6687.1991675364 0.0533050
6687.6261033448 0.0528380
6687.8932731902 0.0407020
6688.2862188585 0.0218260
6688.3909320172 0.0241040
6688.7537155747 0.0481280
6688.8530682921 0.0178200
6689.0194490342 0.0784850
6689.5100419618 0.0107430
6689.8451360737 0.0582150
6689.9838563777 0.0500320
6690.2824906851 0.0791680
6690.5613836839 0.0354470
6690.6998609227 0.1010270
6691.2614779508 0.0198910
6691.7902061349 0.0618800
6692.3706502267 0.0410930
6693.6212625400 0.0800800
6693.8809483746 0.0206610
6694.0234456950 0.0402910
6694.2530114298 0.0626550
6694.4486780486 0.0740220
6694.6674818895 0.0467980
6694.9234897354 0.0777910
6695.2695537994 0.0318050
6695.6452028195 0.0837800
6696.1400999084 0.0632910
6696.3702147915 0.0526630
6696.4759632296 0.0026780
6696.5801052358 0.0320470
6696.7139632333 0.0654360
6696.9191564145 0.0391210
6697.4762682351 0.0359760
6697.7316929250 0.0531150
6697.9541567509 0.0808250
6698.1187770214 0.0241050
6698.7698391084 0.0897740
6698.9649085675 0.0738690
6699.0918857150 0.0342740
6699.3387891137 0.0936550
6699.6161547046 0.0866070
6699.9188771148 0.0848970
6700.3768732823 0.0194430
6700.4988710909 0.0471190
6700.6730449310 0.0468080
6700.9704409091 0.0582340
6701.0852277785 0.0257270
6701.2370316029 0.0323030
6701.4165268742 0.0584510
6701.5593912946 0.0625310
6701.7572825132 0.0150160
6702.0171433974 0.0752950
6702.2089029672 0.0300000
6702.3692510895 0.0420610
6702.8167654395 0.0615240
6702.9247074684 0.0044730
6703.2328203293 0.0298120
6703.3284990602 0.0326430
6703.9282973646 0.0174710
6704.2227975650 0.0500150
6704.3237527151 0.0489010
6704.5715033432 0.0792190
6705.1518274112 0.0515110
6705.3629421869 0.0744990
6705.5751192483 0.0509840
6705.7447898784 0.0324380
6706.1495957444 0.0468040
6706.4101218087 0.0856180
6706.5312613873 0.0251470
6706.6836493697 0.0590680
6706.9015569726 0.0229300
6707.0073364204 0.0353060
6707.1696480717 0.0203460
6707.4980864003 0.0485180
6707.7332206363 0.0482440
6707.8450397085 0.0236220
6708.4589528119 0.0632400
6708.6216485668 0.0716160
6708.9975356567 0.0919030
6709.3355955737 0.0897510
6709.6268969156 0.0462480
6709.7876111378 0.0783910
6710.0181131286 0.0352470
6710.2434777378 0.0784980
6710.5507363716 0.0713560
6710.7435772340 0.0290840
6711.1488802360 0.0537540
6711.3555648217 0.0584950
6711.5452098248 0.0616190
6711.8545730250 0.0499960
6712.1257939674 0.1028790
6712.4274741015 0.0239940
6712.6535639064 0.0726030
6712.8742002446 0.0516250
6713.1077200479 0.0498080
6713.3657794509 0.0787660
6713.6083786961 0.0563750
6713.8252390191 0.0171920
6713.9406720639 0.0681730
6714.4768582675 0.0284540
6714.6476772082 0.0780190
6715.0462393990 0.0856240
6715.2044869588 0.0278210
6715.4052649569 0.0334070
6715.9388314569 0.0329910
6716.4931985513 0.0264370
6716.6211509636 0.0331580
6716.7433748352 0.0658100
6716.9345282452 0.0581400
6717.1227258603 0.0191660
6717.2787518229 0.0661920
6717.5978466424 0.0622960
6717.7595441305 0.0457090
6717.8835164725 0.0410150
6718.0531040827 0.0026590
6718.6366940379 0.0406570
6718.7537945319 0.0026340
6718.8490691558 0.0273150
6719.2335585637 0.0343460
6719.5196475071 0.0584090
6719.9973159757 0.0449980
6720.1162099523 0.0354330
6720.3553952811 0.0219800
6720.9063334562 0.0346660
6721.0291474871 0.0439170
6721.2239288738 0.0468560
6721.4294141393 0.0374520
6721.5959979422 0.0288430
6721.9415788868 0.0620710
6722.1450256042 0.0457070
6722.3531105692 0.0338880
6722.4938764285 0.0336530
6722.6865452473 0.0450900
6722.8304949630 0.0914360
6723.5676972360 0.0471120
6723.8453349077 0.0055090
6724.3742001483 0.1015540
6724.8775055148 0.0533740
6725.0137651626 0.0452540
6725.1464348448 0.0103340
6725.3650976554 0.0308270
6725.8309609522 0.0760650
6725.9735423003 0.0300700
6726.1148132961 0.0296220
6726.2381514687 0.0443600
6726.4090784407 0.0572100
6726.7427331795 0.0674080
6726.8643068777 0.0232720
6726.9981018628 0.0478900
6727.1696620053 0.0541390
6727.5219767632 0.0655540
6727.7196779365 0.0564730
6727.8796649664 0.0784990
6728.0688298440 0.0307950
6728.4209335454 0.0220330
6728.6924465714 0.0221170
6729.1294130978 0.0508100
6729.5114548519 0.1119430
6729.7438283512 0.0732600
6730.2313164665 0.0589680
6730.3754022200 0.0298550
6730.5356253139 0.0699660
6731.2203784864 0.0294100
6731.3825751113 0.0320880
6731.5024723591 0.0440260
6731.7033073763 0.0501860
6731.9814581886 0.0489620
6732.4754460533 0.0768500
6732.6149295694 0.0104600
6732.7241649497 0.0321640
6732.8274577318 0.0110260
6733.0183590775 0.0565620
6733.1735578204 0.0303240
6733.2912554769 0.0514750
6733.8231615411 0.0548960
6733.9535636147 0.0366170
6734.1320596240 0.0772160
6734.2679081626 0.0038910
6734.3712259515 0.0234640
6734.4522757512 0.0052450
6734.7117375376 0.0775530
6735.2073328362 0.0197050
6735.3169793275 0.0212620
6735.5058921388 0.0746590
6735.7606586627 0.0503160
6735.8955129342 0.0667420
6736.0911795622 0.0403740
6736.4032144896 0.0408990
6736.5697442808 0.0718070
6736.7903696221 0.0860260
6736.9685055351 0.0545620
6737.1113089448 0.0322510
6737.2286134961 0.0488480
6737.7309025965 0.0702380
6737.8914837880 0.0294510
6738.1887127337 0.0313960
6738.3160559853 0.0390900
6738.5614109785 0.0230830
6738.6978596793 0.0757030
6738.8646825498 0.0691900
6739.0146778942 0.0744670
6739.2829600544 0.0878740
6739.4974237390 0.0181040
6739.6811811646 0.1018460
6739.8727556928 0.0662460
6740.0074349177 0.0037810
6740.1620745115 0.0862030
6740.3161449522 0.0676330
6740.4404363832 0.0370120
6740.7553820951 0.0818460
6740.9512087673 0.0404580
6741.1174834907 0.0547400
6741.5563605372 0.0887110
6741.7695788874 0.0854420
6741.9732276637 0.0451670
6742.1417599946 0.0744780
6742.4481834148 0.0491230
6742.5663161896 0.0714340
6742.7681794858 0.0483160
6742.8707760818 0.0555380
6743.0445788305 0.0207910
6743.1710308430 0.0406280
6743.3144304140 0.0438720
6743.4480583568 0.0489670
6743.6018147136 0.0808410
6743.8159723169 0.0523460
6743.9678841777 0.0616750
6744.1310050534 0.0685250
6744.2973267901 0.0217790
6744.4115235064 0.0883990
6744.7076401551 0.0671890
6744.9822680239 0.0662600
6745.1088010585 0.0562490
6745.2544412325 0.0536210
6745.4841990324 0.0627800
6745.6727767557 0.0188600
6745.8298089941 0.0898560
6746.0951293597 0.1070300
6746.2912411097 0.0878810
6746.3938917206 0.0319470
6746.5397709591 0.0573410
6746.9027916043 0.0568740
6747.0863899886 0.0802620
6748.0041838575 0.0088160
6748.2015239383 0.0546180
6748.6921939196 0.0863600
6748.9972999877 0.0151750
6749.0887205782 0.0273250
6749.2121127686 0.0465540
6749.8333358670 0.0237340
6749.9588966407 0.0590310
6750.1592545337 0.0576290
6750.3596114265 0.0276450
6750.5013325472 0.0146010
6750.6043512576 0.0357300
6750.8890398343 0.0463460
6751.2335795102 0.0617880
6751.4014486645 0.0224730
6751.5231874104 0.0136440
6752.2662322788 0.0766800
6752.5551399910 0.0564110
6752.6654796709 0.0663090
6753.1388229939 0.0295610
6753.2918381530 0.0151180
6753.4150082842 0.0487950
6753.8773806566 0.0632690
6754.0772084079 0.0846220
6754.3274777274 0.0415700
6754.9800762690 0.0482350
6755.2432590623 0.0616150
6755.5068299601 0.0767020
6755.8944242191 0.0906220
6756.1837900556 0.0753090
6756.4273065593 0.0732460
6756.7494712186 0.0066790
6756.8355923844 0.0067320
6757.3660630765 0.0308290
6757.5139108463 0.0484780
6757.6978263181 0.0537080
6757.8701706774 0.0344440
6758.0540581417 0.0793220
6758.2302825448 0.0901370
6758.7619335552 0.0659450
6759.0747527015 0.0422820
6759.3727058490 0.0634730
6759.9683170650 0.0964700
6760.3037002814 0.0568840
6760.6054114402 0.0845380
6760.8764643522 0.0586860
6761.0216574085 0.0433570
6761.5762205838 0.0166880
6761.9690782612 0.0366140
6762.0829909034 0.0175920
6762.2549461588 0.0279250
6762.4541147346 0.0318920
6762.5464545738 0.0345290
6762.6891849679 0.0321160
6762.8310891398 0.0402430
6763.2212160832 0.0599340
6763.4546098657 0.0533760
6764.0460639662 0.0704560
6764.2223243801 0.0586320
6764.3929572803 0.0403500
6764.7524529845 0.0195210
6765.0522976427 0.0647230
6765.3828775689 0.0720210
6765.6667459297 0.0736850
6766.5805017313 0.0673680
6766.7943252503 0.0785660
6766.9262787461 0.0015970
6767.3123315953 0.0923330
6767.6996977979 0.0889660
6767.9659324159 0.0916740
6768.2167168779 0.0338970
6768.3201426998 0.0226290
6768.4668851741 0.0637130
6768.6094875347 0.0709540
6769.2686648564 0.0510260
6769.5871895412 0.0822780
6769.7644402226 0.0392840
6770.1021720744 0.0503500
6770.2483804053 0.0094140
6770.5965110546 0.0459290
6770.8172144252 0.0360620
6770.9599038096 0.0231730
6771.5993918365 0.0718510
6771.7839204761 0.0292360
6771.9943370798 0.0442960
6772.2814283097 0.0642650
6772.4411742827 0.0624430
6772.6652565627 0.0677800
6773.2344766881 0.0176700
6773.4410982712 0.0534190
6773.5937823447 0.0305620
6773.7305911476 0.0553780
6774.0071285390 0.0491760
6774.1427070110 0.0147820
6774.6345013088 0.0164060
6774.8231470566 0.0685320
6775.0716228994 0.0639820
6775.3554382490 0.0775540
6775.6390765510 0.0360850
6775.9271900571 0.0034430
6776.2370934249 0.0344350
6776.4440551003 0.0493310
6776.6401698577 0.0890710
6777.1982859984 0.0981160
6777.4223252680 0.0406550
6777.5419184403 0.0707240
6777.8779928491 0.0335680
6778.3869477655 0.0341060
6778.9264899106 0.0241110
6779.1373206273 0.0738040
6779.3486844876 0.0629610
6779.4728808984 0.0336340
6779.9602900195 0.0269050
6780.1479985162 0.0328200
6780.3916060508 0.0089440
6780.6505197031 0.0508930
6780.9011611301 0.0820620
6781.1955363223 0.0611160
6781.4453425247 0.0037820
6781.6689146697 0.0560140
6781.8609083196 0.0276750
6782.1701575135 0.0489910
6782.3180422974 0.0432710
6782.5599533762 0.0324590
6782.7109089862 0.0149830
6783.5077433508 0.0496870
6783.6863764068 0.0386480
6784.0823609349 0.0411710
6784.3270107510 0.0385840
6784.4669573996 0.0041150
6784.6943535742 0.0335000
6786.0472025212 0.0722730
6786.2623223936 0.0388920
6786.4156806506 0.0475960
6786.7887630187 0.0241220
6786.9740378621 0.0256840
6787.2630986266 0.0377310
6787.6374333320 0.0439130
6788.0412379657 0.0679990
6788.3959573944 0.0468380
6788.7675713683 0.0086310
6788.9416181915 0.0365840
6789.1354693426 0.0649550
6789.4777314204 0.0446760
6789.7901984826 0.0440700
6790.0511296803 0.0135220
6790.2535401344 0.0143230
6790.3699054399 0.0462870
6790.6254801967 0.1025090
6791.0043581258 0.0813300
6791.4704175093 0.0432400
6791.5995272436 0.0298850
6791.9285127505 0.0494000
6792.1043560576 0.0486730
6792.3295816501 0.0519980
6792.6353709168 0.0319710
6793.0322276835 0.0709530
6793.1681602536 0.0397290
6793.2773946411 0.0214340
6793.5496798944 0.0168530
6793.7908817854 0.0262340
6793.9739920479 0.0399820
6794.4068264944 0.0458700
6794.5310069029 0.0593910
6794.6910669644 0.0266810
6794.8408532618 0.0157260
6795.1056354970 0.0119070
6795.3407247439 0.0249040
6795.7814903248 0.0430950
6795.9592611512 0.0331510
6796.1586848030 0.0548210
6796.3509315241 0.0083330
6796.4529619738 0.0536550
6797.1646264366 0.0734810
6797.4168402912 0.0298240
6797.8926753080 0.0791320
6798.1597451595 0.0449370
6798.4800683383 0.0303980
6798.6011769210 0.0268360
6798.8290572293 0.0689360
6799.0085445181 0.0208390
6799.1493023873 0.0141340
6799.3571493060 0.0936870
6799.5879443987 0.0358560
6799.7985340554 0.0540550
6800.3694386509 0.0575330
6800.5401675836 0.0464490
6800.7279230973 0.0318070
6800.8626053321 0.0207780
6801.0411193595 0.0670360
6801.1921920041 0.0595290
6801.3668239871 0.0486910
6801.6146086511 0.0154810
6801.7366124751 0.0042440
6801.8616961277 0.0780800
6802.0554432536 0.0583340
6802.3321326944 0.0674380
6802.7794980543 0.0324510
6802.9987470414 0.0349560
6803.1868156398 0.0706810
6803.7192178786 0.0302970
6804.1367582149 0.0398810
6804.3388265801 0.0624830
6804.7751539712 0.0027070
6805.2826465091 0.0817330
6805.4566883341 0.0059110
6805.6584306119 0.0117970
6806.0737723575 0.0261990
6806.2425947784 0.0512490
6806.6894089919 0.0116750
6807.1880641532 0.0628010
6807.8139905568 0.0489880
6807.9386610990 0.0185160
6808.4251970004 0.0416330
6808.6609384261 0.0582850
6808.8981022346 0.0658880
6809.5263292583 0.0375190
6809.7063016798 0.0413680
6809.9093693150 0.0063250
6810.0843603963 0.0257020
6810.2300726001 0.0221190
6810.3981858310 0.0427300
6810.5588410553 0.0476050
6810.8439077526 0.1106230
6811.4566846207 0.0502540
6811.5948697996 0.0435390
6811.9884296875 0.0335000
6812.1041918335 0.0407800
6812.3257154349 0.0347320
6812.8889379713 0.0401480
6813.3433002188 0.0142290
6813.5193605884 0.0790060
6814.3597737048 0.0571630
6814.7976965300 0.0786910
6814.9659998128 0.0422730
6815.2639049657 0.0810740
6815.5592644338 0.0973510
6815.8197625223 0.0845910
6816.0333930009 0.0459390
6816.1876775121 0.0661330
6817.0148010553 0.0251580
6817.6397862123 0.0757060
6818.1129395180 0.0220100
6818.8218942685 0.0321560
6819.4348071785 0.0295060
6819.5632137276 0.0402690
6819.8071533620 0.0042200
6820.5511935539 0.0386060
6820.8776133809 0.0452000
6821.0607516563 0.0436680
6821.3980093995 0.0693400
6821.5499172721 0.0207090
6821.7389951458 0.0168320
6821.8781755941 0.0364360
6822.0309877101 0.0265780
6822.1419115556 0.0545360
6822.4424494191 0.0624720
6822.6060974508 0.0743620
6822.8295775811 0.0541300
6823.0260484443 0.0227650
6823.5448970478 0.0752050
6823.7096283711 0.0250100
6823.8691062809 0.0204070
6824.1053398431 0.0833770
6824.2943176904 0.0587600
6824.8687152409 0.0118200
6824.9915893021 0.0473230
6825.1089628833 0.0379760
6825.3486703805 0.0414360
6825.7624767219 0.0325660
6826.4474480251 0.0584090
6826.5895332556 0.0262800
6826.7158512437 0.0290080
6826.8212386000 0.0541240
6827.0775855747 0.0299600
6827.1957903799 0.0393540
6827.6963590672 0.0860830
6827.9794852476 0.0712540
6828.1237560664 0.0270270
6828.2366034302 0.0056550
6828.3437832690 0.0475190
6828.5681206314 0.0759900
6828.9467255025 0.0980270
6829.1632677676 0.0607340
6829.4814343768 0.0785650
6829.7088955800 0.0732720
6829.8568723963 0.0289140
6830.0190900444 0.0265840
6830.7196145356 0.0564040
6831.0370739551 0.0598380
6831.1741808468 0.0279150
6831.5106773888 0.0907550
6831.7254381752 0.0603420
6831.8693819065 0.0194680
6832.1057255003 0.0779150
6832.2757032368 0.0118370
6832.4493709663 0.0455350
6832.5847063815 0.0326030
6832.7733991538 0.0268550
6832.9425976808 0.0548180
6833.1999189194 0.0597720
6833.4590806533 0.0140960
6833.7973286674 0.0912550
6833.9489684700 0.0250810
6834.1019406310 0.0592100
6834.2304682147 0.0402430
6834.7100282528 0.0490640
6834.8283760974 0.0534030
6835.0912928421 0.0285290
6835.2329999722 0.0442910
6835.4028566768 0.0444250
6835.8984250229 0.0769020
6836.0345526518 0.0547780
6836.2971683159 0.0856560
6836.5699487151 0.0742840
6836.7701165760 0.0599720
6837.0049567665 0.0140980
6837.5600691356 0.0791920
6837.9710317172 0.0472990
6838.1866937475 0.0421480
6838.8953844423 0.0663630
6839.3909557912 0.0224310
6839.5311085036 0.0113590
6839.6337921339 0.0221130
6839.7679302280 0.0411760
6840.0401564792 0.0646350
6840.2294874247 0.0695700
6840.4797737724 0.0841390
6840.7102867994 0.0981260
6841.0137274501 0.0977820
6841.5606076064 0.0285290
6841.6771149567 0.0059780
6841.8263521140 0.0696940
6842.0910423379 0.0557980
6842.3116076886 0.0511000
6842.5706243860 0.0982700
6842.7825514123 0.0987010
6842.9639512243 0.0321570
6843.0657306116 0.0171150
6843.2119429552 0.0232840
6843.3296366249 0.0216340
6843.5171890925 0.0640860
6843.6737862306 0.0411450
6843.7980546695 0.0273370
6843.9839947034 0.0495540
6844.1271102138 0.0574570
6844.3804983971 0.0387730
6844.9383235006 0.1022020
6845.6309958902 0.0279530
6845.8844450903 0.0997190
6846.1337871854 0.0428290
6847.0721716944 0.0550830
6847.4039409701 0.0791770
6847.8295815057 0.0149580
6848.3934102267 0.0307640
6848.6955125198 0.0596820
6848.9374426211 0.0672980
6849.5309103184 0.0064300
6850.1836919770 0.0650810
6850.9435244428 0.0949210
6851.3527305577 0.0766160
6852.1850805385 0.0481250
6852.4518783325 0.0228010
6852.6549209703 0.0123620
6853.0287295606 0.0308110
6853.2350280747 0.1059660
6854.2697685199 0.0100020
6854.4799300738 0.0126700
6854.6432260163 0.0514750
6854.8445771994 0.0498100
6855.5902788664 0.0792610
6855.7763949500 0.0108440
6855.8902505884 0.0193000
6855.9798787073 0.0053370
6856.1139367822 0.0387030
6856.2323056351 0.0079200
6856.4923026002 0.0361220
6856.8856244430 0.0518690
6857.5504973605 0.0733850
6857.8109404460 0.0644440
6858.1310715936 0.0814240
6858.3203335243 0.0393310
6858.4885147821 0.0506000
6859.0839510152 0.0676280
6859.2522943168 0.0309140
6859.4247697303 0.0775060
6859.7349181922 0.0971300
6860.3477401046 0.0300470
6861.0042017610 0.0413320
6861.2913450326 0.0375500
6861.9688563543 0.0838650
6862.2726831157 0.1021140
6862.8399867806 0.0448560
6862.9836614443 0.0513300
6863.1137514524 0.0357210
6863.2692512984 0.0437180
6863.4106983628 0.0447750
6863.7336122612 0.0067220
6863.9084993246 0.0601160
